#{"t_start": 1765814041.5972507, "env_id": "Reacher-v5"}
r,l,t-68.352548,50,0.333452--65.923224,50,0.488435----56.850053,50,0.72821--56.971587,50,0.375549---63.35457,50,0.60211
--59.478915,50,0.753258---65.147693,50,0.823314---59.952875,50,0.896233---59.321436,50,1.304593---65.541835,50,1.039209-66.322434,50,1.029427
-64.395538,50,1.105336---73.445644,50,1.02132-5-66.189816,50,1.246772-6----56.441729,50,1.58--6-5-51.715238,50,1.485-55-50.573467,50,1.32124-6--66.014625,50,1.63608-6-5-5-61.318131,50,1.8-62.418506,50,1.439798
-5--56.715957,50,1.60735-5-60.6-53.306199,50,2.0-5--60.-63.615489,50,2.1-6-5-59.613393,50,2.0523-6-58.373519,50,1.883181-6-6-69.050943,50,2.077--6-63-68.343886,50,2.45-68.899644,50,1.994544
--59-5-50.357562,50,2.58--55.4-67.025479,50,2.65--6--61.041734,50,2.546-54.-64.575429,50,2.498-62-65-57.657709,50,2.68-67-65.958773,50,2.51323-56.534859,50,2.478842
-65--6-61.531881,50,2.88-55--63.69626,50,2.8431--53-62.742637,50,2.9472--58.532-61.019566,50,3--64-60.--53.690205,50,3---6-57-66.511259,50,4.1---57.23-61.392325,50,4.---62-6-57.898399,50,4.2---56.753286,50,4.10501---53.15088,50,4.173488--52.7--58.133297,50,4.4--62--63.326737,50,4.471--62.2-60.133076,50,4.81--58.040345,50,4.470345--65.6-58.246644,50,4.9-6-62.8-61.331612,50,5.----61.753936,50,4.80996--5-59.2-65.073748,50,5---55-57.-59.040141,50,5-5-6-6-58.283587,50,5.47--54-53.80851,50,4.86591--62.225002,50,5.036883--53.331415,50,5.229852-6-60.-53.403897,50,5.42-4-4-61.054725,50,5.1529-5-54.-55.910922,50,5.74-5---5-57.69654,50,5.635-6-5-5-58.658452,50,5.8--6--54-50.163138,50,5.-5----64.624674,50,5.842----57.651105,50,5.67409-6---62.794352,50,5.9855--5-62.-53.607544,50,6.2-6--6-58.458062,50,5.77-61.-64--65.001946,50,6-5---66.116184,50,6.2591-54-60.5-67.12449,50,6.5-53-52.206673,50,6.40735-65-58--57.054804,50,6.6-6-5-57.275885,50,6.3171---60.3-60.070223,50,6.8--62.14-64.06038,50,6.87--60-52.280369,50,6.4261--66.3-68.996041,50,7-60-60.96-56.157495,50,7-6-63.386-68.780809,50,7-5-53.631509,50,7.941148-6-4-5-60.626649,50,7.77-5-60.895-60.263417,50,-57-46.549-54.651813,50-53-54.4284-58.701299,50-60-63.576365,50,8.3123-57.-58.-54.872881,50,8.-56.---68.33-63.873303,5-56.-47.2941-58.964911,5-62.-5-55.74-50.672828,5-55--54.3818-56.502309,5-60-56.73623-56.503795,5-66--49.884068,50,8.8014-58--62.3960-65.153412,-56.--54.5509-52.594928,-60.--58.39552,50,9.0163-58.-57.21865-59.347187,-56--55.142971,50,9.1603-52--57.421953,50,9.2330-5---57.08947-54.117589,-5-59.8-59.72-56.210738-50---64.210-59.523477,-48.---55.780984,50,9.28-55.--55.85-54.359136,5-58.--5-57.5-56.061377,5-57.---61.26-60.958818,5-54.7-6-58.953711,50,9.5-57.--56.741204,50,9.878-55.--69.737693,50,9.945-51.-5-57.007159,50,9.89-64.---59.79994-63.40469-53-5-5-49.539326,50,10.1-53--5-49.995996-58.71983-56-65.031148,50,9.95767--63.376342-57.-55.86908-6-57.-60.226219-54.57290-6-57.-5-58.4578-62.2806-57-5-5-55.503383,50,10.3-62-5-5-56.53048-55.71056-55-53--54.14589-59.0055,-56.16--61.-59.64749,50,1--52.--55.9641-57.525907,-51.70-58.828316,50,11.-59.4978--58.614-62.89894-51.999-62.028496,50,12.0-52.488002,50-47.615252,-59.32-59.724915,50,12.0-52.82074-57.98675-50.944-54.67383-53.8-52.920539,-51.8195--50.425748,50,12-55.11688,50,12.0-51.328-51.845837,50,12.153241
-58.18865-55.129-53.61993-62.8-54.039039,-58.91575-59.255645-57.060059,50,1-54.506869-51-53.426374,-54.60811--54.913215,50,1-50.2-53.--55.12-49.99341-59.6472-5-52.29-51.19688-46.4484-5-59.43-49.52633-52.270382-57.882054,50,1-68.4342-5-52.609001,50,1-56.56408,-47-54.095426,-61.65841-54.374547,50,13-53.750726,5-60.290954,50-60.137694-58-53.787307,5-57.01552-54.690611,50,13-45.7-56.-53.-54.641773,-50.03773-54.367217,50,1-46.525656--54.807616,50,-51.65823-5-54.-53.35825-54.676919-57.303844,50,1-59.158771-53.65-56.20370-59.266929-58.96-56.94566-48.230-51-58.143466,50,1-54.06353,-49.899399,50,-53.181543-51.321126,50,1-53.117526,5--50.41464,50-54.83450-49.399489,50,1--62.21529-57.664-46.8889-51.747015-56.49-50.74917-58.51880--54.173237,50,1-43.0860--43.66-53.111113-47.1926--49.02-51.69616,-56.847686,50,15.339745--52.0-50.162304,50,15.-51-44.7-44.969-47.305175-42-45.0-52.68-50.851974,-59-59.2-53.03-53.163263,-48--49.-47-55-59.312787,-52-55-56.80285,50,16.114-52-6-51.649669,50,16.190-48-4-52.992392,50,16.264-55-4-51.690-51.238815,50-49-5-50.-49.52106,50,16.-48-4-50.776975,50,16.475-58-4-5-54.305053,50,16.3-50-3-49.9818-50.864621,5-54--52.526949,50,16.6946-5-5-52.94658-56.05001-52.4-4-55-53.752629,50,1-47.3-5-50.057--52.2033-46.885-57.750171,50,16.6-46.940--57.82782-50.6180-60.710--56.09175-52.4100-52.91---48.3760-56.44609-47.03---47.8861-46.7358-51.49--49.8628-55.214738-47.71--50.459318,50,17.3-53.62--51.30181,50,17.44-52.72-49.944209,50,17.51-55.49-54.634129,-55.4075-52.2-52.740502,-57.91585-46.4-54.390719--48.72161-57.-43.535201,5-51.73095-52.-50.023-50.522703,50,-55.-49.351-56.664805,50,-58.-48.64197--5-55.406-48.3-53.1524,50,18.06256-49-51.-45.634115,50,17.7-56-45.91648-54.42-39.729-49-49.354454,50,18.27249-52-5-45.847-53.449723,50-51-5-56.045-46.058743,50-44-50.91212,50,1-42.4356-5-55.83209,50,19-60.6443--48.290122,50,19-42.0506--48.197971,50,1-44.6910-4-41.174711,50,1-48.8576-4-50.564511,-46.-44.542-50-44.61856,5-49.068117-44-45.643881,5-43.-41.5-38.-47.344209,50,19-50.-48.0-55.136474,50,19.953-47.1-43.1032-42.364569,5-44.2-50.333652,5-46.-52.-43.6-45.153903,-49.20930-48.2-51.291208,50,20.243-50.7-48.277429,50,-51.37-46.3-44.463717-52-49.442-49.9-41.07807,50-47.7997-49.-56.97567,50,-41.2884-46-44-41.466127,50,20.-54.5-47.634126,50,-51.85-47.7-51.597337,50,-45.98-51.4-49.632073,50,-48.77-44.1-50.738308,50,-41.93-48.1-46.499343-50.-56.31-50.3-53.669727,50-49.638-45.6-4-47.8954-41.338655-44.2-4-50.2773-40.12656-53.0-54.058176,5-48.8113-45.8-40.182962,-41.3719-50.94-42.160812,5-45.528-52.22-54.489228,50,21.49-56.29-45.802972,50,21.56-45.09-53.030745,5-48.01-45.65--46.234408,--49.54-50.51--43.808039,50,21.7-53.242-50.473986,5-48.3-40.160--47.967843,5-48.5-47.36-5-48.-48.246736,50-51.52-4-38.503,50,22.065-44.3-53.94-44.905026,50,-50.2-53.404849,50,23.077-42.1-52-41.620038,-46.-45.310-46.743376,50,2-43-42.908-45.390837,50,2-47.328514-43.242783,50,2-48.80934,-48.793107,50,-35.85224,5-49-56.38328,-45.541473,--47.-37.7740-41.000873,5-43.754699,50-51.32351,5--46.332505,5-50.82609,5-4-50.805601,-46.980741,5-4--45.412941-42.416782,5-3-47.75753,-34.134151,5--46-42-37.62-47.913855,5-36.443777,50-42.272905,5-44-45.40977,-42.304102,5-41.831666,5-39.559907,50-51.088663,5-49.335162,50-46.766005,5-44.614262,-4-49.899535-5-41.576538,-4-4-40.-46.71-50.962522,-4-44.3952-47.-47.313663,---44.805243-4-38.490244,---42.6104-51.-47.555914,--52.23645-40-46.465363,-42.608589,50,-51.190772,-47.787459,50,-36.762549,-48.750518,5-5-39.281019--39.206033,50--47.92449-4-36.58534-47.8-48.8390-42-47.257616,5--44.201865,5-45.832196,50-45.08210-44-48.747617,5--45.6332-49.-50.28-53.417-49.5228-33.-41.468478-4--45.9044-42.-47.-49.89632-40.52-45.7176-4-49.56738-51.9-47.540-46.6228-5-39-45.-45.662--40.8487-36.6-4-39.70328--44.052216,50-4-37.382558-38.0370-49.3-4-43.84709--4-52.9--48.3--42.48005,--35.659-46.54-41.402805,--36.74-42.033-43.597738,5-38.62-39.128-42.294553,--34.593773,50-38.382525,--52.087768,--45.364389,5--46.308744,-41.248152,50-50.48-45.8-4-46.080232,--34.954-41-3-41.155359,5--45.216-42-43.298297,50,-39.42-42.2-44.12182,50,2-39.32--37-32-36.874409,5-37.4-5-42-36.277908,50,2-40.95-33.-49-41.89863,50-41.2--44-43-40.111771,50-35.5839-39.-48.216373,5---36.895-36.-38.802937,5-37.278-4-41.-46.045057,-32.765-45-34.-33.034408,-36.2843-4-42.-38.185301,-46-38.754-50.-34.207491,-33.9--41-47.-49.972304,5-40.34-46-39.-46.22862,50-38.50922-42-34.678803,5-53.9-4-3--36.48484,50,28--34.96-4-40.942763,50,28--40.93-3-44.662962,50,28--43.8823-47.478885,50,28--47.---5-33.696267,50,28-43.272-4-41.999441,50,28-45.00802-40.627632,50,29-36.9936--44.278567,50,29-42.7261-43.726469,50,29.-34.3-40--34.985304,50,2-45.0-41.--35.473766,50,2-41.5-39.-50.274409,50,29-44.-43.5-39.523829,50,29-42.-44.5-45.722202,50,29-39.21242-45.281298,50,29-43.1866--45.467206,50,29-43-38.5-41.979277,50,30-40.1-4-4--36.223896,50,3-36.-35.0--36.033894,50,-39.243-4-3-38.557268,50,-4-4-41.6-4-36.257017,50,--39-37.3-3-38.22739,50,3-36.-43-32-37.540587,50,3-41.018-42.934698,50,30.9-43.-33-35-33.941755,50,3-40.351-37-47.272055,50,3-36.-3--46.771556,50,31.1-40.-27-3-48.716701,50,31-38.-3-39-43.901891,50,31-41-40-3-39.46101,50,31.5-33.90--37.25935,50,31.6--39.-3-32.291763,50,31.7-41.2-3-47.846078,50,31.---34.63-43.418644,50,31.8-40.-35-32.907207,50,31.--38--3--34.199785,50,31.-45.--4--43.334932,50,32.-37.2-4-39.191604,50,31.-38.2-36-33.228585,50,32-39.5-3-40.86768,50,32.25-2-38.-36.481568,50,32.32-35.---35.063092,50,32.4-40.06--4-32.602636,50,32-39.90-43-42.990123,50,32-37.-37.694514,50,32.6143-39.-41.906353,50,32.6850-4-3-38.-33.44582,50,32.5-44.-45.691477,50,32.8241-36.-42.769699,50,32.88-38.25-49.893074,50,32.95-36.58-42.912579,50,33.02-39.61-40.544826,50,33.08-43.-3-40.182983,50,33.15-37.-4-34.533259,50,33.22-42.-3-3-36.791478,50,33-40.497-37.668477,50,33.-27.97-3--33.251457,50,33-40.50--34.63374,50,34.29-35.02-39.437973,50,34.36-35.91-32.65994,50,34.438-36.0-30.07652,50,34.5038-39.-37.045201,50,34.5721-37.-37.89265,50,34.64257-36-38.559039,50,34.70181-24-35.829404,50,34.7656-28.-31.99214,50,34.8325-32.-35.350204,50,34.9009-39-34.646581,50,34.97413-34-31.76486,50,35.040149-3-32.2592-39.495095,50,3--28.329873,50,35.171545--32.908517,50,35.238799--41.042113,50,35.307204-3-38.342174,50,35.3744-34.-38.65995,50,35.43844-37-29.880222,50,35.50471-29-35.420767-36.367206,5-28-39.748811-35.17717,50-39-38.015515,50,35.70971-42-28.137991,50,35.77163-32-37.203348,50,35.83774-33-38.287976,50,35.90077-33-31.808168,50,35.96924-35-39.300788,50,36.03821-32-38.537215,50,36.09643-32-40.454169,50,36.15639-3-38.601-34.87679,50,36.--40.049-34.569304,50,36.--34.330-43.0312,50,36.15--35.953503,50,36.412768--29.368721,50,36.474625--35.-38.606766,50,36.34---38.282635,50,36.600602---35.274024,50,36.668938---37.810343,50,36.723802---3-41.574416,50,36.6051-3-35.276995,50,36.86922--4-28.602358,50,36.93615--3-35.307115,50,37.86145--3-31.242908,50,37.9265---3-34.069752,50,37.9912--29-33.980076,50,38.0626---3-36.212133,50,38.1341--33-36.158637,50,38.1998-37.-31.432907,50,38.266--31.-32.217643,50,38.32-3--26-35.691474,50,38.38-4--33-35.244808,50,38.44-28-31-26.632341,50,38.51-28.1--25.179148,50,38.57-30.7--28.046826,50,38.65-22.9-34.489769,50,38.525-3-38--33.700856,50,38.78-3-33--32.411348,50,38.84---3---21.753219,50,38.91--30.--28.786267,50,38.9-2-35.--21.759824,50,39.04--26.--33.95488,50,39.1-34--2--30.876606,50,38.9-3-26.-32.730192,50,39.2357-33.-38.865684,50,39-32.4-32.--33.628691,50,-33.32-34.-33.934431,50,-30.85-36.1-32.603729,50-28.344---34-31.147658,5-30.3249-33.5-30.993266,5-33.047-3-24.-34.944766,5-25.620-36-41-27.678562,-34.076--30.02-30.78897,5-32.4027-35.2-28.489893,50,39.9-3-2-28-37.148947,-22.5973-40.60-33.718398,-37.5558--23.8-28.556583,50,40.11-34.47-36.543834,-28.3657-2-36.-28.361664,50,40.24-38.0--25.479022-37.0876---34.--27.564636,50,40.---30.2--38.852265,50,40.---33.1-34.037585,-25.087182,50,-39.201621,-30.23-30.1639-26.165363,50,41.-2-27.15-23.778307,-35.64-2-29.8-26.92696,5-20.98---28.7-3-27.960612-22-28-35.283-20.832628,5-31.2-29-27.0-3-23.888558-38.-28.-27.2-2-32.892145-26.-35.27251-2-37.830385-3-3--2-33.7-21-26.97886-32.4-26-29.9-25-34.56801-19.9-28-28.2-31-33.876617,50-25.-31.7-32-25.13235-29.-27.-2-32.5466,50,42.-24.-28.-22.360701,50,42.-2---33.-32.491-35.180326-30--29.-21.446-28.437149,50,42.4-25.473-23.17087-22.7-21--25.960-31.19758-30.0-25--26.06-24.957679,-34.-29--30.0-28.59353-25.211-2-3-27.1-31.463758,-31.0-22.-30.3-28.33503-26.22340-2-26.6-25.16939-2-24.2766--23.4-30.902318,50,42-3-3-23.4-25.37304-2-30.8-3-3-35.8-29.781366,-31.0-26.-18.8-31.234,5-29.610--3--2-26.327024,5-23.948344,--25.064814,50-34.4689-25-26.73855,50,4-26.871-26-2-32.799773,50--24.95-27-3-28.675453,50--18.00-28-2-24.470014,5-3-29.2--31-2-20.477451,5-32.612-27.--26.187863,50-28.47-3-26--29.108165,50,--25.-25.8--27.17398,50,-30.01-23.7-23.58807,50,4--35.281-3-31.618257,50,4--3-22.6--27.442119,50,4-3--24.8-2-29.049393,50,-22--24.4-2-22.258249,50-27.-26.-22.-31.673616,50-20-2-23.949-2-21.286907,-21-29.7-22.-2-22.044839,-26--17.59-1-2-33.042005,-24.-23.59-2-25.880714,50-23-27.196-3-19.838525,50,45-30.788-3-25.185228,50,45-21.764-2-25.370063,5-28.-32.177-26.394519,50,-25.-20.120-33.600357,50,-30.-30.002-17.41534,50,4-24.-2-20.-31.968166,50,4-22.-18-28-23.034101,50,4-21.901536-28.-27.323391,-27-20.762-20.373069,50,4-29-30.141-22.178288,50,4-21-21.-28-22.823243,50,4-26-36.023-27.810851,50,4-22-19.272-26.-24.252188,-27-28.363-22.465193,50,4-29-2-17.9-31.987773,50,4-23-26.315-25.429703,50,4-25-26.906-28.302236,50,4-26.92034-23.1-24.662547,--2-22.94-25.2-23.919159--24-20.89-26.-35.439877,--25-24.96-26.149787,50,4-30.-26.15-15.050437,50,4--24.19964-23.079543,50,4-19.-25.86-24.027467,50,--30.-30.77-20.88457,50,4---28.6297-25.472924,50,4--23.18436-27.214863,50,-29.-3-25.2-25.-24.99659,5--2-27.899-21.148082,50--2---2-23.0-16.783308,50-32-2-2-29.7-30.633095,50-2-20.165375-23.67458,50,47.374971
-20-19.593235,50,-24.8050-23.704109,50,-28-22.6094-22.51068,50,-28-2-27.-2-17.455597,50,4-2-17.8719-18.533876,50-17.-17.7199-22.484596,50-17.-22.0667-19.627487,50-27.-2-27.25-22.828379,50,--1-23.9751-19.381301,50-1-17.72731,-18.033707,50--25.4750-2-25.20198,50,4--24.2749--23.555827,50,4-21.98999--18.797264,50,4--19.2030--26.20767,50,49-18.8-23.-23.695029,50,4--21.3-22.-23.277012,50,4-23.542197-23.140948,50,4-24.25619,-23.737048,50,-23.78-22.4-21.966375,50,-22.80-19.8-19.265294,50,-21.30-24.6-19-20.769221,-23.25-20.3-24.01448,50,4-2-22.0824-26-18.311696,-17.112883,-19.378292,50,-24.420562,-3-23.771524,5-20.57029,5-2-16.817621,-24.90748-21-19.291866,50-25.48400-21-25.245324,5-2-22.8116-22-2-20.588607-2-20.80244,5-25.622825,5--19.81605-24-28.104556,5--21.26255-25-17.588305,-1-28.89006--2-24.161252,-2-24.993-2-25-19.773379,-19.54667,50,5-18.905425--1-20.0789-21.-25.72055-26.-17.468-19.9-20.73019--2-22.4382-27.7-20.870-29-1-30.7968-2-2-16.4367-18.3-23.488185,5-18.564558,50-20.966016-2-21.329-25-16-23.000-29.1-22.936-26-1-21.6995-19.7-20.328-19.1-19.436-22.56-15.842-2-2-19.008-16.396-12.771-1-2-20.087991,50--17.17-17.6--14.851532,-15.904-14-18.936364,50,-1-17.81-14-18.24191-19.2--18.618-15-22.79549-15.7--21.694-15.638126,5-27.-1-19.774-17-19-18.156136-1-20.748-18.176926,5-24.-1-24.360--13.9-19.02-18.-1-21.065-23.22-16.44-15.-2-22.812-21.-20.408-21.3--21.907-1-18-16.60-22.99--17.531-17.7933-20.8634--17.9050-1-22.870-17.458-1-19.59-14.52-14.-16.670-2-26.11-19.48-28.897358,--20.391-2-14--19.-24.079--23.307-16.8-21.084337--2-20.190-1-20-20-19.3105-1-18.387-1-22-17.6-18.5-20-13.38-18-18-20.29022-20.-15.77-17-2-21-20-18.-17.-22.94-20.3-18-21.97--19-20.76-23.8-20.-13.661-19-21.63-21.254228,50,53-20.94039-18.-17.5-18.195-14-14.74236-21.83-14.327-18.08412-1--18.28-19.159-23-17.98-18.47900-17.615-14.64239-2-17.6-19.28968-25-17.69-14.57219,50,53.-2-17.61-16.040408,50,53.-1-18.68-24.225191,50,53.-2-15.945065,50-17.303671-18.717-26.12848-17.08746-1-17.0-2-25.686-17.12727-1-14.991-20.226-18.56183-2-18.-18-18.449-17.8852-19-24.-19-23.002115,50,5-22-14.-19-13.-24-19.8000-15-16-22.-15.-17.593989,-1-19.-14.-16.92-16.09868-1-17.392-16.284716,50,55-17.85-1-18.035755,50,55.-1-20.-1-13.9052-16.37406-2-19.-2-14.8088-13.4323-21-17.-1-19.535878,50,-1-13.14--1-19.2696-19.1162-2-1-18--17.93885-15.185-20-1-17-16.85286-13.7750--16.-15-18.4326-12.51846--13.-2-14.709345,50,56.0--18.-2-19.238-13.122722-15.9-18.501843,50,56.136-17.0--17-15.72-14.186665-18.60-18.40683-14.12209-17.78--22.85173-17.660-16.-13.--19.57831-15.865-19.3967-16.75116-20.5064-18.2856-18.4439-21.66748-2-18.17-18.5121-22.07385-22.6118-18.9311-17.1-15-19.30841-21.-13.-12.5130-16.9040--15.4971-16.8050-17.3142-9.653425,50,56.-17.0632-16.353723,50,56.-18.6844--18.367223,50,56-21.6449-13.86124-20.5238-18.1209-16.46050-17.0894-21.759-10.984287,50,57.-22.3018-19.1039-21.01374-18.773-19-22.64-16.3998-14.8931-1-22.000925,50,5-17.0760-14.2732-17.18230-12.5211--21.715188,50,57-19.1459-18.9366-11.67633-22.280557,50,57.70-19.95-11.010-20.175346,50,57.7-19-21.---17.590-16.50873-16.979-14.29002-18.32537-18-14.-15.82782-16.53601-12.263-16.95491-16.17016-17.518-12.26613-16.90985-15.340-21.203293,50,59.0-12.061-17.015024,50,59.0-16.625-17.756365,50,59.1-20.298-17.66554-16.11656-16.45-13.472172-18.0921-12.793-18-15.426-12.0026-14.712-13.39952-16.0735-11.5334-18.68821-13.8915-10.194-14.752898,50,59.-12.5449-16.485411-12.541-16.4234-16.444939,50,59.-20.1690-14.642698-11.56-18.97388-10.98125,-12-18-19.0350-17.967956-14.475-14.3781-1-19.7614-13.950-12.734-14.332138,50,60-15.51-12-1-1-18.243766,-18.11646-10.817194,50,60-18.17445-19.443083,50,60-14.670-20.0-12.299189,5-14.078172-14.568813,50,6-18.997677-17.413845,-20.-15.886-17-2-12.628252,50-12.61179-14.058176,50,60-14.13344-14.392746,-17.3-13.524-1-16.30466-14.38-17.886-10-12.950981,50,6-14.346141-11.53160-13-16-18.497-17-13.608984,50,6-15.711-13-14.96434,50,60-14.07880-16.705219-16.84-14.7656-12.154307-14.658-12.1021-1-11.9357-11.587-19.2747-12.590965,50,61-18.22260--12.324315,50,6-21.1360--16.3896-12.510-14.6114-13.238868,50,61.-19.5902-13.9763-14.10325-12.670-15.310004,50,62.3-15.096-1-16.987936,5-12.-17.841-10.83001-12.56161-12.98491-15.98357,50,62.-15.121-16.269968,50,62.-12.8362-13.6165-11.35454-11.4159-10.674651,50,62.-12.6865-17.561277,5-12.3-10.00-1-10.89043,50,62.7-12.48-11.191069,50,6-13.-16.84-12.46-14.528157,5-12.99---13.022112,50,63.-10.668-16.1-14.642171,50-12.105-13.4-18.031413,50-10.69-12.908008,50,63.30-12.5--10.81-14.223297,50-12.-17.240725,50,63.3500-12.-1-11.75-9.306432,50,-10-12-12.-14.844676,50,6-11-1-14.36105,50,63.6342-11--15-1-11.873658,50,63-11--15.9-12.895013,50,63-14--14.6-9.983657,50,64.-15--12.-9.691643,50,64.0-1-1-11-10.253692,50,64.-17.7-11-10.238855,50,64-15.-1-14-13.496698,50,64-10-14-15-9.68906,50,64.-12.--19-11.081659,50,64.-15.--11.482029,50,64.167-13-1-1--13.49433-18.9319-12--13.528312,50,64.2959-17.-12--17.628624,50,64.--12-14--12.064101,50,64--12.-15.319879,50,64.492--12-17.246771,50,64.5551--13.291-11.105718,50,64.-15.-12.-20.655814,50,6-1-13-15.--16.6256,50,65.-1-1-16-1-9.633306,50,64.-14-14.--21.10217,50,64.9-14-11.-17.00606,50,65.87-1-13.--12.225627,50,66.1-1-9.3--8.464151,50,66.18-8-15.629087,50,6-16.948-13.5-12.764922,50,66.32--13.-10.660759,50,66.211--14-11.295893,50,66.4612---17.019137,50,66.53129--12.771911,50,66.59388
--18.227533,50,66.357278--12.308392,50,66.719639--12-19.593725,50,66.613-1-15.495576,50,66.857862-1-1-18.413626,50,66.73-1-12.-10.412133,50,66.8043-1-15.714016,50,67.054316-1-9.450133,50,67.116209-11.229599,50,67.0050-12-1-19.143469,50,67.07897-1-9.410957,50,67.329162--9.837973,50,67.394129
-11.758281,50,67.460995--14-11.424336,50,67.2299--10-9.990656,50,67.2976---14-11.7462,50,67.4859--10.992443,50,67.731645-14.048691,50,67.621924--1-10.480836,50,67.86537--1-9.712156,50,-11.04941---17.289816,50,67.999511--10.443983,50,67.885169--11.358225,50,67.952089-14.5-9.779028,50,67.901-9.575521,50,68.261989
-20.113243,50,68.325131
-10-15.270644,50,68.213-1-20.643447,50,68.456433-1-11.630266,50,68.524375-9-6-15.653948,50,68.406-1-11.782479,50,68.647591-12.44413,50,68.-11.2872-8.635165,50,69.575374
-10.566372,50,69.640842
-12.06-12.119102,50,69.-14.27373-14.246246,50,6-14.416348,50,69-9.855485-1-13.451-17.443006,50,6-13-6.83656,50,69.985968--10.468371,50,70.050817-1-16.845733,50,70.118164-9-6.030526,50,70.179762-1-18.528579,50,7-10.6541-9-14.28142,50,70.31383--14.004813-10.918266,50-1-10.603463,50,70.449883-1-18.406162,50,70.513686-1-10.152903,50,70.58128-8.254568,50-15.202808,5-11-15.989603,50,70.7193-13.-13.389963,50,70.779-13.0-12.43361,50,70.8459-1-1-16.802954,50,70.9126--8.-9.929386,50,70.9732--15-11.779942,5-9.157522--10-9-13.784174,50,70.79--9-7.705957,50,71.15462--1-9.643771,50,71.227004---12.274664,50,71.28695--8-10.14996,50,71.360024-1-9.348165,50,-11.67433---13.282236,50-9.112483,--16.073747,50,71.288465--10.685952,50-12.070578,--10.415382,50,71.67979
-7.649-14.070-11.779279,-9.324886,50,71.810147
-9.426575,50,71-11.98159-12.166014,50,71.946959
-10.00097-15.78-14.50494--10-15.534047,5-12.8794-1-9.434175-10.557959,50,--10.7634,50,72.215689
-8.220539,50,73.080731
-10.6-9.31-10.753-16.8042-15.87167,-7.5574-11.539-14.536082,50,73.287946
-8-16.521437,50,7-15.264-14-14.648232,50,7-13.812-8.884491,50,73.483753
-6.232848,50,73.55-10.64-11.385525,50,73.62-10.19-10.713139,50,73.685139
-11.996754,50,73.74908
-9.120808,50,73.816804
-11.093235,50,73.886983
-14.091984,50,-14.252368,-11.714177,50,74.018121
-10.102721,50,74.081822
-11.431748,50,74.142963--9.733847,50,74.215222
-7.907223,50,74.277674
-15.419876,50,74.345768
-9.384194,50,-12.95609,5-11.-12.-9.161232,50,74-16.11157,50,74.54284
-11.407301,50,74.602982
-10.08035-19.94131,50,74.-10.921205,50,74.736371
-9.3443-8.56810-10.58890-9.844182,50,74.--10.-9.-11.980062,50,74.934473
-7.01-13.141616,-13.4390-16.11247,50,75.078987
-14.737878,50,75.144124
-9.425836,50,75.213694
-15.200-9.854861,50,74.9--10.105958,50,75-13.5689--13.215386,50,75.405891--12.356995,50,75-9.7347-1-8.116693,50,75.541454-1-12-8.310403,50,75.3101--12.959607,50,75.666323--8.897225,50,7-13.1079-8-9.784726,50,76-12.523--11.465057,50,76.662786-10.468306,50,76-10.44930--10.25982,50,76.80937
-9.408119,50,76.884696
-7.516311,50,76.947088
-13.952533,50,77.-7.96181-8.4-10.464227,5--11.531-9.27-11.363076,50,76.83-10.041-9.532086,-11.0608-8.88-8.920983,50,76.971-17.62427,50,77.327742
-10.615235,50,77.39-6.67--12.476165,50-1-8.90235-1-7.351263,50,77.539265--7.718972,50,77.610-17-9-5.168571,50,77.669453-1-9.248872,50,77.734266--10.493422,50,77.799-10-1-12.231025,50,77.869242----11.225317,50,77.639-8.--6.796442,50,77.996-14.--10.679485-6.561955,-5.9--11.478778,50,78.1-10.38--5.943271,50,77.90-10.--7.450393,50,78.2621-7.9-8.17261,50,78.06072-8.--5.960859,50,78.-14.-8.--13.700146,50,78.461-10.2-8.427449,50,78.5285-13--8.376514,50,78.60051-6.-9.994439,50,78.67221-7-10.0538,50,78.731526--18-12.828757,50,78.5316--9.132717,50,78.860001
-11.590215,50,78.921475
-9-15.51862-8.714052,50,-11.983082,50,79.054382--7-7.774896,50,78.862499-7.294972,50,79.195096
-10.30013,50,79.083849
-11.52411,50,80.186119
-8.536405,50,80.250047
-9.711903,50,80.313582
-7.3-8.634987,50,80.0832-13.57648,50,80.438898
-8.250375,50,80.510205
-9.07666,50,8-9.572806,-8.254304-10.252106,50,8-12.990302-8.579243,50,80-15.822292,50-8.014997,50-12.910896,50,80.839266
-8.735576,50,80.908001
-12.332703,50,80.976254
-13.970059,-10.28745,50,8-9.734109,50,81.102502
-8.204979-10.407851,50,-11.773589,--10.384406,5-13.563265,5-8.294109,50,-7.966873,50,81.383623
-8.752365,5-8.87099,50,-14.797011,50,81.339919
-8.225656,50,81.587045
-12.631361,50,81.651343
-6-9.3044-9.046758,50,81-11.030408,50,81.7852
-9-9.582155,50,81.679766-9.882153,50,81.931406
-8.-7.905844,50,81.69314-9.472278,50,82.05299
-8.11-6.57-13-7.537007,-12.207188,5-7.508709,50,-11.553995,50,82.248678
-10.817892,50,82.317141
-11.8078-9.580755,50,82.-9.332553,50,82.446288
-8.45939,-7.717392,50,8-8.351735,-12.473871,50,-9-11.88541-10.367806,50-10.731276,50,82.688375
-9.911323,50,82.758346
-8.-8.98901,50,82.531798-7.694483,50,83.758924
-8.270466,5-7.18332,50,8-9.676379,50,8-6.746643,-8.744474,50-1-10.863773-16.343911,50,84.025363
-8.366408,50-7.999407,50--7.87932,50-7.421978,5-10.485187,50,84.23051
-9.300618,50,84.298308
--7.061853,50,84.056428
-8.106481,50,84.424463-8-9.167523,50,84.495488-7-8.008155-8.320676,50,-9-7.965911,50,8-9.54199-1-7.141428,50,8-5.656414--9.814301,50,8-10.9167-5-7.203454,50,84.845547-7-8.962423,50,-8.713483-1-8.90291,50,84.980786-7.686659,50,84.752687
--12.157668,50,85.110609-5.841115,50,84.88062
-1-15.365251,5-14.165461,-8.299601-9.172471,50,85-9.782158,50-11.9-14.198-6.66873,50,85.452183
-11.969266,50,85.52009
-9.584302,50,85.582812
-10.451281,50,85.648816
-9.738532-12.31042,50,85-9.530605,50,85.486525
-9.344675,50,85.85458
-5.9-11.118944,50,85.739-6.881535,50,85.98-9.147-6.931193,50,86.0-8.3444-8.988564,50,86.1-10.083-7.726445,50,86.187169
-8.748357,50,86-13-8.250-12.005595,50,86.317138
-10.188823,50,86.392054
-6.742759-9.646988,50,86-8.643114,50,87.3-11.41-10.802679,50,87.432222
-6.149342,50,87.501315
-8.228233,50,87.558883
-7.73132,50,87.622336
-8.137834,50,87.685464
-5.328986,50,87.759788
-8.829734,-13.595-8.7851-12.155499,50,87.900245
-4.97318,50,87.97666
-6.54083,50,88.046462
-7.239337,50-6.283-5.99--6.245641,50,88.195888
-9.285566,50,88.267187
-12.755081,50,88.34045
-6.790073,50,88.418388-1-8.148731,50,88.4922-8.--6.953152,50,88.561641
-11.806255,50-8.602754,50-7.113378,50,88.707385
-15.12309,50,88.7765-6.1-8.788267,50,88.8509-7.-8.118584,50,88.914193
-8.56824,50,88.989252-7-5.36221,50,89.061729
-7.650197,-6.061898,50,8-7.665897,50,89.19921
-7.483547,50,89.271411
-8.990002,5-6.543104,50,-8.554045,50,89.419707
-7.975991,5-8.764414,50,-10.00704,50,89.566171
-11.216389,50,89.650917
-8.707188,50,89.725182
-9.117202,50,89.799523
-8.680852,50,89.870775
-7.860633,50,89.946401
-7.284714,50,90.009449
-9.074534,50,90.080974
-5.344501,5-9.-8.737049,-8.165649,50,90.218462
-13.48796,50,91.155219
-9.015315,50-5.295447,5-7.714837,50-6.774611,50-8.784056,50,91.378-6.28-7.054561,50,91.453783
-8.785969,50,91.535648
-7.97986,50,-9.184-6.9-4.358889,50,91.680843
-9.260301,50,-6.958389,5-4.942722,50,91.833488
-8.081666,50,91.907548
-4.874754,50,91.97531
-7.341893,50,92.051792
-13.10907,50,92.125407
-9.614533,50,92.192453
-6.940904,50,9-5.116477,-8.44327,50,92.330371
-7.416015,50,-9.80895,-7-9.544068,50,92.47-7.176-16.060556,50,92.536547
-7.576412,50,92.60844
-10.364638,50,92.68097
-12.088029,50,92.754-9.2-12.3301,50,92.825611
-11.56053,50,92.897474
-7.453141,50,92.969997
-7.975175,50,93.03-9.243-6.361547,50,93.10-11.44-11.233622,50,93.177444
-10.448523,50,93.24862
-10.406823,50,93.-4.82630-14.000753,50,93.394366
-6.604997,50,93.46-9.392-5.645707,50,93.-7.96534-5.509485,50,93.611714
-7.612183,50,93.682871
-7.750355,50,93.751551
-15.651256,50,93.817017
-7.16032,50,93.885799
-7.453129,50,93.956834
-6.58471,50,94.879698
-9.408339,50,94.954437
-7.110544,50,95.022558
-7.026793,50,95.100001
-8.258441,50,95.1-6.7750-9.409822,50,95.239199
-6.261428,50,95.307498
-6.538026,50,95.383234
-6.918237,50,95.447957
-8.933074,50,95.5-9.0849-8.630287,50,95.58055
-9.413545,50,95.65037
-5.333298,50,95.7-6-5.21-5.86303,50,95.787611
-7.474195,50,95.861--9-5.780718,50,95.928764
-3.569422,50,96.003078
-6.083708,50,96.06--7.85-7.39343,50,96.13-12.94-10.28101,50,96.201726
-5.832901,50,96.273029
-10.248978,50,96.34187-9.-7.58982,50,96.410911
-9.482775,50,96.479163
-8.991537,50,96.551776
-7.42584,50,96.623559
-13.938283,50,96.691343
-9.989804,50,96.764465
-6.072461,50,96.834118
-9.344867,50,96.902902
-7.313767,50,96.972857
-6.152378,50,97.039082
-5.807887,50,97.109401
-7.626883,50,97.177471
-6.582944,50,97.24509
-8.960285,50,97.310545
-7.29558,50,97.383631
-14.862552,50,97.448525
-7.476878,50,97.51616
-4.923958,50,97.581774
-10.322128,50,97.6526
-7.636374,50,98.578357
-12.329591,50,98.647881
-7.041463,50,98.716259
-6.180191,50,98.781189
-7.872112,50,98.851345--6.707638,50,98.918472
-11.020821,50,98.991781
-8.315889,50,99.06399-7.-5.713302,50,99.135897
-7.612077,50,99.204017
-9.691907,50,99.272332
-12.554478,50,99.339221
-6.033441,50,99.41-9.353-7.899826,50,99.478822
-8.129267,50,99.550208
-6.768531,50,99.6-7.2840-8.066086,50,99.698458
-7.730857,50,99.761823
-13.961696,50-7.623244,50-8.068431,50-6.681209,50-5.844692,50,99-11.12696-7.155684,50,100.051506
-9.694981,50,100.12723
-6.243182,50,100.198669
-7.066552,50,100.268598
-8.900351,50,100.341772
-5.909311,50,100.412416
-9.377343,50,100.486846
-8.559601,50,100.556569
-8.616569,50,100.625119
-6.164006,50,100.694478
-5.771315,50,100.766162
-7.573211-5.896949,50,100-6.863299-7.506817,50,100-7.364967,50,100.976528
-4.52105,50,101.04801
-6.887663,5-8.878246,50,1-10.685027,-8.950196,50,10-6.068229,5-8.311424,50,1-6.44482,5-7.673224,50,1-8.985752,50,101.379832
-7.915474,50,102.303303
-9.228508,50,102.370451
-8.009526,-6.991661,50,10-6.898871,50,102.513515
-9.189366,50,102.583689
-7.923049,50,102.647845
-6.998803,50,102.715983
-6.708988,50,102.785379
-8.046843,50,102.852042
-6.668299,-10.321394,50,1-7.799195,50,102.992684
-7.27721,50,103.06328
-7.01769,50,1-6.791453,5-8.935615,50,103.18304
-7.762718,50,103.-7.91849-5.011551,50,103.332879
-6.027158,50,103.406114
-6.457878,50,10-6.408498,-10.899301,50,103.553981
-6.231742,50,1-4.952785,5-9.655477,50,103.696326
-12.100031,50,1-5.861937,5-8.466421,50,103.839206
-8.004319,50,103.909997
-6.393561,50,103.972038
-8.868289,50,104.040692
-7.719268,50,104.110455
-3.80966,50,104.183257
-8.358875,50,10-9.140502,-7.917829,50,104.322987
-7.993099,50,104.394096
-7.070669,50,104.468735
-8.732792,50,104.542186
-5.139646,50,104.606665
-9.509425,-6.4-7.308416,5-4.697483,50,--4.84396,50-5.303643,50,104.806364
-6.313675,50,104.873953
-11.955826,50-5.574449,50,-6.015779,50,105.017
-11.948057,50,105.086864
-8.814092,50,106-9.920229-7.739969,50,106.08037
-8.263167,50,106.151462
-6.606167,50,106.224867
-4.8241-5.606-7.752467,50-6.912612,50,106.370724
-6.873755,50,10-8.356566,-5.600011,50,106.512074
-7.364284,50,106.577437
-6.181629,50,106.646204
-5.648892,50,106.714982
-5.058235,50,10-8.222473,-3.515779,50,106.862017
-10.092856,50,106.936113
-4.052326,50,106.998044
-7.307328,-5.-3.904884,50-4.769086,50,-5.795238,5--3.992583,50,107.20635
-5.479727,50,-8.099385,50-7.742,50,107.353711
-11.351405,50,10-6.702913,-6.255493,50,107.495586
-4.616935,50,10-8.322516-5.931699,50,107.630157
-6.742263,50,107-6.43490--6.401681,50,107.775656
-4.69331,50,107.846692
-6.20818,50,107.920348
-5.950837,50,107.99079
-4.706357,50,108.062003
-6.926902,50,108.134773
-7.650228,50,108.209042
-6.749357,50,108.275823
-7.233611,50,108.346964
-5.871017,50,108.418642
-12.436831,50,-7-5-4.96456-4.964586,50-7.063864,50,-6.628591,50,108.626565
-6.843751,50,108.694577
-4.821612,50,108.763127
-7.067726,50,108.832-6.86-6.729391,50,109.772042
-8.441975,50,109.845-6.42-6.269234,50,109.915453
-5.982115,50,109.980236
-7.25283,50,110.04968
-6.719161,50,110.117221
-3.406543,50,110.18863-6.-5.395476,50,110.258024
-5.652785,50,1-7.291983,-6.119308,50,110.396336
-4.486717,-4.55-7.304241,-5.211296,50,110.542457
-8.930899,50,110.605147
-6.565113,50,110.677715
-7.468359,50,110.746225
-6.488979-7.441553,50,110-7.332216,50,110-5.163042-6.8132,50,11-7.036997,-12.357021,50,111.027601
-4.087144,50,111.09975
-7.856156,50,111.168548
-4.51624,50,111.229489
-7.956943,50,111.293953
-6.171682,50,--5.890589,5-6.934156,50,111.433671
-7.281284,50,111.509927
-5.88141,50,111.5-6.2239-7.147875,50-5.-6--5.9281-4.286987,50,111-4.649119-7.637552,50,111.785235
-11.413283,50,1-6-3.369402-5.886015,50,-6.-9.224243-6.698155,50,111.999992
-7.048558,5-6.2-6-6.01802-5.761874,50,112.130168
-5.771249,50,112.196993
-6.292539,50,11-7.336666,-9.052695,50,112.334231
-10.656463,50,-5.268469,50-6.261057,50,-10.343396,5-5.935123,50,112.54239
0,112.363166
66,50,1-5.97194,50,112.123705
784

112.263081
