#{"t_start": 1759917240.1001291, "env_id": "Pendulum-v1"}
r,l,t
-1187.130154,200,0.081002
-1422.615037,200,0.114657
-1335.627029,200,0.148265
-1171.456551,200,0.181557
-1530.832107,200,0.214023
-1045.341394,200,0.244596
-818.517844,200,0.275328
-1068.398466,200,0.30627
-856.264022,200,0.342055
-1472.643774,200,0.376379
-1170.326333,200,0.835282
-1728.769433,200,0.86622
-961.70647,200,0.89747
-856.89659,200,0.928241
-1361.129392,200,0.959011
-887.145983,200,0.990064
-743.817996,200,1.021016
-776.159421,200,1.051726
-1228.540869,200,1.082836
-1263.031061,200,1.113451
-870.663336,200,1.566116
-970.114387,200,1.59772
-1377.351808,200,1.628882
-974.79424,200,1.660506
-968.941404,200,1.69169
-1348.837516,200,1.856502
-1270.044564,200,1.888107
-1131.926497,200,1.919537
-952.247461,200,1.950611
-1346.740999,200,1.989322
-984.780062,200,2.467454
-1033.427491,200,2.50069
-951.013215,200,2.532575
-1012.827511,200,2.565311
-1645.269944,200,2.596961
-1127.303495,200,2.630212
-1377.942544,200,2.661552
-1357.260756,200,2.693419
-1071.343111,200,2.725289
-876.483569,200,2.75607
-1097.006162,200,3.210655
-1288.351542,200,3.243549
-1661.276043,200,3.276674
-1347.626483,200,3.307833
-1319.607545,200,3.339178
-1471.387596,200,3.371842
-903.839401,200,3.402973
-1176.984952,200,3.434968
-1065.94345,200,3.466997
-1476.752682,200,3.499709
-1655.345058,200,3.659562
-972.887745,200,4.097406
-967.397076,200,4.128167
-902.332743,200,4.158873
-1490.807891,200,4.18937
-1035.582282,200,4.22047
-1017.088998,200,4.251032
-1111.927884,200,4.28267
-1080.132388,200,4.316481
-918.548102,200,4.349154
-895.109845,200,4.380984
-1562.1651,200,4.846423
-1624.908857,200,4.878238
-923.765205,200,4.909673
-1483.113187,200,4.940894
-1268.474765,200,4.971354
-882.8469,200,5.002158
-894.635259,200,5.033151
-1643.754871,200,5.063577
-1077.647691,200,5.094252
-754.430777,200,5.125242
-1448.800379,200,5.55847
-938.270848,200,5.589499
-1186.548591,200,5.620558
-911.268606,200,5.651196
-1410.084063,200,5.811854
-1562.98893,200,5.842933
-1570.482616,200,5.873962
-1111.887738,200,5.904525
-1261.870969,200,5.93555
-1524.180557,200,5.966354
-1277.153256,200,6.416243
-767.664176,200,6.448318
-1374.13571,200,6.479402
-966.595365,200,6.510567
-1076.977584,200,6.541375
-1244.847362,200,6.573121
-1298.366505,200,6.604592
-742.231443,200,6.63685
-1541.965609,200,6.668182
-1463.104153,200,6.699479
-753.052803,200,6.730139
-1273.706042,200,7.170259
-905.827922,200,7.201575
-1075.343284,200,7.23277
-1702.642849,200,7.263106
-1306.649954,200,7.29386
-1307.483333,200,7.324856
-967.183596,200,7.355217
-1183.618805,200,7.385964
-1015.698115,200,7.551759
-918.622879,200,7.586052
-1738.419099,200,8.030514
-1397.412094,200,8.062818
-1251.937455,200,8.093923
-884.348823,200,8.125072
-1227.356959,200,8.15594
-980.246137,200,8.186813
-1325.672587,200,8.218226
-1450.932984,200,8.249603
-1179.798888,200,8.280827
-876.767793,200,8.312886
-965.54408,200,8.758744
-1770.111541,200,8.790019
-753.035256,200,8.821183
-1350.576634,200,8.852674
-1779.372025,200,8.883847
-1556.030888,200,8.914947
-768.052487,200,8.946135
-1648.219276,200,8.977656
-1352.282659,200,9.010206
-1302.163324,200,9.042086
-861.9022,200,9.499514
-963.632163,200,9.530661
-1024.366144,200,9.563097
-862.573669,200,9.723742
-1023.614679,200,9.755068
-1163.745136,200,9.786531
-1197.234222,200,9.8175
-1506.333782,200,9.848157
-1210.96082,200,9.878713
-1047.40121,200,9.909768
-1512.817754,200,9.940281
-1135.602068,200,10.390931
-1514.295683,200,10.424072
-1384.374434,200,10.455283
-1388.037135,200,10.486606
-1046.669786,200,10.517776
-1040.554453,200,10.548571
-1471.901265,200,10.581093
-1666.652465,200,10.613071
-1050.147212,200,10.644262
-1006.13763,200,10.675993
-1641.255909,200,11.126032
-774.922896,200,11.15753
-1219.498086,200,11.189138
-1523.131519,200,11.220512
-1207.504917,200,11.252766
-1666.007132,200,11.285645
-1190.493215,200,11.317432
-1127.686906,200,11.482817
-861.824138,200,11.517491
-1275.995302,200,11.549543
-986.768268,200,12.001538
-971.134176,200,12.034719
-981.656071,200,12.065683
-1122.521523,200,12.097288
-994.336883,200,12.128556
-899.428076,200,12.159188
-1017.688674,200,12.189787
-1572.647713,200,12.221211
-927.278872,200,12.252347
-1334.618339,200,12.283418
-1085.453277,200,12.723455
-1043.804795,200,12.755
-1114.723852,200,12.786457
-990.942453,200,12.817478
-1284.102938,200,12.848395
-1509.268019,200,12.879174
-1300.758427,200,12.910136
-1112.872518,200,12.940755
-1371.768238,200,12.971581
-976.770792,200,13.002331
-1506.596502,200,13.033044
-1051.684105,200,13.478051
-1062.433836,200,13.637768
-951.261778,200,13.669969
-921.008071,200,13.701571
-1096.771182,200,13.732784
-1044.894231,200,13.765043
-1595.334245,200,13.815586
-1304.546246,200,13.854134
-948.25442,200,13.896083
-1110.285073,200,13.931057
-1021.395714,200,14.418245
-1112.15858,200,14.451778
-1033.851127,200,14.484286
-1117.037424,200,14.516421
-1489.460264,200,14.54808
-1035.952463,200,14.579951
-1070.810686,200,14.611394
-1098.969736,200,14.642977
-791.370919,200,14.675149
-1037.549224,200,14.707623
-1009.590137,200,15.237165
-1032.395475,200,15.272304
-1067.821488,200,15.305893
-1644.782337,200,15.33944
-1175.205616,200,15.373251
-896.804549,200,15.411406
-1021.067346,200,15.597135
-1095.870059,200,15.630836
-1628.049616,200,15.667529
-1007.896795,200,15.699422
-1271.557297,200,16.173565
-1024.426465,200,16.205901
-1469.567215,200,16.237217
-1560.403373,200,16.268757
-1124.563385,200,16.300154
-1104.164575,200,16.331828
-1008.082326,200,16.362576
-1404.169875,200,16.393991
-1192.757172,200,16.425398
-1074.608294,200,16.456116
-1320.195446,200,16.487859
-1288.048096,200,16.932107
-1077.508391,200,16.963212
-1397.942559,200,16.994262
-1236.705167,200,17.025753
-984.821382,200,17.056928
-1116.971778,200,17.088108
-1020.780727,200,17.119216
-1104.455994,200,17.150193
-1419.583954,200,17.181093
-1449.756371,200,17.211805
-1479.352756,200,17.777261
-934.64465,200,17.808425
-1258.858365,200,17.839649
-1500.79656,200,17.870501
-1077.7426,200,17.901491
-1034.764741,200,17.932828
-1260.366867,200,17.963906
-1055.765916,200,17.995862
-965.895251,200,18.028606
-1104.843449,200,18.061598
-910.522612,200,18.542222
-1105.781374,200,18.577033
-1001.99536,200,18.612972
-904.17617,200,18.646361
-1033.063549,200,18.679219
-864.393748,200,18.715478
-830.802991,200,18.749326
-1458.223732,200,18.795326
-894.524042,200,18.828625
-897.151861,200,18.864359
-929.28836,200,19.383605
-871.523692,200,19.417329
-1227.71178,200,19.449455
-767.199401,200,19.481135
-895.477735,200,19.51285
-1172.819248,200,19.672274
-1457.4092,200,19.703477
-904.76664,200,19.735106
-968.795643,200,19.766863
-785.841539,200,19.798673
-1442.428686,200,19.829685
-1237.50653,200,20.303361
-1097.957132,200,20.336605
-974.785126,200,20.37066
-1452.586479,200,20.402655
-1361.967158,200,20.434321
-1259.959073,200,20.466427
-1268.379219,200,20.497779
-1491.209562,200,20.528942
-1099.13962,200,20.560412
-1030.789427,200,20.591434
-849.875383,200,21.050406
-1365.049163,200,21.081644
-902.052321,200,21.112701
-1266.172671,200,21.145481
-1515.725668,200,21.1786
-1274.479175,200,21.210562
-1259.605352,200,21.242969
-864.858503,200,21.274115
-1081.50879,200,21.306728
-810.070989,200,21.466588
-1186.469979,200,21.919253
-1418.909445,200,21.950798
-1084.74308,200,21.981954
-860.912031,200,22.012406
-1231.741349,200,22.042652
-1235.520807,200,22.073833
-1057.525227,200,22.105734
-989.011933,200,22.137926
-766.201562,200,22.16982
-1071.796715,200,22.202384
-973.219687,200,22.660051
-1217.775989,200,22.691671
-1334.755414,200,22.7228
-1218.674116,200,22.75398
-710.962504,200,22.784999
-1312.011695,200,22.815559
-1395.879829,200,22.846486
-1178.220319,200,22.878506
-1234.623514,200,22.909587
-1451.307516,200,22.940682
-861.902476,200,23.387556
-1597.662545,200,23.418925
-975.298154,200,23.449917
-1346.291667,200,23.480773
-909.103513,200,23.641341
-1356.712074,200,23.672369
-1466.47159,200,23.70316
-1255.647647,200,23.736516
-978.193964,200,23.769158
-698.635609,200,23.803393
-1295.455548,200,23.835678
-902.389859,200,24.287456
-1070.891838,200,24.318315
-1080.827019,200,24.349581
-974.051541,200,24.380386
-1595.136481,200,24.410946
-1453.622698,200,24.441988
-1098.919991,200,24.472812
-753.224148,200,24.503311
-1416.445844,200,24.533993
-1303.224258,200,24.56481
-1286.409156,200,25.002562
-969.829732,200,25.03363
-1023.919876,200,25.064874
-983.157662,200,25.095607
-1247.371769,200,25.126442
-897.553145,200,25.157313
-1420.913942,200,25.188373
-745.757964,200,25.219405
-769.929103,200,25.380836
-987.538571,200,25.411773
-1116.784396,200,25.848993
-1112.028408,200,25.880436
-846.300484,200,25.911228
-977.238115,200,25.941591
-983.857477,200,25.972329
-997.791336,200,26.002801
-998.300153,200,26.033214
-753.618393,200,26.06373
-1141.726149,200,26.094584
-1428.426661,200,26.125662
-957.176263,200,26.562662
-1271.942116,200,26.593827
-1279.206181,200,26.624741
-1259.206761,200,26.655871
-1430.062374,200,26.686491
-903.624763,200,26.716986
-846.958191,200,26.748237
-1108.650246,200,26.779216
-1093.663505,200,26.809758
-971.314432,200,26.840507
-1284.906031,200,26.871188
-886.295492,200,27.308978
-885.854899,200,27.33967
-1023.67414,200,27.498785
-1020.101626,200,27.529829
-979.461567,200,27.560829
-985.503016,200,27.591189
-888.512169,200,27.622048
-1483.508895,200,27.652678
-990.53694,200,27.683456
-1106.37952,200,27.71388
-1049.684972,200,28.159828
-1118.056719,200,28.191121
-1025.726132,200,28.223971
-1408.162918,200,28.255062
-1104.979267,200,28.286332
-1015.981,200,28.317361
-1077.743831,200,28.350199
-876.57152,200,28.382102
-1200.091836,200,28.414087
-1206.238654,200,28.445306
-1144.234651,200,28.889811
-940.459512,200,28.921418
-1377.345266,200,28.953754
-1137.09615,200,28.98484
-884.874336,200,29.015978
-897.794641,200,29.04923
-1089.27839,200,29.081655
-874.899361,200,29.241401
-1007.339474,200,29.272305
-1012.752202,200,29.303601
-749.641566,200,29.75412
-1363.199051,200,29.786826
-915.402754,200,29.817912
-1128.340473,200,29.849963
-1265.841242,200,29.881649
-869.576751,200,29.913412
-1140.695144,200,29.944879
-993.952287,200,29.977817
-915.841269,200,30.010703
-1464.461667,200,30.042718
-895.995976,200,30.07594
-984.535529,200,30.52825
-857.913763,200,30.55938
-1096.759961,200,30.591662
-1355.483152,200,30.624344
-988.85121,200,30.657014
-1037.388181,200,30.688976
-1013.815704,200,30.720081
-853.453423,200,30.751156
-1385.929425,200,30.78216
-1331.021899,200,30.814472
-1024.265228,200,31.271805
-1021.28064,200,31.439127
-1104.085244,200,31.471402
-1116.319758,200,31.502337
-786.49012,200,31.53379
-945.876044,200,31.564973
-1413.763157,200,31.596411
-1500.678848,200,31.627691
-1005.220576,200,31.65936
-1294.199969,200,31.690972
-858.350434,200,32.135031
-1298.440798,200,32.16789
-872.301987,200,32.199459
-1098.385261,200,32.231085
-916.6972,200,32.262137
-1172.54607,200,32.294248
-1031.3195,200,32.326772
-1161.018871,200,32.358842
-979.382539,200,32.390668
-865.405184,200,32.422278
-1055.237634,200,32.859063
-1262.971786,200,32.89061
-1025.442642,200,32.922548
-1324.45183,200,32.954414
-1057.815359,200,32.986593
-1122.496704,200,33.017641
-984.013372,200,33.175454
-1232.946827,200,33.206516
-1129.644592,200,33.23884
-890.692415,200,33.298279
-1049.495289,200,33.336669
-1095.313898,200,33.776456
-878.182657,200,33.80801
-1142.057441,200,33.839725
-1118.423844,200,33.872036
-1120.074854,200,33.904112
-883.46729,200,33.935902
-1605.621352,200,33.967287
-1039.077544,200,33.999052
-961.510584,200,34.030945
-1020.788004,200,34.0631
-781.521794,200,34.502967
-1498.959334,200,34.535524
-1110.756617,200,34.566708
-870.332103,200,34.598818
-1278.971682,200,34.630667
-777.547687,200,34.662765
-988.677957,200,34.694444
-1166.559445,200,34.72658
-1096.510564,200,34.757743
-1144.705835,200,34.790544
-878.47555,200,35.363272
-1290.300448,200,35.394292
-1281.989331,200,35.425059
-767.529279,200,35.457336
-878.749214,200,35.489195
-1093.817337,200,35.520166
-1167.949342,200,35.551059
-1304.939487,200,35.581723
-1247.411578,200,35.612392
-1072.65027,200,35.643098
-1331.264157,200,36.083008
-760.751632,200,36.114503
-1147.598464,200,36.145441
-1167.462642,200,36.176159
-942.126887,200,36.207099
-853.006452,200,36.237925
-875.327739,200,36.26839
-1110.812414,200,36.29897
-1342.217406,200,36.329618
-1258.137716,200,36.360371
-1002.16136,200,36.391127
-1123.615417,200,36.829592
-907.651511,200,36.860708
-960.664564,200,36.891339
-1181.538713,200,36.92172
-631.254107,200,37.081003
-995.732333,200,37.111609
-1329.760088,200,37.142349
-986.399022,200,37.173014
-766.405616,200,37.203629
-823.952015,200,37.234308
-1126.05656,200,37.669924
-1232.366603,200,37.700639
-1315.647265,200,37.731463
-813.221929,200,37.762508
-885.722923,200,37.793327
-1147.681151,200,37.823945
-955.637727,200,37.854847
-904.938656,200,37.88586
-981.007983,200,37.91636
-1392.412496,200,37.947038
-974.599715,200,38.391435
-1153.101074,200,38.424456
-782.556554,200,38.456892
-781.028704,200,38.488588
-904.223893,200,38.521015
-1004.499473,200,38.553837
-1060.851178,200,38.586283
-986.098964,200,38.618175
-1372.446626,200,38.64998
-1250.655207,200,38.817965
-1079.481063,200,39.264886
-900.150813,200,39.298243
-1263.770789,200,39.329988
-869.563321,200,39.362734
-875.420899,200,39.393873
-832.949798,200,39.425411
-879.633039,200,39.456552
-895.463962,200,39.488105
-1209.228668,200,39.521318
-1185.278989,200,39.553993
-1405.570947,200,39.585293
-797.893694,200,40.047482
-1211.503284,200,40.079238
-1009.183889,200,40.111979
-781.090833,200,40.143979
-899.538656,200,40.175581
-906.010723,200,40.207898
-890.543832,200,40.239631
-813.889981,200,40.271533
-1296.499189,200,40.304222
-794.131142,200,40.336161
-1308.845199,200,40.789349
-1032.833525,200,40.820974
-1037.6286,200,40.853528
-942.81572,200,41.017371
-1086.576023,200,41.048859
-932.723778,200,41.080399
-1239.076733,200,41.113158
-872.836828,200,41.145178
-1192.525335,200,41.178518
-1023.599332,200,41.21001
-982.111929,200,41.66305
-915.649007,200,41.694153
-1308.577736,200,41.727281
-1157.952247,200,41.758637
-847.251494,200,41.790184
-1037.003877,200,41.820841
-763.92892,200,41.852693
-752.916982,200,41.885494
-1029.533992,200,41.917724
-1036.424052,200,41.950363
-1187.139391,200,42.39857
-760.274715,200,42.429935
-1031.104031,200,42.461206
-995.555052,200,42.494254
-952.831897,200,42.52549
-753.91336,200,42.556825
-1055.298592,200,42.588025
-1113.86153,200,42.619156
-1225.024146,200,42.778077
-1011.526403,200,42.810053
-1214.02647,200,43.257258
-1046.670881,200,43.291223
-1301.872912,200,43.323396
-906.758073,200,43.354288
-760.619123,200,43.385281
-1211.902924,200,43.418992
-1130.520343,200,43.452922
-894.795042,200,43.484965
-763.292067,200,43.516167
-890.620549,200,43.548324
-873.376424,200,43.580328
-797.373915,200,44.03837
-933.635447,200,44.06962
-1273.699302,200,44.102038
-916.051171,200,44.133614
-1202.705783,200,44.164595
-905.192741,200,44.195996
-1132.071139,200,44.227206
-884.616775,200,44.258028
-900.294313,200,44.288884
-1050.70181,200,44.319523
-821.514473,200,44.775765
-811.223275,200,44.807829
-1141.794608,200,44.970885
-1067.143601,200,45.002664
-916.312556,200,45.034131
-1024.387542,200,45.066748
-767.415163,200,45.100278
-1193.599681,200,45.132255
-1008.796488,200,45.163239
-1027.502896,200,45.194175
-1012.192317,200,45.652189
-898.08643,200,45.68431
-900.041752,200,45.71613
-886.893144,200,45.747145
-648.284568,200,45.778311
-776.867611,200,45.810621
-929.625738,200,45.842558
-747.516433,200,45.875414
-1075.420627,200,45.907104
-1022.231026,200,45.938048
-919.703765,200,46.387885
-1132.332968,200,46.419223
-762.086415,200,46.450334
-1141.73739,200,46.481277
-1171.028988,200,46.511669
-884.058687,200,46.542147
-757.970614,200,46.572609
-887.139159,200,46.737184
-1104.417553,200,46.768531
-1047.176813,200,46.800027
-649.207655,200,46.832668
