#{"t_start": 1765845581.1120336, "env_id": "Reacher-v5"}
r,l,t
-65.393985,50,0.206472
-58.64803,50,0.24571
-58.862521,50,0.284535
-66.239512,50,0.324744
-54.04919,50,0.364658
-55.655706,50,0.40259
-64.589421,50,0.44708
-55.830491,50,0.486567
-62.3458,50,0.524855
-62.095597,50,0.562939
-61.259832,50,0.602549
-66.759707,50,0.642493
-55.224468,50,0.679428
-56.919999,50,0.718298
-64.781541,50,0.75704
-57.59803,50,0.792956
-64.663767,50,0.813074
-54.073402,50,0.85025
-54.62902,50,0.887132
-61.23519,50,0.924844
-58.858946,50,0.966337
-58.827083,50,1.005103
-60.003906,50,1.030616
-59.00289,50,1.070877
-61.108369,50,1.104357
-59.958281,50,1.134159
-67.531446,50,1.163906
-54.93987,50,1.197725
-67.44803,50,1.228858
-51.28416,50,1.259415
-56.864937,50,1.29791
-57.189807,50,1.329342
-62.32803,50,1.361252
-47.068817,50,1.394845
-63.8032,50,1.43493
-58.02455,50,1.472725
-63.814207,50,1.501786
-59.785612,50,1.534194
-59.741874,50,1.565668
-58.475674,50,1.609412
-64.220236,50,2.252092
-57.341655,50,2.290911
-54.969696,50,2.326724
-64.501932,50,2.365177
-62.712595,50,2.394
-60.80658,50,2.432096
-56.540765,50,2.463882
-61.427077,50,2.495282
-63.983187,50,2.521595
-60.358104,50,2.560726
-54.653729,50,2.599968
-54.705537,50,2.636646
-61.990589,50,2.673302
-60.922473,50,2.712368
-53.806895,50,2.749782
-52.339939,50,2.789994
-58.406487,50,2.829109
-58.86628,50,2.867287
-55.448019,50,2.900612
-52.482712,50,2.939775
-56.209618,50,2.967964
-57.884206,50,2.996318
-56.420229,50,3.020435
-53.250628,50,3.059522
-61.758065,50,3.098061
-58.765722,50,3.137751
-61.612569,50,3.177077
-62.245169,50,3.207397
-56.656818,50,3.244377
-67.713296,50,3.275988
-58.071714,50,3.307898
-66.823826,50,3.340919
-60.912172,50,3.379645
-60.02909,50,3.410583
-53.842791,50,3.442719
-54.519672,50,3.474206
-49.962245,50,3.506645
-61.853219,50,3.542241
-57.477182,50,3.582682
-57.131276,50,3.620815
-51.651279,50,3.650886
-57.808194,50,4.306069
-56.182218,50,4.340298
-49.359372,50,4.372394
-59.565455,50,4.410331
-51.704629,50,4.442563
-63.973733,50,4.478741
-49.423696,50,4.508006
-57.943557,50,4.541651
-58.974419,50,4.580664
-56.915959,50,4.619735
-48.925005,50,4.66064
-57.315284,50,4.699183
-60.130896,50,4.737339
-56.36309,50,4.775424
-51.200644,50,4.814841
-59.855097,50,4.84287
-62.207347,50,4.874886
-48.490332,50,4.909554
-60.932376,50,4.940157
-53.702142,50,4.97112
-56.069222,50,5.012761
-57.953914,50,5.052135
-61.743171,50,5.085599
-54.91319,50,5.125082
-54.386051,50,5.151543
-63.349608,50,5.181685
-63.23858,50,5.216333
-54.587465,50,5.255279
-55.452633,50,5.292218
-53.096105,50,5.330231
-59.148481,50,5.367814
-58.954909,50,5.399152
-50.754942,50,5.439992
-59.204623,50,5.479284
-57.071833,50,5.521246
-47.486861,50,5.561604
-60.771216,50,5.599192
-53.784802,50,5.634123
-53.034521,50,5.666295
-56.322016,50,5.695555
-56.601389,50,5.723418
-66.803522,50,6.421107
-48.343581,50,6.455152
-54.767735,50,6.487219
-60.71471,50,6.525223
-54.751351,50,6.568557
-64.723939,50,6.605489
-48.773316,50,6.644382
-58.735138,50,6.682844
-49.202011,50,6.71043
-59.625315,50,6.749228
-53.029848,50,6.788835
-55.206181,50,6.824639
-57.108741,50,6.864825
-53.441946,50,6.903495
-51.267799,50,6.942662
-57.832315,50,6.979122
-51.82423,50,7.018757
-52.751756,50,7.054799
-55.303869,50,7.09353
-50.364216,50,7.133572
-49.694711,50,7.172166
-57.059771,50,7.206872
-51.630176,50,7.232037
-53.195867,50,7.255578
-51.749694,50,7.287915
-54.573114,50,7.316006
-48.795085,50,7.345598
-50.717331,50,7.381168
-49.052402,50,7.41467
-56.838427,50,7.439164
-55.692521,50,7.472894
-57.860854,50,7.511807
-53.310967,50,7.537819
-51.190351,50,7.568826
-42.321541,50,7.609925
-53.114193,50,7.651616
-49.765471,50,7.688267
-49.602533,50,7.729143
-63.478858,50,7.765871
-48.312974,50,7.792502
-57.489981,50,7.818309
-60.192845,50,8.495287
-53.893508,50,8.530005
-50.836144,50,8.562722
-61.559957,50,8.601379
-57.860347,50,8.640417
-46.922009,50,8.67808
-47.952479,50,8.717456
-46.622355,50,8.759012
-50.845618,50,8.794526
-50.149439,50,8.832948
-52.576117,50,8.868322
-56.224096,50,8.907192
-50.295206,50,8.937816
-52.971235,50,8.974529
-55.615115,50,9.00272
-55.760461,50,9.039271
-50.592217,50,9.063851
-57.590661,50,9.098475
-41.975497,50,9.128496
-57.475288,50,9.169647
-46.460997,50,9.200445
-46.852685,50,9.240992
-57.975311,50,9.278644
-54.061833,50,9.30833
-59.988543,50,9.330674
-53.092212,50,9.36656
-56.055644,50,9.399082
-52.37136,50,9.427224
-59.37896,50,9.462547
-51.377068,50,9.496574
-50.160062,50,9.537545
-47.868454,50,9.577877
-62.184218,50,9.616516
-47.679156,50,9.653791
-48.218067,50,9.694095
-54.284469,50,9.729532
-49.915842,50,9.769289
-47.550051,50,9.799675
-46.586601,50,9.835626
-56.294216,50,9.869831
-52.603673,50,9.895567
-54.344355,50,10.677793
-47.147927,50,10.715132
-58.317872,50,10.753975
-50.913815,50,10.792675
-52.712308,50,10.831812
-44.855892,50,10.86364
-58.192512,50,10.902175
-46.396425,50,10.943423
-59.297481,50,10.985506
-53.541319,50,11.019203
-49.848316,50,11.051696
-54.054644,50,11.080923
-50.099123,50,11.114328
-52.51725,50,11.143589
-49.686356,50,11.173816
-52.71902,50,11.194674
-52.480074,50,11.231269
-51.577239,50,11.259858
-48.006804,50,11.286688
-51.555566,50,11.311141
-49.465139,50,11.346541
-51.613982,50,11.384235
-47.010706,50,11.416113
-48.226001,50,11.455303
-52.040392,50,11.481607
-48.744501,50,11.516631
-45.131046,50,11.541586
-50.545736,50,11.579515
-55.623061,50,11.616589
-44.862106,50,11.645676
-46.525197,50,11.678218
-54.924085,50,11.717608
-55.260484,50,11.754663
-51.702354,50,11.792306
-50.211006,50,11.831643
-49.415997,50,11.873164
-59.42999,50,11.908498
-48.179241,50,11.938849
-49.898139,50,11.971503
-56.082574,50,12.012107
-48.815083,50,12.052401
-49.601161,50,12.690731
-52.027854,50,12.73018
-51.960906,50,12.76789
-49.387771,50,12.802728
-50.284999,50,12.841103
-49.170285,50,12.875691
-48.366723,50,12.917613
-39.911057,50,12.957182
-54.009325,50,12.988462
-53.97,50,13.028584
-42.748823,50,13.068865
-47.981995,50,13.105567
-44.111531,50,13.143717
-55.097078,50,13.177515
-48.304767,50,13.208238
-45.850113,50,13.240789
-51.614777,50,13.271858
-49.076525,50,13.304292
-40.852978,50,13.340649
-49.990199,50,13.382193
-46.72003,50,13.421553
-48.933938,50,13.458444
-46.508724,50,13.493552
-41.019678,50,13.534178
-44.518004,50,13.570989
-44.950193,50,13.60672
-43.060673,50,13.641186
-40.545827,50,13.67508
-48.205848,50,13.715152
-49.271481,50,13.75379
-47.186236,50,13.791364
-46.145744,50,13.8329
-56.395498,50,13.86982
-51.693983,50,13.903187
-49.36338,50,13.938395
-52.357829,50,13.96964
-46.827198,50,13.996838
-49.078318,50,14.027019
-50.193913,50,14.063705
-48.385121,50,14.102883
-32.208821,50,14.141668
-52.313861,50,14.845654
-47.861515,50,14.884134
-51.760339,50,14.926195
-43.985676,50,14.964886
-43.218894,50,15.003282
-39.604951,50,15.039076
-48.733251,50,15.079771
-45.84441,50,15.119771
-44.777479,50,15.157473
-44.95091,50,15.195254
-46.748033,50,15.228425
-49.869116,50,15.259174
-39.017969,50,15.282535
-46.431115,50,15.30785
-40.524228,50,15.344617
-53.565871,50,15.383228
-34.226967,50,15.421503
-44.579199,50,15.459709
-48.348149,50,15.496932
-43.034547,50,15.529895
-43.093374,50,15.567679
-40.820927,50,15.606041
-47.437782,50,15.642788
-45.581234,50,15.672888
-43.54387,50,15.70882
-57.519417,50,15.752545
-48.684832,50,15.782187
-43.131835,50,15.813221
-42.528642,50,15.850827
-45.718496,50,15.887752
-41.351243,50,15.926818
-47.819463,50,15.953183
-45.646522,50,15.989614
-38.140959,50,16.020685
-45.163832,50,16.059621
-44.59627,50,16.094394
-44.249111,50,16.12671
-40.38178,50,16.160552
-49.125083,50,16.196729
-46.160557,50,16.228394
-57.81041,50,16.271714
-39.831084,50,16.965966
-53.973109,50,17.004379
-42.166584,50,17.044404
-48.069399,50,17.082767
-49.197955,50,17.121182
-40.469877,50,17.162678
-43.898355,50,17.198769
-47.049661,50,17.229522
-44.685091,50,17.254847
-45.224945,50,17.286349
-52.01479,50,17.31933
-50.357954,50,17.347803
-41.756861,50,17.382704
-44.925214,50,17.412754
-40.075967,50,17.442823
-47.395856,50,17.473711
-49.884503,50,17.506923
-46.568877,50,17.538146
-39.184307,50,17.56972
-38.11397,50,17.600462
-42.36608,50,17.630728
-44.658403,50,17.660046
-40.123089,50,17.686812
-39.738367,50,17.721323
-42.162909,50,17.75389
-43.048804,50,17.780931
-36.49406,50,17.824136
-38.182383,50,17.862538
-38.827546,50,17.895796
-42.969869,50,17.932707
-47.177373,50,17.970986
-45.453335,50,18.003495
-42.768578,50,18.043175
-44.261624,50,18.066762
-48.512229,50,18.090533
-42.24031,50,18.113855
-41.324048,50,18.14226
-49.83283,50,18.183448
-50.081081,50,18.220367
-49.364514,50,18.242075
-40.535923,50,18.266668
-42.398891,50,19.236071
-42.7763,50,19.274683
-49.690221,50,19.313454
-46.266514,50,19.354591
-39.503098,50,19.393655
-40.453151,50,19.431901
-46.435987,50,19.473869
-40.551683,50,19.512721
-43.080602,50,19.552568
-36.133111,50,19.585106
-43.126975,50,19.616836
-45.215575,50,19.653025
-47.957846,50,19.692344
-44.42503,50,19.731786
-34.149242,50,19.77161
-50.76727,50,19.810814
-46.5078,50,19.848506
-46.445923,50,19.889234
-41.303897,50,19.928644
-34.01818,50,19.971424
-45.511696,50,20.011425
-41.814148,50,20.052226
-40.550531,50,20.092271
-39.903295,50,20.129561
-49.617469,50,20.170406
-28.863267,50,20.209617
-39.578371,50,20.250242
-31.307518,50,20.289293
-46.79365,50,20.331584
-42.235371,50,20.368921
-39.324858,50,20.401714
-43.125437,50,20.444643
-42.335346,50,20.482805
-42.327004,50,20.523681
-28.108502,50,20.561498
-47.091826,50,20.600952
-50.255622,50,20.638484
-36.968247,50,20.675381
-52.737513,50,20.713437
-45.110094,50,20.753613
-42.012593,50,20.778958
-43.827746,50,21.593451
-29.837224,50,21.631717
-40.740271,50,21.671943
-35.814256,50,21.707766
-39.629041,50,21.740332
-36.277737,50,21.77097
-38.274517,50,21.797514
-37.888366,50,21.830693
-39.494853,50,21.86595
-34.028196,50,21.902522
-38.714328,50,21.937661
-43.660671,50,21.963462
-42.52386,50,22.00235
-44.777991,50,22.030623
-29.073869,50,22.056106
-35.072074,50,22.101814
-37.34298,50,22.136574
-25.610432,50,22.177133
-30.48559,50,22.214817
-34.979576,50,22.244872
-43.252581,50,22.272997
-31.165844,50,22.302476
-38.536418,50,22.340407
-34.148147,50,22.37092
-40.492002,50,22.407901
-30.910692,50,22.445266
-30.985386,50,22.487875
-42.57894,50,22.521604
-46.418906,50,22.554822
-39.118442,50,22.586642
-31.135911,50,22.624917
-35.905213,50,22.659901
-38.786135,50,22.690732
-30.862285,50,22.730544
-40.466059,50,22.760234
-38.898486,50,22.787782
-40.736715,50,22.819667
-31.062825,50,22.855957
-33.275284,50,22.889883
-44.972863,50,22.929159
-40.766197,50,22.964141
-30.289402,50,23.706154
-39.452068,50,23.7474
-46.82292,50,23.782188
-42.511502,50,23.823648
-40.62535,50,23.861668
-33.030109,50,23.896875
-27.189868,50,23.93564
-35.738404,50,23.973716
-30.345592,50,24.009127
-36.350934,50,24.050546
-33.039525,50,24.086637
-36.616411,50,24.128439
-33.348043,50,24.168405
-29.314149,50,24.205563
-26.182769,50,24.247231
-34.698193,50,24.276171
-33.233496,50,24.313349
-30.353137,50,24.345092
-36.766033,50,24.384166
-28.6307,50,24.415762
-24.321892,50,24.442953
-39.72692,50,24.470313
-32.54206,50,24.508021
-38.327101,50,24.552529
-31.659741,50,24.580732
-42.573119,50,24.616857
-34.640417,50,24.6518
-30.755397,50,24.692209
-39.321385,50,24.728359
-37.930404,50,24.766729
-24.435666,50,24.806728
-40.344793,50,24.839702
-39.524359,50,24.8771
-43.284783,50,24.916726
-27.138926,50,24.955613
-31.070296,50,24.984829
-33.017452,50,25.015189
-33.129441,50,25.045471
-27.635048,50,25.078434
-32.453225,50,25.113656
-32.045077,50,25.140466
-31.600122,50,25.924194
-31.705662,50,25.965703
-33.471466,50,26.004786
-26.684909,50,26.045955
-27.358862,50,26.088372
-30.641634,50,26.127424
-33.644465,50,26.169061
-33.539025,50,26.208544
-27.969485,50,26.25067
-33.226563,50,26.290667
-32.313586,50,26.327765
-32.140786,50,26.369587
-30.602522,50,26.407762
-30.547436,50,26.444606
-38.515923,50,26.48207
-29.266913,50,26.513123
-26.868296,50,26.545075
-25.550939,50,26.577522
-29.86636,50,26.61796
-37.62859,50,26.657051
-36.660091,50,26.68192
-23.832529,50,26.716104
-22.390045,50,26.7405
-28.074191,50,26.772191
-24.983755,50,26.79969
-27.985031,50,26.8338
-30.388318,50,26.873395
-30.44414,50,26.913503
-26.429272,50,26.949969
-37.361984,50,26.987849
-38.231752,50,27.02594
-31.122088,50,27.067409
-34.039753,50,27.106717
-24.107719,50,27.139423
-31.764478,50,27.17264
-38.481838,50,27.19983
-31.069386,50,27.234565
-31.642909,50,27.268312
-20.713166,50,27.306382
-28.856731,50,27.336777
-27.132771,50,27.364065
-30.007978,50,27.995612
-18.522104,50,28.036179
-23.517114,50,28.075309
-26.203821,50,28.111657
-36.119298,50,28.152634
-23.146558,50,28.189735
-23.008712,50,28.229061
-28.988521,50,28.267852
-30.826435,50,28.30614
-23.466061,50,28.337829
-24.593669,50,28.376929
-25.835504,50,28.414988
-25.699818,50,28.444723
-36.026672,50,28.477079
-30.748346,50,28.505313
-25.499148,50,28.53481
-21.783514,50,28.577071
-32.789225,50,28.615725
-23.979754,50,28.653725
-21.995568,50,28.684488
-39.086578,50,28.723788
-25.051292,50,28.755902
-28.363189,50,28.798869
-29.136394,50,28.83533
-32.312498,50,28.86898
-29.815553,50,28.905286
-27.143258,50,28.941712
-27.456667,50,28.981184
-27.90944,50,29.022713
-28.965664,50,29.06588
-33.69444,50,29.092565
-20.956941,50,29.120443
-28.493126,50,29.153624
-26.538354,50,29.191746
-25.724916,50,29.215527
-29.67743,50,29.248128
-24.079972,50,29.269427
-30.31804,50,29.290323
-34.179092,50,29.318393
-24.94065,50,29.353464
-25.057547,50,29.393945
-16.211138,50,30.129594
-22.821458,50,30.16989
-23.173325,50,30.208087
-21.827358,50,30.249495
-19.457236,50,30.289854
-22.34982,50,30.329758
-26.142316,50,30.359263
-28.051266,50,30.396211
-28.375738,50,30.420923
-25.596299,50,30.445799
-22.495769,50,30.479478
-28.779754,50,30.512993
-32.188179,50,30.543658
-28.723879,50,30.571979
-30.104495,50,30.599606
-23.496615,50,30.629896
-25.281352,50,30.667104
-27.336094,50,30.695894
-29.153042,50,30.731004
-17.094826,50,30.753534
-23.105963,50,30.780747
-21.305606,50,30.81642
-24.449589,50,30.841292
-28.846757,50,30.869235
-20.679297,50,30.899465
-25.881727,50,30.925697
-30.473967,50,30.963804
-22.664125,50,30.997194
-27.618463,50,31.0229
-25.423601,50,31.051526
-23.501319,50,31.081253
-25.685598,50,31.110076
-21.740859,50,31.152193
-20.622836,50,31.192396
-20.41922,50,31.230861
-27.53826,50,31.270591
-26.238656,50,31.309527
-24.939874,50,31.349525
-24.826583,50,31.387434
-22.313815,50,31.426158
-21.690104,50,31.465362
-28.965911,50,32.371319
-24.004577,50,32.409177
-18.087876,50,32.447097
-21.389711,50,32.488597
-20.451069,50,32.527838
-22.678457,50,32.567554
-23.061911,50,32.604381
-19.928265,50,32.642299
-22.443943,50,32.682824
-18.954854,50,32.722547
-17.152826,50,32.760446
-28.989647,50,32.793899
-19.556103,50,32.832049
-23.288805,50,32.867532
-17.765976,50,32.895014
-19.981516,50,32.921699
-15.59212,50,32.954479
-21.961592,50,32.982862
-21.009357,50,33.022404
-18.172854,50,33.062922
-16.036162,50,33.100894
-26.409443,50,33.131659
-20.252513,50,33.159425
-17.496471,50,33.191267
-19.693423,50,33.22678
-20.363513,50,33.254544
-20.929205,50,33.292078
-21.432863,50,33.333995
-22.117222,50,33.371192
-21.848591,50,33.408368
-18.596154,50,33.446124
-23.834024,50,33.485797
-22.850513,50,33.525803
-20.40626,50,33.566113
-12.751351,50,33.608235
-23.105326,50,33.637883
-17.934515,50,33.678543
-15.959534,50,33.708838
-21.459598,50,33.735211
-22.207619,50,33.767249
-25.406669,50,33.797755
-17.770801,50,34.790823
-23.334266,50,34.830513
-23.390557,50,34.868288
-15.234919,50,34.910055
-22.361675,50,34.946216
-12.924492,50,34.986659
-19.033281,50,35.025703
-24.401994,50,35.066132
-19.029112,50,35.103946
-25.06697,50,35.134854
-15.919656,50,35.169061
-21.324695,50,35.206711
-24.514424,50,35.243887
-19.203581,50,35.280574
-15.771236,50,35.307106
-29.196894,50,35.330875
-16.812506,50,35.362131
-16.154122,50,35.391567
-16.973398,50,35.418968
-27.452358,50,35.443221
-16.711822,50,35.470966
-19.846946,50,35.509416
-15.489397,50,35.545413
-16.823698,50,35.582525
-16.387863,50,35.618186
-24.32991,50,35.64734
-18.729917,50,35.686056
-13.577872,50,35.726745
-16.331545,50,35.768469
-20.03085,50,35.807644
-13.012745,50,35.846521
-21.564625,50,35.887284
-16.421814,50,35.928251
-14.853937,50,35.964769
-20.080872,50,36.002733
-21.162285,50,36.031068
-22.124846,50,36.068342
-22.76686,50,36.106647
-20.676727,50,36.137893
-20.041415,50,36.172484
-15.621145,50,36.213426
-16.019098,50,36.976444
-12.237269,50,37.013083
-17.845238,50,37.057088
-21.585567,50,37.095524
-12.684413,50,37.12762
-23.708345,50,37.166116
-12.453219,50,37.19424
-16.744352,50,37.227477
-20.567495,50,37.258342
-20.732486,50,37.279602
-15.813979,50,37.303572
-23.437006,50,37.329937
-16.528075,50,37.363204
-15.637904,50,37.401383
-21.857788,50,37.42967
-15.804204,50,37.465902
-14.730887,50,37.500914
-24.982063,50,37.522837
-17.796816,50,37.548767
-20.220351,50,37.585108
-18.624755,50,37.614445
-22.509127,50,37.653699
-13.581647,50,37.677201
-15.646747,50,37.716476
-14.44543,50,37.756513
-24.511291,50,37.79836
-19.779091,50,37.839739
-18.70539,50,37.877588
-15.500679,50,37.919365
-12.466833,50,37.958473
-18.525142,50,37.997656
-16.202931,50,38.038769
-11.559543,50,38.077614
-15.03393,50,38.118771
-25.746319,50,38.157417
-20.896638,50,38.196895
-15.404836,50,38.237528
-11.416062,50,38.275796
-15.961609,50,38.313064
-16.859038,50,38.352632
-13.971133,50,38.394235
-16.628716,50,39.293225
-15.509475,50,39.330404
-13.27239,50,39.373258
-17.017436,50,39.409493
-13.422099,50,39.446214
-13.244883,50,39.484833
-16.271093,50,39.517857
-21.264816,50,39.549261
-21.041922,50,39.581717
-12.656799,50,39.623618
-15.482097,50,39.658327
-18.529251,50,39.692844
-14.228989,50,39.730832
-12.357305,50,39.758177
-14.155713,50,39.79567
-14.444984,50,39.827811
-12.506145,50,39.857871
-13.827391,50,39.889947
-20.358921,50,39.925198
-11.274504,50,39.950729
-18.931842,50,39.981766
-12.06487,50,40.014866
-14.689887,50,40.050781
-11.698688,50,40.083344
-15.945618,50,40.120176
-14.260598,50,40.157963
-19.501275,50,40.187472
-18.490796,50,40.218608
-15.896003,50,40.256897
-11.902601,50,40.291622
-22.14582,50,40.329016
-12.954868,50,40.359877
-17.755944,50,40.386395
-16.944147,50,40.408579
-17.214314,50,40.440292
-20.308588,50,40.475402
-18.585383,50,40.509387
-13.608447,50,40.544596
-18.799708,50,40.576329
-17.468998,50,40.604727
-11.247049,50,40.640523
-12.664917,50,41.46773
-13.929022,50,41.506187
-10.831458,50,41.545914
-13.746091,50,41.583738
-12.040559,50,41.614306
-11.659129,50,41.646655
-15.458028,50,41.679135
-17.261706,50,41.709373
-12.585762,50,41.740712
-17.548925,50,41.772981
-13.923783,50,41.811956
-17.681435,50,41.839845
-12.655119,50,41.867017
-16.91456,50,41.89765
-15.462959,50,41.926831
-14.181498,50,41.959318
-17.788255,50,41.993793
-20.092961,50,42.025198
-12.219848,50,42.05809
-13.855435,50,42.0816
-14.747231,50,42.117416
-12.014432,50,42.150087
-15.128228,50,42.185858
-13.356439,50,42.215597
-13.016031,50,42.248087
-14.506859,50,42.28475
-16.40852,50,42.323314
-8.788313,50,42.354605
-14.831933,50,42.391041
-18.784467,50,42.421325
-16.31331,50,42.448814
-14.892846,50,42.479219
-10.971484,50,42.519328
-15.031708,50,42.557684
-16.235136,50,42.589367
-16.270378,50,42.62045
-18.731804,50,42.65579
-13.935775,50,42.682181
-14.355044,50,42.719475
-14.605507,50,42.747831
-18.968453,50,42.786594
-15.36078,50,43.457722
-17.649263,50,43.4977
-15.641693,50,43.536884
-15.20755,50,43.576134
-11.22685,50,43.615901
-12.284237,50,43.652709
-16.347539,50,43.690585
-18.0188,50,43.730203
-11.216883,50,43.768255
-13.134264,50,43.806149
-13.630347,50,43.845583
-15.726776,50,43.881802
-13.527524,50,43.923641
-13.808696,50,43.964174
-14.077948,50,44.001923
-16.902806,50,44.041778
-10.977828,50,44.082996
-11.560157,50,44.123273
-14.56035,50,44.16076
-12.630433,50,44.204518
-13.291868,50,44.240797
-12.371817,50,44.282408
-18.046952,50,44.321686
-14.294649,50,44.360384
-11.51676,50,44.399912
-13.045598,50,44.438815
-20.879871,50,44.477196
-14.249255,50,44.516886
-10.719972,50,44.558802
-12.47632,50,44.595849
-12.357691,50,44.636683
-14.961716,50,44.672277
-12.279034,50,44.701176
-12.794463,50,44.739456
-12.098971,50,44.775742
-14.733073,50,44.807552
-14.962503,50,44.842826
-13.698205,50,44.869053
-11.076555,50,44.911255
-12.557688,50,44.947814
-18.3818,50,44.983511
-18.508654,50,45.688133
-15.32634,50,45.724949
-11.151604,50,45.766038
-13.022731,50,45.802871
-12.97682,50,45.836137
-11.007365,50,45.866179
-12.8345,50,45.895308
-19.198921,50,45.927522
-13.906298,50,45.9645
-13.665879,50,46.002849
-15.4842,50,46.033427
-9.488304,50,46.063243
-15.177509,50,46.106308
-13.109054,50,46.144844
-12.604476,50,46.184646
-15.8596,50,46.218642
-13.229537,50,46.248623
-13.699282,50,46.284139
-11.455241,50,46.317955
-11.107289,50,46.355178
-14.925558,50,46.390021
-10.901944,50,46.424893
-17.549174,50,46.452749
-11.760921,50,46.495315
-10.62834,50,46.523742
-22.410586,50,46.553455
-11.731066,50,46.591779
-13.261951,50,46.624609
-12.552783,50,46.662812
-15.528575,50,46.701733
-11.675181,50,46.741233
-18.754481,50,46.774597
-9.710041,50,46.810555
-12.25957,50,46.84577
-12.735498,50,46.873868
-11.468463,50,46.90672
-14.059453,50,46.932312
-16.1071,50,46.960642
-8.859691,50,46.994844
-9.978048,50,47.038314
-9.907296,50,47.074479
-17.473278,50,47.797791
-16.307363,50,47.838112
-13.06258,50,47.877565
-8.593623,50,47.911258
-15.520597,50,47.941225
-11.59525,50,47.971668
-10.532953,50,47.99982
-13.817103,50,48.035428
-11.72907,50,48.066429
-11.801736,50,48.094652
-12.516733,50,48.133179
-10.18447,50,48.167472
-15.928636,50,48.211222
-11.24375,50,48.25234
-9.902948,50,48.291583
-13.193701,50,48.33187
-17.841049,50,48.365186
-14.954517,50,48.398424
-11.205326,50,48.432082
-10.559964,50,48.453201
-16.141986,50,48.483619
-15.389377,50,48.510615
-14.100634,50,48.554862
-10.088249,50,48.589602
-13.59999,50,48.629678
-10.96762,50,48.653756
-10.590484,50,48.679559
-10.798539,50,48.712596
-15.865716,50,48.740819
-8.948611,50,48.764692
-15.355359,50,48.799844
-10.906593,50,48.833034
-8.410067,50,48.869685
-13.83883,50,48.904608
-11.487246,50,48.941303
-10.325778,50,48.970705
-14.806781,50,49.009013
-12.925202,50,49.03907
-8.931006,50,49.076647
-11.974988,50,49.115453
-13.01353,50,49.143832
-17.196385,50,49.90654
-11.837461,50,49.944013
-9.095171,50,49.981429
-10.318939,50,50.019222
-10.208967,50,50.058439
-13.682405,50,50.097529
-9.487915,50,50.133278
-12.596493,50,50.171733
-11.524191,50,50.212007
-8.415102,50,50.252179
-14.535504,50,50.293352
-11.682219,50,50.33438
-15.926819,50,50.369717
-14.553881,50,50.399666
-9.067386,50,50.43635
-15.357627,50,50.476429
-14.045437,50,50.517108
-11.21964,50,50.558514
-11.100606,50,50.598208
-7.728616,50,50.633691
-13.263517,50,50.672938
-14.238461,50,50.710877
-16.092671,50,50.750913
-14.399637,50,50.781862
-12.614082,50,50.811433
-12.796243,50,50.849371
-15.040271,50,50.88975
-13.530731,50,50.922809
-12.882498,50,50.945549
-16.183175,50,50.978617
-13.928102,50,51.012014
-9.994268,50,51.054378
-8.664626,50,51.085184
-13.002493,50,51.117575
-15.668775,50,51.152426
-7.556484,50,51.183379
-15.845389,50,51.21761
-16.739537,50,51.250117
-13.310517,50,51.284201
-10.256904,50,51.316923
-10.003983,50,51.357582
-10.796134,50,51.940901
-7.535751,50,51.978645
-16.860229,50,52.017887
-9.470855,50,52.052113
-9.331039,50,52.084804
-9.280167,50,52.112283
-8.256363,50,52.145791
-11.750915,50,52.17968
-10.995101,50,52.213316
-11.660752,50,52.246011
-12.63106,50,52.271677
-10.652718,50,52.298393
-8.609542,50,52.3338
-7.893511,50,52.370625
-11.020719,50,52.41014
-11.376481,50,52.438685
-6.987746,50,52.467779
-12.883531,50,52.49661
-11.577373,50,52.537865
-11.659137,50,52.571565
-10.011452,50,52.607274
-13.64559,50,52.637083
-10.913726,50,52.679929
-13.508834,50,52.707416
-12.844329,50,52.731803
-7.367066,50,52.761245
-16.088032,50,52.78853
-15.636274,50,52.820178
-10.279531,50,52.852282
-6.529554,50,52.873487
-14.918446,50,52.897365
-8.382265,50,52.936409
-7.883639,50,52.971243
-10.346096,50,53.009717
-13.304295,50,53.049198
-10.538489,50,53.087465
-13.715406,50,53.126064
-12.494821,50,53.163771
-13.894674,50,53.201314
-10.568322,50,53.230895
-7.72792,50,53.269687
-8.556373,50,53.960263
-8.996516,50,53.996988
-13.571918,50,54.035227
-8.807955,50,54.076526
-8.916249,50,54.116298
-10.758276,50,54.153594
-9.64074,50,54.191657
-12.523714,50,54.221162
-10.336457,50,54.2587
-11.548299,50,54.298492
-15.673984,50,54.336372
-10.505385,50,54.36493
-7.782511,50,54.39425
-10.578257,50,54.436231
-15.472929,50,54.466563
-10.994516,50,54.498637
-14.066808,50,54.528759
-12.460497,50,54.555152
-15.053575,50,54.594247
-9.208846,50,54.635448
-11.82059,50,54.673024
-10.057069,50,54.713795
-8.203109,50,54.75229
-15.574227,50,54.786907
-10.464211,50,54.824558
-7.171964,50,54.852458
-12.638348,50,54.882666
-9.084311,50,54.917446
-7.375624,50,54.956368
-11.140198,50,54.991724
-6.700181,50,55.032819
-11.149014,50,55.059515
-11.49671,50,55.088957
-10.203593,50,55.125525
-9.454797,50,55.164544
-10.927426,50,55.200199
-9.349271,50,55.234505
-8.492623,50,55.270654
-7.952007,50,55.293668
-11.324787,50,55.332564
-14.649067,50,56.276675
-9.836276,50,56.317149
-14.480281,50,56.355598
-9.341402,50,56.392126
-9.520562,50,56.430407
-8.601028,50,56.469161
-10.96951,50,56.505059
-9.941734,50,56.542422
-11.051424,50,56.583101
-8.420172,50,56.621385
-11.667859,50,56.661983
-12.926181,50,56.698549
-11.432286,50,56.729841
-8.355905,50,56.764456
-9.903035,50,56.800337
-9.38255,50,56.830981
-10.43148,50,56.870318
-13.218387,50,56.895572
-9.048063,50,56.939455
-8.089598,50,56.978297
-10.306806,50,57.015918
-10.17829,50,57.054659
-5.784995,50,57.083407
-13.784913,50,57.111736
-8.921724,50,57.150557
-13.318504,50,57.193629
-10.674191,50,57.234391
-8.986697,50,57.276337
-13.172192,50,57.316341
-10.370356,50,57.353311
-11.815079,50,57.393869
-10.213936,50,57.429629
-10.920599,50,57.468771
-8.275291,50,57.500592
-8.859366,50,57.532444
-10.290176,50,57.574647
-8.180582,50,57.610894
-9.832284,50,57.651487
-6.835771,50,57.686611
-11.511715,50,57.708116
-7.806731,50,57.750643
-8.580946,50,58.567353
-11.820886,50,58.602841
-16.981175,50,58.640697
-11.850269,50,58.675675
-7.298418,50,58.712733
-9.730699,50,58.747288
-6.382035,50,58.780389
-13.106428,50,58.821246
-10.894005,50,58.857798
-8.939881,50,58.890664
-10.499076,50,58.922687
-13.930545,50,58.949178
-8.879914,50,58.984333
-7.339686,50,59.016657
-8.113058,50,59.047958
-12.181415,50,59.087171
-9.7877,50,59.120346
-15.129963,50,59.159551
-9.12877,50,59.195274
-8.470645,50,59.231905
-8.768008,50,59.261299
-7.474395,50,59.285568
-12.8731,50,59.315479
-6.906602,50,59.343343
-6.060918,50,59.367651
-9.631471,50,59.409336
-7.303509,50,59.441586
-9.491808,50,59.470999
-8.894098,50,59.51035
-7.215639,50,59.543061
-9.614144,50,59.584224
-10.260061,50,59.614264
-7.894673,50,59.651347
-11.721072,50,59.684543
-10.802734,50,59.712881
-14.069655,50,59.745603
-11.250664,50,59.772244
-12.598001,50,59.808313
-12.059203,50,59.847655
-8.779738,50,59.888082
-12.327964,50,59.923582
-7.561909,50,60.530312
-8.826481,50,60.557999
-8.980161,50,60.591602
-7.193708,50,60.631787
-7.324986,50,60.672957
-8.527978,50,60.713354
-8.536514,50,60.7521
-5.543282,50,60.79384
-11.256431,50,60.822552
-9.010081,50,60.857786
-5.982438,50,60.888074
-7.696473,50,60.91865
-9.555578,50,60.953607
-7.873029,50,60.984876
-10.173946,50,61.016589
-10.473392,50,61.048767
-10.155556,50,61.082207
-13.250374,50,61.114076
-7.691231,50,61.143945
-7.612245,50,61.170658
-8.092875,50,61.200025
-12.113507,50,61.236223
-14.540307,50,61.268502
-4.912046,50,61.303727
-9.171708,50,61.341282
-7.959372,50,61.371661
-7.619889,50,61.403739
-7.810192,50,61.434645
-14.088899,50,61.469913
-10.376462,50,61.504038
-6.168379,50,61.535168
-9.861118,50,61.573715
-8.286651,50,61.611426
-8.182473,50,61.640486
-11.336479,50,61.683287
-9.009321,50,61.725767
-10.390268,50,61.764097
-12.475287,50,61.804708
-7.886756,50,61.848349
-10.425339,50,61.884243
-12.295059,50,61.921794
-8.706903,50,62.679576
-9.65455,50,62.70883
-6.892062,50,62.747372
-9.633977,50,62.784638
-7.888058,50,62.822795
-8.225782,50,62.853973
-6.11998,50,62.883684
-7.579738,50,62.922052
-12.988967,50,62.949292
-7.430259,50,62.983784
-13.916317,50,63.013304
-8.097753,50,63.050553
-8.350771,50,63.085099
-9.422921,50,63.114053
-10.286778,50,63.139762
-7.18598,50,63.172961
-8.248649,50,63.200224
-7.039206,50,63.236843
-13.562166,50,63.267336
-9.144763,50,63.306371
-7.749951,50,63.337325
-6.231031,50,63.378529
-12.248754,50,63.415614
-9.083088,50,63.455805
-9.476897,50,63.494479
-9.762572,50,63.532812
-8.036251,50,63.569827
-7.493317,50,63.602426
-9.147854,50,63.638174
-10.488978,50,63.678524
-8.090419,50,63.717684
-9.196905,50,63.754226
-14.283401,50,63.791864
-7.86888,50,63.818747
-8.900594,50,63.859464
-7.432587,50,63.892013
-11.01157,50,63.927861
-8.972971,50,63.965466
-8.310793,50,64.00281
-6.631335,50,64.042754
-8.4221,50,64.080347
-9.474131,50,64.755722
-6.591329,50,64.779223
-11.847678,50,64.800255
-8.093025,50,64.843686
-6.275081,50,64.880182
-7.346942,50,64.920431
-7.280856,50,64.957836
-6.983307,50,64.996517
-8.434048,50,65.02867
-10.613627,50,65.063116
-10.156476,50,65.086712
-8.180843,50,65.126908
-10.62003,50,65.159363
-10.071486,50,65.189545
-9.995921,50,65.227538
-8.121668,50,65.262378
-8.680498,50,65.299962
-8.406318,50,65.337786
-9.191892,50,65.366637
-8.419642,50,65.403608
-9.857626,50,65.428144
-5.444582,50,65.453538
-9.108184,50,65.48067
-7.333015,50,65.524762
-14.37926,50,65.554907
-5.77532,50,65.580688
-8.340718,50,65.609214
-8.306936,50,65.643789
-7.650182,50,65.686757
-6.502495,50,65.717748
-8.520765,50,65.753026
-9.175316,50,65.797302
-7.22677,50,65.829454
-14.355701,50,65.86055
-11.491776,50,65.88857
-7.619119,50,65.915448
-9.539151,50,65.941433
-12.287594,50,65.975107
-13.194323,50,66.011136
-8.160989,50,66.038692
-7.758349,50,66.074125
-5.340996,50,66.781403
-5.451032,50,66.81894
-10.500954,50,66.858754
-9.82418,50,66.898027
-9.249048,50,66.938607
-7.480731,50,66.979193
-9.184963,50,67.015371
-9.214001,50,67.055421
-3.571533,50,67.094759
-7.941238,50,67.132764
-10.514117,50,67.170969
-10.550478,50,67.21023
-8.306466,50,67.25046
-11.002175,50,67.281793
-7.491307,50,67.311924
-7.780241,50,67.351752
-7.077262,50,67.387891
-5.676705,50,67.418906
-5.126453,50,67.456243
-5.851902,50,67.491498
-8.360836,50,67.531513
-7.456759,50,67.56555
-9.198987,50,67.59563
-11.898407,50,67.628654
-12.008679,50,67.666376
-8.03139,50,67.706603
-9.307472,50,67.74613
-7.984558,50,67.786638
-12.856954,50,67.826476
-8.126694,50,67.862932
-10.016555,50,67.902531
-8.28493,50,67.94162
-7.239648,50,67.982586
-5.915786,50,68.022442
-8.069666,50,68.058521
-6.628348,50,68.10021
-10.182641,50,68.141008
-7.807201,50,68.169982
-12.111247,50,68.214824
-8.083554,50,68.254955
-9.694146,50,68.294175
-8.934782,50,69.1019
-8.027686,50,69.137931
-6.923968,50,69.175177
-7.220511,50,69.213296
-7.326368,50,69.251932
-5.940292,50,69.289759
-9.83294,50,69.327329
-7.070748,50,69.368535
-10.2317,50,69.403002
-8.97667,50,69.431529
-7.967777,50,69.46631
-7.39072,50,69.502592
-14.561118,50,69.541555
-7.955382,50,69.571676
-6.848248,50,69.604258
-7.381173,50,69.642008
-7.081635,50,69.667422
-8.545027,50,69.694801
-6.88761,50,69.735587
-8.200977,50,69.768557
-7.528399,50,69.802663
-6.860257,50,69.836459
-8.292443,50,69.878347
-12.129647,50,69.912236
-8.572267,50,69.94566
-8.426905,50,69.988723
-10.639288,50,70.02493
-7.091707,50,70.062208
-9.763458,50,70.099639
-7.144246,50,70.136049
-5.965052,50,70.167594
-5.059186,50,70.203441
-9.098878,50,70.24179
-4.160167,50,70.268276
-6.633514,50,70.298623
-7.223185,50,70.339503
-3.634509,50,70.380516
-4.7811,50,70.418814
-6.857315,50,70.446792
-6.665502,50,70.477099
-7.919115,50,70.500097
-6.925197,50,71.300997
-9.742817,50,71.337229
-11.505373,50,71.375644
-6.998931,50,71.414621
-4.803947,50,71.454861
-9.573897,50,71.493341
-10.773885,50,71.533822
-7.370019,50,71.567699
-6.586196,50,71.597098
-9.698351,50,71.623099
-7.410153,50,71.653001
-10.593635,50,71.689563
-5.341691,50,71.73073
-3.02928,50,71.760274
-7.288266,50,71.784241
-11.12209,50,71.812749
-9.947087,50,71.845873
-7.048007,50,71.870915
-10.369709,50,71.894819
-10.86703,50,71.921916
-6.907216,50,71.953568
-7.308963,50,71.994881
-7.59435,50,72.030188
-5.608224,50,72.065056
-4.349148,50,72.090487
-6.23587,50,72.11642
-4.970886,50,72.140481
-9.681377,50,72.181311
-6.64547,50,72.222673
-6.998941,50,72.257738
-7.41369,50,72.292962
-6.73796,50,72.331362
-10.721635,50,72.369624
-5.963393,50,72.408354
-9.460509,50,72.438741
-9.342432,50,72.480129
-13.326508,50,72.522301
-5.975773,50,72.561723
-8.200746,50,72.598598
-7.073787,50,72.638667
-7.948707,50,72.672137
-6.041341,50,73.681796
-6.405431,50,73.721061
-7.367273,50,73.762031
-6.632599,50,73.799773
-14.13519,50,73.837143
-7.095694,50,73.876956
-6.086142,50,73.911854
-6.903919,50,73.953498
-7.198173,50,73.993769
-7.389149,50,74.033713
-6.561406,50,74.074246
-5.165317,50,74.114991
-5.674776,50,74.152799
-7.144548,50,74.190689
-6.602297,50,74.229251
-6.734208,50,74.270522
-7.304447,50,74.310298
-8.646027,50,74.348553
-8.032957,50,74.386779
-7.354684,50,74.424446
-7.030824,50,74.467746
-7.13359,50,74.505928
-5.41311,50,74.543706
-8.796309,50,74.581209
-9.966697,50,74.605048
-7.128106,50,74.629128
-10.036831,50,74.66449
-6.039215,50,74.705352
-8.049978,50,74.743055
-8.439347,50,74.784069
-11.584464,50,74.82183
-6.103377,50,74.859187
-4.166508,50,74.891124
-8.516526,50,74.928468
-6.42887,50,74.963731
-8.8139,50,75.005631
-5.084442,50,75.040539
-6.50446,50,75.075463
-6.277686,50,75.11343
-2.828112,50,75.140633
-7.592104,50,75.179655
-6.812943,50,75.895389
-8.082604,50,75.931658
-9.348417,50,75.970325
-11.080891,50,76.009597
-5.674154,50,76.047099
-5.558205,50,76.08573
-13.881515,50,76.123593
-5.401257,50,76.160622
-10.985265,50,76.196757
-6.490066,50,76.231358
-8.072852,50,76.267425
-5.808051,50,76.30125
-7.432508,50,76.34045
-6.950013,50,76.377461
-6.248043,50,76.404552
-8.068595,50,76.444632
-7.359917,50,76.475451
-5.875373,50,76.512312
-7.030343,50,76.541962
-12.5977,50,76.568345
-5.356086,50,76.60109
-7.497954,50,76.633391
-8.507513,50,76.671583
-3.921618,50,76.699896
-4.363751,50,76.733397
-3.385788,50,76.763358
-7.070123,50,76.801857
-5.880791,50,76.839012
-6.840802,50,76.876683
-5.079408,50,76.914302
-8.022734,50,76.956191
-9.357151,50,76.994174
-7.634762,50,77.03022
-11.230237,50,77.067745
-6.507363,50,77.108392
-6.448091,50,77.139732
-9.968978,50,77.17576
-8.156323,50,77.203736
-6.926521,50,77.23097
-7.797297,50,77.263717
-7.547213,50,77.301029
-3.220043,50,78.01387
-6.086237,50,78.051609
-11.506573,50,78.0936
-5.733666,50,78.13239
-12.321615,50,78.171612
-6.036854,50,78.210652
-6.038131,50,78.248534
-4.721488,50,78.291963
-7.794976,50,78.330951
-5.596967,50,78.36361
-4.635701,50,78.401344
-6.752947,50,78.435437
-6.298532,50,78.473074
-8.816782,50,78.498533
-7.041229,50,78.537578
-5.084456,50,78.565522
-9.39797,50,78.606655
-7.532609,50,78.640286
-6.000367,50,78.68042
-7.065953,50,78.720648
-5.925087,50,78.742226
-8.221971,50,78.767557
-4.263311,50,78.802807
-5.258475,50,78.83371
-5.722726,50,78.862554
-4.76434,50,78.901906
-5.036272,50,78.935794
-6.228428,50,78.969135
-7.29995,50,78.996123
-8.054826,50,79.034745
-7.461582,50,79.061011
-6.313418,50,79.086112
-13.741637,50,79.110037
-5.978558,50,79.137842
-5.706756,50,79.165486
-7.675793,50,79.192764
-5.9951,50,79.229703
-11.69018,50,79.268711
-8.972044,50,79.294799
-4.201032,50,79.337375
-6.775954,50,79.373229
-6.066741,50,80.202845
-4.603717,50,80.239679
-5.907993,50,80.282046
-9.042395,50,80.321542
-6.130591,50,80.35928
-6.113201,50,80.397574
-6.922343,50,80.43883
-7.014647,50,80.483095
-6.684387,50,80.510359
-7.821424,50,80.550629
-6.183987,50,80.592455
-7.643219,50,80.634858
-6.351528,50,80.671198
-12.095025,50,80.699998
-11.47361,50,80.736762
-6.383962,50,80.762258
-5.288324,50,80.792237
-6.42637,50,80.823818
-4.353673,50,80.856014
-5.881564,50,80.883553
-5.580605,50,80.910819
-10.20042,50,80.939669
-9.790708,50,80.962879
-7.080908,50,80.989392
-3.088937,50,81.026872
-10.716798,50,81.057896
-14.018269,50,81.08288
-8.415985,50,81.109723
-2.892396,50,81.149487
-4.848333,50,81.174903
-10.233704,50,81.196616
-6.168407,50,81.223748
-8.422433,50,81.256787
-6.12188,50,81.291074
-6.118316,50,81.32254
-6.358108,50,81.363745
-3.996791,50,81.39593
-6.642575,50,81.438472
-6.765425,50,81.475862
-6.649384,50,81.514593
-4.816568,50,81.556148
-6.439422,50,82.277
-9.112036,50,82.31653
-3.525121,50,82.355693
-5.10938,50,82.394295
-3.872728,50,82.430624
-4.649541,50,82.469287
-6.49942,50,82.5078
-6.773209,50,82.546459
-5.938262,50,82.583419
-7.046977,50,82.617683
-4.672015,50,82.637782
-5.863015,50,82.672525
-6.643528,50,82.703903
-6.214127,50,82.740532
-5.464768,50,82.773392
-11.72335,50,82.810664
-6.915307,50,82.847018
-6.060344,50,82.889683
-4.432635,50,82.926622
-7.963009,50,82.960998
-5.251685,50,83.001712
-7.138135,50,83.036166
-7.060173,50,83.058673
-9.182355,50,83.091714
-6.594586,50,83.126586
-11.206295,50,83.15736
-6.347494,50,83.196336
-5.990299,50,83.232598
-3.55184,50,83.273519
-4.14458,50,83.311944
-12.034623,50,83.344223
-6.859943,50,83.375459
-6.060297,50,83.415493
-14.332898,50,83.452692
-6.263658,50,83.476299
-13.109037,50,83.514445
-7.992352,50,83.551826
-5.084488,50,83.589369
-5.77257,50,83.613694
-3.416012,50,83.656989
-6.183299,50,83.684532
-6.239946,50,84.40681
-5.328051,50,84.444744
-9.288735,50,84.486805
-2.971653,50,84.525357
-4.446391,50,84.565656
-6.115951,50,84.601511
-7.066305,50,84.640277
-8.726281,50,84.676531
-3.28561,50,84.715113
-7.20246,50,84.753346
-7.620708,50,84.789499
-7.94772,50,84.821069
-3.452915,50,84.861902
-4.156215,50,84.892809
-5.771313,50,84.927384
-5.559878,50,84.952472
-4.872527,50,84.986662
-2.832143,50,85.012308
-6.473645,50,85.045141
-7.755287,50,85.072905
-8.221353,50,85.108416
-5.763242,50,85.149774
-5.663838,50,85.177161
-5.887565,50,85.217736
-5.927959,50,85.250775
-6.604455,50,85.289182
-4.350198,50,85.324525
-6.633271,50,85.36576
-6.409253,50,85.392729
-6.016329,50,85.425334
-9.550287,50,85.461958
-9.30992,50,85.499178
-5.306689,50,85.538092
-7.38842,50,85.569129
-7.067433,50,85.5999
-11.055925,50,85.626578
-9.980284,50,85.650895
-6.490678,50,85.679218
-6.351532,50,85.719519
-6.094968,50,85.757265
-7.769571,50,85.798417
-6.149935,50,86.728941
-8.342908,50,86.767512
-4.742526,50,86.805669
-5.368907,50,86.845953
-6.10514,50,86.883727
-6.250935,50,86.921455
-12.108841,50,86.959763
-5.331813,50,86.986382
-5.654333,50,87.023374
-5.461328,50,87.064853
-7.741828,50,87.090715
-9.174083,50,87.11739
-5.734711,50,87.155682
-5.542861,50,87.194521
-3.37611,50,87.221687
-3.983925,50,87.257706
-5.232561,50,87.291673
-3.692896,50,87.324128
-13.454709,50,87.36326
-6.735295,50,87.397118
-8.938916,50,87.425582
-6.795816,50,87.462299
-2.635975,50,87.490917
-5.263109,50,87.514716
-7.909309,50,87.543171
-9.4084,50,87.582879
-11.560653,50,87.610164
-6.794026,50,87.634004
-4.906374,50,87.66183
-6.220572,50,87.702763
-5.764326,50,87.73859
-4.096225,50,87.773774
-12.701455,50,87.813351
-4.584542,50,87.853396
-9.568148,50,87.890769
-4.083151,50,87.929675
-4.297027,50,87.970215
-3.956696,50,88.007658
-7.260022,50,88.043799
-6.379136,50,88.077219
-3.958125,50,88.119136
-2.304325,50,88.94732
-6.222922,50,88.985638
-6.453688,50,89.02742
-6.408034,50,89.067664
-6.040721,50,89.112277
-6.170217,50,89.150247
-4.498009,50,89.192879
-5.822832,50,89.233624
-6.711273,50,89.271755
-5.755152,50,89.312234
-5.372554,50,89.355719
-4.529781,50,89.394603
-9.29577,50,89.43463
-5.430316,50,89.477729
-11.066417,50,89.516172
-2.544431,50,89.556216
-6.31367,50,89.597538
-5.947793,50,89.62947
-7.744475,50,89.671932
-5.305265,50,89.705136
-8.156311,50,89.732335
-8.683029,50,89.767915
-6.0115,50,89.807461
-4.613796,50,89.832236
-5.443622,50,89.856396
-5.011831,50,89.898511
-5.508128,50,89.936591
-5.788208,50,89.975241
-8.302766,50,90.01592
-6.711134,50,90.05172
-5.772795,50,90.080303
-6.815461,50,90.117796
-4.976324,50,90.146002
-4.057112,50,90.178908
-5.5632,50,90.209895
-4.287319,50,90.248871
-9.262742,50,90.282513
-5.910889,50,90.309676
-3.27679,50,90.336806
-4.057969,50,90.374775
-10.970085,50,90.408357
-5.516011,50,91.127806
-5.910303,50,91.165908
-5.558081,50,91.198572
-5.407368,50,91.236213
-6.24968,50,91.27477
-7.492201,50,91.315343
-5.534253,50,91.348228
-6.955583,50,91.376604
-5.976599,50,91.413352
-6.061652,50,91.448478
-6.371838,50,91.477876
-3.191705,50,91.502647
-2.91797,50,91.538697
-6.025098,50,91.57572
-8.760681,50,91.613526
-5.419825,50,91.645106
-4.394882,50,91.683253
-4.079618,50,91.715842
-13.090077,50,91.743924
-6.398941,50,91.77456
-4.315986,50,91.80176
-10.215074,50,91.839808
-6.424673,50,91.869397
-9.707295,50,91.900751
-5.911182,50,91.935441
-5.731108,50,91.962995
-4.897252,50,92.006137
-4.994718,50,92.037057
-3.804755,50,92.075334
-7.64022,50,92.11596
-3.496224,50,92.149513
-4.015755,50,92.189318
-5.563287,50,92.216526
-9.615551,50,92.248496
-4.676055,50,92.28792
-4.512053,50,92.316649
-4.802412,50,92.353218
-5.839285,50,92.395886
-5.267913,50,92.427871
-5.216923,50,92.454171
-2.11007,50,92.48552
-9.05781,50,93.351676
-7.108968,50,93.393196
-6.099676,50,93.433554
-5.60772,50,93.471452
-3.000407,50,93.510838
-4.482352,50,93.543642
-10.17355,50,93.586558
-5.026903,50,93.625796
-3.655378,50,93.664418
-4.188654,50,93.702811
-2.771643,50,93.742779
-6.748678,50,93.779894
-4.525257,50,93.803547
-8.192751,50,93.825079
-6.011567,50,93.867313
-6.305238,50,93.89309
-8.867895,50,93.921155
-6.236341,50,93.953163
-4.950109,50,93.981729
-4.715316,50,94.009842
-5.974038,50,94.037393
-4.296642,50,94.071725
-7.356294,50,94.099327
-6.759245,50,94.137278
-3.166914,50,94.177782
-5.843377,50,94.208496
-4.64434,50,94.247169
-5.362493,50,94.284242
-5.59879,50,94.310682
-7.784582,50,94.348358
-4.955057,50,94.387705
-5.911557,50,94.426339
-5.160525,50,94.465514
-5.739622,50,94.501134
-7.858917,50,94.542439
-8.509102,50,94.571092
-6.45306,50,94.599205
-5.963604,50,94.627054
-4.792104,50,94.65614
-6.0742,50,94.687733
-2.206257,50,94.717019
-5.214288,50,95.484774
-5.225457,50,95.522369
-2.123057,50,95.559558
-6.659982,50,95.602633
-4.597886,50,95.64187
-5.804916,50,95.682387
-9.53987,50,95.720068
-2.459828,50,95.759305
-10.353969,50,95.794304
-5.979947,50,95.833712
-3.845094,50,95.871456
-3.992722,50,95.910653
-5.873429,50,95.940768
-5.746363,50,95.966582
-5.099416,50,96.009182
-4.576614,50,96.047868
-6.017662,50,96.079166
-6.170061,50,96.108894
-7.456856,50,96.143892
-6.065886,50,96.178072
-6.389059,50,96.213125
-6.46859,50,96.249847
-6.234199,50,96.281362
-5.427449,50,96.306067
-5.533838,50,96.337777
-5.559706,50,96.378241
-6.904283,50,96.403881
-4.132596,50,96.434841
-5.198417,50,96.472583
-6.035619,50,96.511213
-5.259427,50,96.550002
-5.102626,50,96.588143
-2.9244,50,96.624478
-5.218392,50,96.656697
-3.66304,50,96.698121
-5.84365,50,96.725514
-2.226252,50,96.765398
-3.630808,50,96.802709
-5.470851,50,96.84163
-2.526076,50,96.881405
-6.39328,50,96.920338
-5.582468,50,97.699065
-4.024846,50,97.738607
-7.341001,50,97.776954
-4.733352,50,97.817615
-6.055286,50,97.855517
-5.764678,50,97.894537
-4.132972,50,97.922234
-5.309032,50,97.96131
-6.444701,50,98.002049
-5.055181,50,98.038946
-4.933446,50,98.077786
-7.340711,50,98.117718
-5.74072,50,98.148621
-10.041619,50,98.176416
-5.940988,50,98.209069
-5.373791,50,98.247968
-6.185866,50,98.288712
-5.659789,50,98.328834
-5.121298,50,98.361917
-5.271126,50,98.390946
-4.843917,50,98.431646
-6.023643,50,98.469701
-3.25528,50,98.500786
-6.109948,50,98.535161
-5.742443,50,98.562665
-5.819674,50,98.587658
-3.06302,50,98.613666
-5.427363,50,98.656628
-6.063121,50,98.689791
-5.804144,50,98.72567
-5.356964,50,98.759132
-7.092052,50,98.78473
-4.089857,50,98.818658
-3.792382,50,98.857565
-4.545464,50,98.888639
-7.602624,50,98.928306
-2.600027,50,98.96264
-6.798952,50,98.985371
-10.129497,50,99.021616
-5.818538,50,99.048534
-5.144339,50,99.086634
-4.537669,50,99.791875
-5.009172,50,99.8311
-5.222134,50,99.870163
-4.095626,50,99.908802
-3.38385,50,99.940576
-6.230178,50,99.962247
-6.28276,50,99.997811
-5.621613,50,100.024124
-2.212964,50,100.048343
-3.626387,50,100.085425
-7.338803,50,100.11273
-6.742659,50,100.142032
-8.96789,50,100.173621
-5.89485,50,100.199587
-10.542328,50,100.23368
-7.933291,50,100.271192
-9.941075,50,100.299294
-5.122346,50,100.335516
-3.335178,50,100.375975
-4.104297,50,100.41442
-4.362571,50,100.454015
-4.923453,50,100.491504
-3.968876,50,100.52905
-6.553346,50,100.565775
-5.834863,50,100.59859
-5.255313,50,100.636701
-10.610542,50,100.677243
-3.41369,50,100.716695
-9.775037,50,100.751488
-5.350472,50,100.790329
-6.459792,50,100.825639
-5.187967,50,100.859423
-3.438184,50,100.893565
-7.275341,50,100.926269
-5.75254,50,100.956482
-5.837711,50,100.988622
-4.853225,50,101.025268
-5.35805,50,101.058116
-5.499114,50,101.090518
-5.945079,50,101.113765
-6.250699,50,101.146636
-5.521199,50,101.918691
-5.301974,50,101.962099
-6.905438,50,101.999731
-4.902998,50,102.040438
-5.407693,50,102.082058
-5.354937,50,102.119055
-5.490953,50,102.156777
-5.426882,50,102.190926
-5.444741,50,102.219136
-4.779358,50,102.250394
-6.242732,50,102.281636
-2.924162,50,102.316455
-5.506077,50,102.35057
-4.863016,50,102.3893
-5.717016,50,102.41725
-5.369782,50,102.460714
-2.14952,50,102.502511
-5.505658,50,102.538899
-5.906537,50,102.569275
-4.212783,50,102.600749
-6.043812,50,102.633248
-5.84598,50,102.670217
-3.284418,50,102.699559
-5.414029,50,102.729894
-5.730435,50,102.766557
-5.929878,50,102.801802
-4.013681,50,102.837564
-5.517162,50,102.861528
-5.883287,50,102.887936
-9.802766,50,102.930747
-4.796232,50,102.968333
-9.826608,50,103.007053
-5.611466,50,103.046094
-11.933554,50,103.082424
-4.986839,50,103.110535
-4.38027,50,103.151213
-10.142294,50,103.189715
-3.217125,50,103.228575
-5.914874,50,103.266012
-5.24988,50,103.307374
-5.578942,50,103.343672
-6.350122,50,104.027774
-5.243671,50,104.062679
-4.202118,50,104.097902
-4.622226,50,104.13351
-7.975265,50,104.173434
-5.390266,50,104.2114
-5.513431,50,104.250641
-2.381899,50,104.287916
-11.470413,50,104.329348
-6.65385,50,104.358924
-4.166101,50,104.392145
-3.902935,50,104.417684
-5.456402,50,104.444269
-5.581665,50,104.479199
-5.590213,50,104.519865
-5.759906,50,104.558573
-4.927611,50,104.59267
-3.939559,50,104.63574
-4.368913,50,104.670473
-4.659807,50,104.704134
-5.406001,50,104.741241
-4.137254,50,104.775995
-5.395415,50,104.812168
-4.31819,50,104.849333
-5.795374,50,104.887744
-6.929641,50,104.923749
-5.460983,50,104.957385
-5.330684,50,104.993746
-5.394562,50,105.031394
-5.528304,50,105.071163
-4.664072,50,105.107949
-5.066979,50,105.148122
-7.769575,50,105.175702
-5.357414,50,105.211725
-5.944377,50,105.244345
-6.707663,50,105.274851
-6.265936,50,105.311329
-4.891387,50,105.342883
-8.268599,50,105.37466
-5.372229,50,105.415602
-5.048968,50,105.448068
-5.575586,50,106.312758
-7.881252,50,106.352011
-4.798953,50,106.393832
-5.150978,50,106.434617
-5.33085,50,106.474422
-5.333495,50,106.514776
-8.221398,50,106.555138
-4.986284,50,106.592318
-6.152005,50,106.628959
-3.027436,50,106.668636
-3.167732,50,106.706743
-5.687788,50,106.744528
-5.808318,50,106.784918
-5.814602,50,106.820893
-7.45042,50,106.848093
-5.520527,50,106.886294
-5.454437,50,106.921964
-3.350257,50,106.944168
-9.094174,50,106.97585
-2.232594,50,107.017158
-4.541729,50,107.048665
-5.762673,50,107.087596
-5.663477,50,107.116769
-6.223164,50,107.155856
-5.495081,50,107.197225
-5.175059,50,107.237128
-5.908114,50,107.269721
-4.808998,50,107.306415
-4.865332,50,107.346379
-11.781628,50,107.381096
-5.054625,50,107.416707
-4.21827,50,107.456902
-6.592163,50,107.485171
-5.638521,50,107.514959
-5.937531,50,107.543917
-6.745835,50,107.582824
-5.968825,50,107.611762
-6.939124,50,107.649571
-5.658532,50,107.683323
-5.511205,50,107.709305
-3.571528,50,107.735103
-5.946989,50,108.65361
-5.598205,50,108.693175
-5.630497,50,108.732896
-6.018594,50,108.771581
-5.351636,50,108.810164
-5.631958,50,108.850356
-4.327,50,108.887904
-6.0604,50,108.918517
-5.324603,50,108.959572
-1.61197,50,108.99784
-7.011035,50,109.033942
-3.943204,50,109.07139
-5.858802,50,109.110597
-6.069125,50,109.150544
-5.557572,50,109.189374
-4.97795,50,109.226176
-6.19706,50,109.252748
-4.21178,50,109.284317
-4.7904,50,109.327684
-5.646845,50,109.351932
-5.871896,50,109.388726
-5.242071,50,109.418955
-4.872763,50,109.462504
-5.564993,50,109.50084
-8.884382,50,109.539268
-5.150855,50,109.579952
-3.017366,50,109.618326
-7.048914,50,109.65951
-1.757951,50,109.697904
-4.837656,50,109.73388
-3.940068,50,109.77476
-3.834942,50,109.811496
-5.484077,50,109.848629
-6.051398,50,109.88366
-5.623839,50,109.919368
-5.176326,50,109.956454
-5.272013,50,109.991516
-5.965686,50,110.026545
-2.766558,50,110.061478
-5.1417,50,110.101975
-5.217507,50,110.769857
-6.01808,50,110.809591
-4.679104,50,110.847283
-5.203071,50,110.889338
-4.329723,50,110.927765
-4.764965,50,110.966682
-5.185889,50,110.996526
-5.257058,50,111.034911
-7.876705,50,111.064013
-4.205999,50,111.103936
-4.56546,50,111.141968
-6.273834,50,111.180293
-5.207808,50,111.218727
-5.699576,50,111.244848
-5.728122,50,111.273065
-5.786824,50,111.302701
-3.587885,50,111.334045
-4.434747,50,111.363217
-6.527379,50,111.391278
-5.373192,50,111.416954
-4.679974,50,111.445637
-4.239855,50,111.487142
-4.535324,50,111.519763
-3.626336,50,111.545053
-9.571495,50,111.583429
-5.553733,50,111.62602
-4.486941,50,111.653398
-5.494422,50,111.675741
-5.292758,50,111.699145
-5.200201,50,111.723584
-3.321739,50,111.74991
-5.185811,50,111.792568
-4.973336,50,111.830842
-5.448651,50,111.871522
-5.633003,50,111.907672
-5.75449,50,111.945594
-5.349091,50,111.985327
-5.935011,50,112.024392
-4.90692,50,112.063668
-5.35042,50,112.10188
-6.487096,50,112.139511
-2.778392,50,113.043372
-5.750977,50,113.081048
-6.035462,50,113.118757
-5.168434,50,113.154829
-5.495565,50,113.191612
-4.509888,50,113.230617
-3.644631,50,113.265371
-5.766361,50,113.302025
-4.981597,50,113.333737
-5.676005,50,113.354564
-5.227261,50,113.388661
-8.009074,50,113.426758
-6.652756,50,113.454994
-4.315328,50,113.48229
-4.923357,50,113.522723
-5.386328,50,113.559183
-5.707151,50,113.580977
-5.524334,50,113.620659
-5.284872,50,113.656065
-5.666794,50,113.684384
-5.34708,50,113.715063
-6.185985,50,113.752857
-3.059298,50,113.790782
-5.469586,50,113.816549
-5.342322,50,113.838795
-4.879898,50,113.860435
-8.475403,50,113.896806
-6.104186,50,113.918659
-5.202578,50,113.945473
-4.944766,50,113.971791
-4.366413,50,114.009804
-4.414808,50,114.034503
-5.399019,50,114.072751
-4.355796,50,114.110938
-4.788112,50,114.148674
-8.478741,50,114.189922
-3.624479,50,114.228527
-7.37252,50,114.270448
-6.064403,50,114.307519
-4.691915,50,114.345975
-5.496462,50,114.383394
-6.792534,50,115.293836
-4.964479,50,115.319093
-8.478015,50,115.3394
-3.085313,50,115.359249
-2.627983,50,115.378654
-5.016241,50,115.414636
-2.470271,50,115.454538
-5.092796,50,115.494336
-2.940844,50,115.532779
-8.097368,50,115.570393
-3.506951,50,115.609005
-6.129682,50,115.64025
-5.303853,50,115.664574
-5.135438,50,115.698665
-4.313061,50,115.734231
-5.764642,50,115.764786
-4.875777,50,115.804337
-4.242477,50,115.837623
-5.330805,50,115.873246
-5.804422,50,115.907231
-7.270278,50,115.933203
-5.104115,50,115.96162
-8.206819,50,115.985393
-7.003316,50,116.019732
-3.886868,50,116.053827
-5.065491,50,116.08501
-4.841093,50,116.116672
-3.681108,50,116.15272
-2.452107,50,116.183567
-5.389371,50,116.224508
-4.740137,50,116.263856
-2.997869,50,116.300884
-5.854967,50,116.342007
-5.343137,50,116.375621
-3.360701,50,116.406715
-5.518211,50,116.440143
-4.68,50,116.478175
-6.014342,50,116.518591
-5.582779,50,116.560774
-5.502092,50,116.596927
-8.40191,50,116.634756
-5.013929,50,117.253696
-5.320642,50,117.293204
-4.703642,50,117.33049
-5.202549,50,117.372173
-4.851191,50,117.408878
-6.033057,50,117.449225
-5.005326,50,117.484068
-6.04283,50,117.511118
-4.582811,50,117.549067
-5.275735,50,117.58819
-5.669817,50,117.618789
-5.663708,50,117.65374
-3.656824,50,117.684604
-2.641356,50,117.708793
-6.528131,50,117.737515
-5.355918,50,117.773658
-3.998861,50,117.813693
-8.572023,50,117.854236
-2.213018,50,117.893531
-3.022038,50,117.934737
-3.515567,50,117.974746
-4.817223,50,118.018374
-3.625677,50,118.057348
-3.543897,50,118.090511
-5.342679,50,118.118613
-5.307126,50,118.15908
-5.052709,50,118.194353
-4.034377,50,118.229034
-4.925819,50,118.27173
-5.046756,50,118.311941
-4.797192,50,118.352936
-5.395368,50,118.392244
-5.526683,50,118.431803
-5.016786,50,118.47028
-5.073624,50,118.508171
-6.343189,50,118.544779
-2.092485,50,118.582722
-5.718993,50,118.624255
-4.454643,50,118.65723
-5.374208,50,118.69283
-6.937053,50,118.731323
-5.670798,50,119.42837
-4.063697,50,119.467879
-5.209497,50,119.502061
-4.846454,50,119.543158
-2.983033,50,119.579534
-3.122968,50,119.619853
-5.569262,50,119.662526
-5.370129,50,119.69391
-4.957512,50,119.720386
-4.777744,50,119.757293
-5.476028,50,119.787341
-1.728112,50,119.826322
-7.570255,50,119.865094
-5.21153,50,119.902284
-3.587172,50,119.93314
-4.753556,50,119.961806
-5.547232,50,120.001947
-5.702108,50,120.034843
-6.891778,50,120.072047
-5.579395,50,120.106371
-4.455239,50,120.136628
-4.705755,50,120.166143
-5.17611,50,120.205091
-4.602835,50,120.241545
-3.671107,50,120.269072
-4.876131,50,120.302022
-3.269259,50,120.329294
-6.144011,50,120.354688
-3.178609,50,120.381709
-5.246301,50,120.425094
-5.147939,50,120.462383
-4.285977,50,120.501949
-2.255313,50,120.540409
-5.039028,50,120.577322
-4.114842,50,120.620868
-7.028928,50,120.656199
-5.66325,50,120.679209
-2.437565,50,120.716277
-5.107106,50,120.744644
-6.320553,50,120.786705
-4.968055,50,120.811746
-5.125683,50,121.539319
-5.717759,50,121.577373
-4.660675,50,121.61547
-4.387838,50,121.654603
-6.960235,50,121.694201
-5.736299,50,121.731026
-4.570008,50,121.770622
-5.890895,50,121.81255
-2.689055,50,121.851389
-5.339475,50,121.889353
-4.904778,50,121.918202
-2.601948,50,121.947386
-3.191069,50,121.972552
-4.699972,50,122.00601
-5.429167,50,122.031726
-4.665264,50,122.054786
-4.240698,50,122.07878
-4.985898,50,122.118312
-4.99449,50,122.144695
-1.608081,50,122.180994
-4.644615,50,122.205686
-5.699683,50,122.231151
-6.740848,50,122.260735
-2.402555,50,122.295842
-4.935055,50,122.326772
-5.734598,50,122.353648
-4.105935,50,122.380741
-4.884044,50,122.406843
-5.244456,50,122.436667
-6.273289,50,122.473316
-3.985964,50,122.499855
-7.537177,50,122.525066
-5.425125,50,122.565308
-5.526113,50,122.603095
-5.148994,50,122.644562
-3.975363,50,122.683476
-5.949166,50,122.72402
-6.157192,50,122.7498
-4.24328,50,122.788328
-5.068737,50,122.815277
-2.688421,50,122.840686
-5.202399,50,123.580369
-4.645359,50,123.620955
-5.185146,50,123.658795
-4.897908,50,123.698965
-4.661753,50,123.739936
-5.643356,50,123.778
-3.96307,50,123.820019
-6.520162,50,123.858859
-9.002171,50,123.897692
-5.480981,50,123.937633
-5.163343,50,123.975299
-5.826417,50,124.016878
-4.814468,50,124.054862
-5.069672,50,124.0922
-5.427733,50,124.129284
-5.464054,50,124.168296
-5.080683,50,124.209153
-6.401081,50,124.247407
-2.846679,50,124.286928
-6.468727,50,124.324991
-4.930301,50,124.358745
-2.483954,50,124.396927
-5.09043,50,124.435933
-4.559294,50,124.475185
-4.77295,50,124.518086
-4.980064,50,124.562699
-5.307868,50,124.600561
-4.526716,50,124.639261
-5.065948,50,124.673981
-6.020603,50,124.708624
-5.428415,50,124.74185
-4.034944,50,124.779041
-3.402419,50,124.809913
-4.862792,50,124.845285
-3.482834,50,124.883589
-3.365801,50,124.919614
-4.154042,50,124.952027
-4.667978,50,124.984993
-7.393675,50,125.023372
-4.399699,50,125.058753
-4.595877,50,125.094113
-4.414166,50,125.734858
-3.681051,50,125.774394
-4.629291,50,125.810186
-4.198745,50,125.847794
-4.13215,50,125.881544
-4.295875,50,125.91459
-4.612314,50,125.946758
-4.553524,50,125.986342
-7.393563,50,126.021287
-5.547532,50,126.056151
-3.540879,50,126.089829
-4.86714,50,126.128928
-5.233708,50,126.163765
-5.694804,50,126.188493
-4.956721,50,126.225698
-4.702574,50,126.25281
-4.157134,50,126.291348
-4.880497,50,126.328002
-5.398204,50,126.371047
-5.297327,50,126.409261
-2.958725,50,126.444627
-4.632135,50,126.479348
-1.636514,50,126.512856
-4.39598,50,126.550016
-4.270898,50,126.588134
-4.674626,50,126.622872
-9.786783,50,126.660726
-6.916081,50,126.69506
-4.457566,50,126.731724
-5.042471,50,126.763394
-3.488984,50,126.800191
-5.059379,50,126.833837
-4.640097,50,126.865672
-2.990257,50,126.898465
-4.834513,50,126.938172
-3.263923,50,126.965076
-4.101879,50,126.991717
-1.597838,50,127.029349
-4.980456,50,127.055379
-4.558417,50,127.093796
-6.280194,50,127.120121
-5.722539,50,127.797769
-3.887015,50,127.833584
-7.047975,50,127.874548
-4.871569,50,127.912456
-5.338358,50,127.94801
-1.790899,50,127.982188
-6.204414,50,128.006796
-5.301199,50,128.039969
-4.325703,50,128.072567
-5.259522,50,128.107431
-5.150187,50,128.142548
-4.522966,50,128.182279
-3.024574,50,128.218884
-5.176961,50,128.25342
-5.513966,50,128.284878
-4.64115,50,128.313838
-5.290672,50,128.349259
-2.045495,50,128.387791
-5.038674,50,128.416172
-4.835102,50,128.448117
-3.391534,50,128.474635
-5.21034,50,128.502038
-6.294637,50,128.537529
-5.360952,50,128.575584
-5.39924,50,128.617805
-4.807646,50,128.651007
-5.037271,50,128.680092
-7.177395,50,128.713689
-4.671608,50,128.748918
-4.926246,50,128.784129
-2.830313,50,128.822821
-4.895173,50,128.864732
-5.601278,50,128.903919
-4.901541,50,128.93289
-4.334482,50,128.962267
-3.604012,50,129.002237
-6.474966,50,129.034625
-5.241443,50,129.067161
-5.020575,50,129.098408
-4.762377,50,129.124411
-3.756625,50,129.151278
-4.828556,50,129.729229
-7.897354,50,129.764982
-5.714919,50,129.803818
-3.461501,50,129.842532
-3.472968,50,129.881759
-3.517359,50,129.920893
-2.721878,50,129.959761
-4.783542,50,130.000232
-3.886701,50,130.03865
-5.583215,50,130.077888
-5.451745,50,130.116008
-5.66293,50,130.158076
-5.192096,50,130.196935
-6.037933,50,130.233605
-4.459826,50,130.274051
-5.587469,50,130.316677
-5.268137,50,130.357652
-6.728364,50,130.400351
-5.488274,50,130.435851
-1.419009,50,130.47476
-5.40621,50,130.51185
-4.246627,50,130.551793
-2.643398,50,130.590475
-7.119513,50,130.629537
-4.800222,50,130.656888
-4.713549,50,130.679094
-4.454355,50,130.713254
-4.650273,50,130.753809
-4.845136,50,130.785552
-5.752782,50,130.814638
-5.019938,50,130.857002
-6.301471,50,130.897758
-6.358157,50,130.919093
-1.147858,50,130.950458
-7.095189,50,130.983887
-5.838583,50,131.018952
-6.873384,50,131.055976
-4.853196,50,131.095541
-2.942802,50,131.13122
-9.255115,50,131.170256
-7.995113,50,131.203878
-4.861935,50,131.990872
-6.184808,50,132.028741
-5.83799,50,132.067793
-5.190937,50,132.103736
-4.538891,50,132.143161
-5.660513,50,132.182855
-4.081205,50,132.217688
-3.773369,50,132.259618
-3.834687,50,132.299219
-4.414299,50,132.323838
-5.046809,50,132.354663
-10.191364,50,132.387601
-3.510933,50,132.418683
-6.533512,50,132.450592
-2.653146,50,132.480695
-2.628889,50,132.520609
-4.815166,50,132.556485
-5.255966,50,132.589581
-4.772375,50,132.622541
-4.941951,50,132.651798
-4.610286,50,132.689763
-5.270521,50,132.72318
-4.865803,50,132.756896
-4.787231,50,132.779321
-4.795899,50,132.814554
-6.55695,50,132.839525
-5.164017,50,132.879951
-6.287238,50,132.918974
-3.056768,50,132.948272
-4.959218,50,132.985183
-6.606911,50,133.026984
-5.126309,50,133.067195
-4.251145,50,133.108393
-4.077995,50,133.145639
-4.532191,50,133.177447
-4.000524,50,133.210328
-1.439557,50,133.238359
-5.635433,50,133.279778
-5.353307,50,133.314639
-5.538874,50,133.348783
-4.936484,50,133.385627
