#{"t_start": 1765813921.6463387, "env_id": "Reacher-v5"}
r,l,t--60.960521,50,0.916046-5-72.327945,50,1.077528-5-68.124466,50,1.054454--64.083075,50,1.277157-64.944458,50,1.497101--60.465605,50,1.558718--6-62.170299,50,1.4147-6-5-61.730673,50,1.3859--65-61.179163,50,1.534-69.6-65.921981,50,1.509-6-66.233425,50,1.732985-60.685558,50,1.946673
-5-45-57.484555,50,1.712-59.093456,50,2.08107-5--68.-56.865694,50,1.8-6-57.001361,50,2.134301-6--6-57.885719,50,1.968--6--62.60922,50,2.040-53-6--5--63.98025,50,2.-61-6-66.499241,50,2.179-62.5-5-59.556931,50,2.3-5-6-62.661189,50,2.616-52-6-56.197914,50,2.375-60-6-64.429417,50,2.743-64-6--62.032484,50,2.49--62-58.999117,50,2.5787-52.220197,50,2.870169--57-59.567285,50,2.708-5-6-64.5-65.725463,50,3-6-63.47935,50,3.065197--57.4-57-65.20832,50,3.--61-57.864184,50,2.9728---66.3-56.946449,50,3.----66.259602,50,3.1083---5-63.0-60.670377,50,3---57.140344,50,3.229514---54.188704,50,3.305574---68.973812,50,3.36910-58-71.-53.213257,50,3.7-5--55.556093,50,3.50230-6---51.955682,50,4.8261-6--59.-66.525338,50,4.7-5--69.-57.09193,50,4.82-6---67.759059,50,5.0316-6-6-60.652917,50,5.0971-6-63.586828,50,4.855654-5-64.551766,50,4.929574---60.588629,50,4.995961----63.362376,50,5.29473---67.-58.332077,50,5.28---4-56.665083,50,5.500-6-72.693785,50,5.25712-59-52.988955,50,5.3270-70.-65.806358,50,5.396-53.-66.1804-60.242785,5--4-64.217775,50,5.5390-6-5-6-62-56.171108,50,5--62-66.17498,50,5.67216--5-58.597291,50,5.74074--6-76.690676,50,5.80649--5-58.100914,50,5.87580--5-58--61.939447,50,6.-6-6-64.-66.607929,50,6.--54-58--50.600101,50,6.--6-64.-60-56.978869,50,--63.3-6-5-60.18976,50,6-59-66.512655,50,6.26304-63-63.698592,50,6.32667--5-65.132779,50,6.39812--5-55.237997,50,6.46425--6-75.-64.087221,50,6.8--6-55.-53.784868,50,6.9-66-6-69.026212,50,7.261----6-59.418748,50,7.330-6-52.008964,50,6.96120-53-60.565944,50,7.02847-6-55.739723,50,6.935937-5-63.222622,50,7.16014-52-58.769144,50,7.06927--6-63.516577,50,7.1248--54.-58.487076,50,7.424--58.3-60.396365,50,8.19-59-57.282042,50,8.1769--48-55.658983,50,8.2450--59-60.151438,50,8.3147--52.232--60.754992,50,8--52-49.390049,50,8.446-6-64.675312,50,8.666833-5-62-59.996-61.295673,5---58--56.118861,50,8.73--57.338056,50,8.858177--50-5-50.017915,50,8.86--53-6-49.581207,50,8.9-5-53-62.90-64.947235,50-5-58-6-59.-61.267529,50--51-6-61.507387,50,9.62--56-61.075585,50,9.1036--56-55.275928,50,9.4109--56.206053-55.126698,5-62.0-60.667-51.898381,5-63.5--54.724004,50,9.9-64.232786,50,9.602156
-62.307887,50,9.673376
-52.52-60.938346,50,9.59-58.537449,50-65.715559,-63.4-56.39889,50,9.9593-67.24-54.002-63.10037,5-62.8-62.799783,50,10.094-63.0-60.658749,50,9.9-59.120-58.441256,50,9.99-58.03--57.660206,50,10.2-56.12-56.060604,50,10.35-59.3--52.641452,50,10.28-60.6-59.233042,-65.52788-51.42-49.915484,50,10.32-51.63-67.416221,50,10.39-58.-6-56.108374,50,10.-57.47-5-55.083557,50,10-61.63-58-49.752057,50,10-50.69-60-58.867155,50,10-65.60-42.9-64.655446,50,-60.12-55-45.627311,50,10-62.2-53.427511,5-57.9180-56.6-64.441405,50,11.8-61.0028-5-55.481942,50,1-57.607854-54.30716,50,11-46.17--57.82-61.981732,5-50.393-52.332147,50,12.2-56.44904-52.699792,50,12-60.-46.0-60.265333,50,12-64.35439-58.431287,50,12-52.35969-58.956652,50,1-48.382171-60.172138,50,1-55.8-56.2-54.529768,50,1-54.26-66.425296,50,12.71-56.-53.5-55.012124,50,12-47.-60.941785,50,12.705-48.628-56-65.-57.162306,-57.709641,50,12.902188
-55.0-5-61-61.69-56.41419-54.199667-53.44-62.21399-56.4-52.052574,50,13.03-53.87-6-57.534042,50,13-53.01784-58.21480-48.159-42.586551,5-59.199412,50-49.954756,5-52.755053,50-63.880981,5-49.844778,5-64.795129,50,13.5-55.348-58.957629,50,13.569439
-48.018106,50-61.624066,5-55.984204,-6-66.083407,-57.466952,50,13.-55.8852-58.21443-47.-52.44054,50-56.287463,50,13.9-69.135-58.63792-52-44.276931,50-57.64930-5-60.46-56.2873-50.59784-5-56.074247,50,-55.6982--53.315186,50,1-58.976063,5-57.0-51.7148-65.99784,50-54.044237,5-48.429597-60.993683,50,1-53.289458-6-49.42021,50,-58.99-63.611121,50,14.46-61.544852-53.4425-54.865-53.98009,-56.028783,50,-50.057687,50,15.539343
-58.3379----48.09455,50,1-55.588369-56.1495-50.297-58.91757-49.80859-51.304-43.99492-56.079621,50,15-47.38825--47.7080-48.00-47.49029--53.282-50.298-59.17693-5-49.924235,50--53.297896,-51.874612,50--55.456373,50,16.144521-5-52.24444-58.6839,50,16-5-58.312-54.-59.993799,5-5-48.008-54.-57.380674,5-4-56.848-55.544778,50,-52-46.196271,5-53.484159-60-58.4312-55.516522,50,-55-51.971-59.720943,50,1-48-45.0304-49-43.096248,--54.933294,50-58.559938,--54.38799,50,--58.2691-5-54.410319,50,-48.8439-49-51.98688-58.4-52.7535-55-48.65491-47.--51.-54.-59-59.421426,50,17.08959-53-57.681-54.669326,50,1-57-51.61-59.874-51.44604-50-52.49796-5-50.426372,-52-56.5915-60.--50.4413-50.-52.769996,5-54.70116-42.-53.106653-47.303639,-48.-52.25933,5-54.662334-47-45.-56.948505-58.7568-49-55.-53.12-49.549519,5-5--62.-51.30-52.-53.3619-4--54.102527-59.774435,5-51-5-58.6379-57.407431,5-52-5-52.1101-49.262083,5-54-51.45019-50.-40.51941-5--56.559,5-53.907397,50-58.007108,50,18-60.76083-45.021281,5-48.378053,5--46.716196,50,19-49.9149--55.726547,-54.764099,50--49.467027,-48.422556,5-50.69003,5-52.2-53.6-55-53-47.14109-53.920755,50-48.36047,50-47.59022,50-49-50.518316,50,19.53381-60-55.06232-54.475308,5--44-55.33629-50.617274,5--49.38001,50,19.680114
-53.295511,50,19.751638
-50.-42.69-42.280-60.401-43.960427,50,19.888793
-45.485705,50-58.148228,5-43.5-47.9741-52.898746,5-56.2-52.85746-4-43.19951-49.4-49-46.9-48.812426,5-54.1-51.21589,50,20.285--46.023088,5-51.303676,5-54.8-42.0868-49.03759-5--56.3-56.5197-45.38821-57-50-52.62-48.873191,5-42-51.580866,50,-46.265-54.-49.748555,50,--55.62-48.-53.449146,50,20.7051-53.-51.-48.3679-50.31870-57.-50.291523,5-50.12238-52.-58.016165,5-47.78780-53.-56-45.9356-45.278417-56.-48-48.375453,50,21.1-42.-47-46.212216,50,21.-45.5-52.883664,50,21.178-55.8-50.002409,-53.99778-47.9-51.660963,-44.99387-50.1-52.100568,50,21.38-45.44-47-50-51.39675-49.-53.7-48.507377,-59.29707-54.6-55.929088,50,21.590-53.4-52.24-46.183598,50,-51.5-54-52.522956,50-50-43.57-43-57.733531,50,22-46.93-45-54.-33.7817-50.-50.67-47.438009,50,22.76-44.17-51.067977-48.47921-45.46-50.286246-43.61064-57.98-4-48.7514-52.-43.3-46.29-47.122575-49-46.74-40.99-54.-60.19805-49.6-54.23-50.43763,5-54.5020-46.-45.083918,50-51.2005-51.-4-50.961356,-42.7993-49.-51.083369,50-38.3795-45.-4-50.135578,-42.3528-51.-5-44.20441,50,23.591-48.-42.164662,50,23-47.-46.5-51.111747,50-42.307-56.2-52.917283,50-47.73-55.17-49.526828,50-44.41-50.63-52.757775,50,23.92-46.85-46.0582-5-41.54579-49.94-44.642644,50-46.47-50.54-50.1219-48.8-51.34-45.94-45.557883,50-49.7-43.624-49.932539,50-50.7-50.794-48.818189,50-41.6-45.163--46.478714,--45.3-55.85-3-53.064889,5-50.-50.183-43.778694,50--42.-40.215-49.258469,50--52.-45.010-53.730615,50,-52.-51.304-46.589721,5-45.16-43.559-49.058708,5-58.54-49.62-49.653688,50-46.84-52.38-51.397167,50,24.93-45.82--48.26722,5-50.721-49.-53.388756,50,-53.056-41.-48.025701,50,2-48.75-47.-42.898186,50,2-44.41-51.-50.202571,50-43.255-56.8-45.753218,50-56.032-48.4-51.46482,50,26.2281-45.--43.168571,50,26.736-45.-4-51.697367,5-49.290-43.--47.908404,50-5-44.-45.9-44.182525,50,-42.55-44.0-45.666874,50-50.117-53.0-48.029525,50--50.61-46.3-57.217647,50--38.41-56.5-53.224392,50,-43.42-39.1-42.531176,50,26.765-54.2-42.279295,5--41.394-52.-46.846727,50,26.9644-45.--42.395457,5-45.2132-44.-45.41287,50,--45.485-47-49.692741,50,-55.565-45.-46.205529,50,27.242-47.4-4--46.892104-40.373-48.6---52.849416,5-46.70-46.5-49.421228,50,27.44-47.29-53.59069,50,-46.16-42.8-43.899315,50-48.487-42.-54.117197,50-3-45.50-45.-44.445294,50,27.6551-48.-46.568942,50-5-47.1-46.5-52.722913,50-44.11-49.9--43.33035,50,--49.3-49.--42-45.904-52.323301-42.--36.469093,50,--44.3-48-47.596759,5-43.-45.20-44-4-50.3103-46.94-46.65-37-45.872242,50,-44.1382-43--43.93213,50,-44.8573--4-41.745112-46--52.24-41-5-46.821292,50--49.01-51-4-48.531816,50--43.11-39-51.20643,50-43.-46.96-5-41-45.374593,50,-46.0--38.164291,50,28.66-45.7--44.-58.03655--48.23474-4-48.--53.5214-56.00816,-4-46.732234,5--46.0-49-41.-46.4-49.8780-46.4-4-45.3-40.-45-47.278119,50-41.-41.657467,50,-34.379-42.-45.33-47.0043-38.2-5-52.-43.7-40.18108-48.2-4-40.-50.6-48.407691,50,30-32-37.57-40.791986,50,30-36-41.683216,50,30.24990-50-46.95-45.7395-37.7-40-38-42.4--45.386111,50-4-43.-47.92-36.364285,50-5-44.-43.20-44.83-41.010-4-41.-43.29-42.18-46.12808-52.-47.862263,5-42.61967-51.-48.-47.959726,50,31.-43.-37.-42.5483-46.4-40.-42-40.4-49.180254,50,30-36.-39.431873,-47.65-37.-50.-45.2-43.46-42.5-42.0-43.-45.2-52.141361,-41.-37.4-42.7-47.077848,-51.-47.-47.73-49.51-46.2-38.-45.-44.37-39.095493,-51-44.7--42.4-38.991753,50,-45.-38.3151-40.6-51.183-44.-41-46.-38.609105,50-45.7-36.493046,50,31.52--43.2-39.647469,50,-38.-4-48.6-37.165291,50,-41.-3-46.8-37.450909,50,-44.70-46.7-48.28-42.349716,50,-42.-40.-49-42-45.29016-3-44-47.1-43.362799,50,32.-39-42.561-41.253604,50-4-46-46.292-37.869979,50,3-47-47.75-33.684965-39.13-43-46.-41.733-42.358113,-37-39-36.334284,50,32.75-40-50.78-45.78259-45.32-38-50.755023,50,32.3863---45.6129-45.64023-48.97---47.2091-42.755926,50,33--40.2-38.592892,50,33.9-3-36.7695-39.476179,50,-37-38.9058-38.5-40.-39.1-40-41.273375,50-40.56372-3-39.583286,50,33.-45.70--36.614002-42.8200-44.7---31.48-37.835517,50,34.---42.013154-38.307813,50---38.955235-40.830544,50--34.763735,-41.179025,50--39.301703,50,34-40-45.8--44.940309-40.6990-41.45--36.12226-39.30927-41.9---42.744226,50-40.443053,--39.382982,50,34.-39.-46--40.41721-32.061-47.5-40-39.240193-42.159-40.2-32-41.1290-38.43-32-35.4295-39.149982,50,34.62791-3--38.10225-43.089-33.5-36--36.49783,50,34.-43.3054-45.9896-42.40-45.581638,-43.31566,-40.961207,-3-40.631211,50,34.947098
-33.583842,5-39.65-31.982-40.599533-32.64-36.83512-37.02247-34.209627,50,3--42.632795,50,35.21595-44-37.39646-42.966-4-37.-38-46.11315-38.53568-38--3-46.425158-42.29665-39.-3-45.090781-41.246948,50-4-38.70302--45.286-48.-39.-41.140622-39.4414-37-38.-34.0295-42.12080-38.-41.-37.411-31-39.999765,-34.-38.85904-36.162-41.5-42.-43.37-36.081757,-42.-43.-40.711045,50,35-36.0-38.-42.16637-43.126-41.4-41.-39.17-39-37-38.53994-34.-35.96-4-38-34.426124-40.-38.82-33.141928,50,-41.0-27.8441-38.913116,5-32.9-35.300011,50,37.182-40.-35.112-3-46-38.558-40.90-28.03-44.90-34.98-45.433-34.645603,5-41.05-33.60-34.8-39.2019-33.0-31.78-44.4-37.59-3-39-43-35.54-40.660826,-2-32.29-37.61-36.1-35.0568-46.88-36.61-40.111614,-2-3-43-38.837-37.29882-27.-41.1-39.655-42.341143,--33.0-38.6673-33.270406,5-29-39.384785-37.488163-2-44-39.337623-32.032681,50,3-45.366929-30.95553,-31.4-33.1214-27.9-33.070-4-39-34.4991-35.4-42.575-3-31-36.2048-40.710355,5-3-37-29.5896-40.835367,5--31.-33.3536-39.-41.286129,50-44.589-35.039177,50-37.2-39.146-29.6-40.47--38.99-35.278-40.563987,5--32.8-40.945-35.658466,-38.812-41.23-38.214251,5-36.774-34.49-38.494346,5-35.472-36.58-39.663735,50,39.0-26.216-31.81013,50-27.85-38.2-39.840763,50,39.183-29.3-38.511217,50,-41.66-40.5-41.205047,50-41.074-35.1-33.323613,50-37.2-27.306-32.113458-3--39.2-30.117-31.710323-4-42.6-37.6391-36.174734-43-34.-30.5016-36.715294,50,39.-34.2583-31.201464-3-36.8-34.5005-40.168869-37.13-32.76477-30.920587-2-37.-36.16172-32.091-36---30.-35.74218-24.294019-31.38-41.39476-21.76359-29-35.-35.80443-30.38996-29-24.-31.2296-32.824964-2-28.0-27.7812-33.839815--32.75-35.3234-27.342-40-28.840-32.096-34.3040-24-29-31-28.6669-34.525-37.--2-36-34.1313-30.814008,50,41.-39.3814-23.661-40.-36.64-32.7237-46.999152-38.-2-34.03982-39.070813-36.57-33.71704-29.769314,50-35-33.61535-30.2-26.8-41.74-33.00322-29.25020-33.9-28.085487,-28.433415,50,-28.375484-32.423059-3--3-36.755629-28.76398,-2--3-31.83600-28.943583-28--2-31.55748-41.548502-33-3-33.217942-27.447256,50-2-29.534683-34.488387-3-3--31.827918-29.377763,5-28.22346,50,-26.9-34-4--34.416833,50,-28.653887--34.159707,50,-28.1-37-28-36.817021,50,-28.408565--29.602395,50-28.376521,--34.538696,5-24.678055-36-28.978878,5-35.630-31.51-32.722933,5-3-30.414942--32.427982,5-3-29.421723,-26.856092,5-34.05-35.449-32.508485,5-3-25.395726--37.562012,5-3-29.74191,--22.799797,5-33.9-28.10-2-23.706427,5-33.-37.1645-36.307515,50--22.33898-3-35.012552,50-30-28.626-3-30.237375,50-31-26.11-29-28.820218,50-3-25.736-25-26.915919,50-2-27.07554-28.257456,50-27-28.82872-23.227742,50-3-26.128788-27.01123,50,-2-20.26-32-28.250009,50,-2-31.8-31.-23.045571,50,-29.345435--34.479756,50--32.566-41--27.511896,50--2-34.7-33.-32.619591,50--3-27.39199-27.649642,50----33.1-2-2-30.50109,50,--2-34.0636-23.155479,50,---30.20362-37.785819,50,---36.86--2-35.806736,50,--27.497133-36.753404,50-3--27.07135-24.180836,50-2--28.28774-30.88592,50,--31.215143-27.547737,50-2-2-32.4510-26.034473,50-2-2-33.-34.-25.545099,50-3-3-25.253--23.653019,5-28-33.50273--35.892931-24.-31-28.6691-33.407677-28.--28.689309-31.004428,50,--34.985626-23.080398-37.-22.814158,-21.432498-29.-29-22.1489-28.899599-26--27.703979,-30.44255,-2--24-23.6058-24.897057,50--23-26-31.2-23.898453,-2--25-22-37.3-26.876778-27-34.616195,5-38.318841-2--28.378101-2-34.059708-2--31.03-26.96-23.17231-28--23-33-37.71-21.34416-33-25.326675,50-32.95785-28-30.684245,50-26.848541,5--3-33.-26.7-25.89152-27-3-3-27.10486-31.57130-23-2-20.789571,-22.10391-23-2-22.28-18.6-23.91740-31-22.-2-25.532-28.6845-18.-25.55334,50,-25.2631-22-25--27.297303-29.354-23.-22--26-26.710-26.17-18.6-18-23.-29.04-26.-19.482-26.-28.-24.62-2-24.13672-24.-22.449943--25.482422-24.-26.363874--27.225063-26.-28.-28.7-2-19.179957-24.-29.-23.8--24.70616-25.65--26.8042-23.49149,-26.16-31.5136-26.702266,-25.955389,50,-26.551997,-26.18401-24.8--22.004481-26.46-26.9291--23.680995-24.645-25.9-2-25.201618,-26-23.29-19.1-23.667886,-29.61536-27.6-27.224794,-2-26.301-28.5-32.239841,--21.--21-2-23-27.028893,-23.5-23.-38.5-31.324265,-29.5-24.07247-33.460907,-21.3-22.44050-32.849745,-18.5951-25.31-20.620626-37.143943,50,5-18.579909--25.534875,50,-21.066696--21.692595,50,-28.745502-27.483546,50,5-33.374397-22.843617,50,5-29.073059-20.379802,50,5-24.281647-28.174456,50,5-19.35474-19.9599-26.6308-24.75250--21.251-27.6379-27.30852--22.335-33.2318-19.61323--25.922-30.3056--21.0791--24.03-24.8509-24.477998--25.2-26.40346-22.463307--28.1-27.10465-27.376568-21.2--25.31728-24.627437-26-22-26.24395-31.00655--23-21-20.7289-18.865148-16.791-28.5630-20.869045-17.-18.303367,-24.868264--26.0-20.85296-19.443509--22.2-13.65861-18.216609---16.81882,50--28.256946-23.2-23.3827-1-17.20919--2-15-21.8480--27.937196-23-17.197479-20.787856,5-14.528339,50-2-19.784-20.1320-25.493-24-20.804-24.412772,50,5-19-20.419-14.3293-22.497-20-17.179-22.676362,50,5-22-19.835-13.521185,50,5-26-22.329-21.430299,50,-18.-18.63--18.-17.024448-2-21.4466-17.79148-20.62-2-27.7269-17.260698,-21.-2-16.27-1-17.82798-26.43-2-21.95-1-17.95596-19.55-2-23.91-22.606763,50,54-26-24.46--23.1606-2-1-27-22-25.76---24.438-22.286-23-18.55--25.2222-2-23.3-21-20.10-27.091245,50,54-22-19.64-19.027605,-18.-19.-17.-26.397022,50-18.-17.-20-19.059785,50-17.7-26-26.-21.-18.30613-28.8-19-20.-22.-21.83307-30.1-1-24.6-23.401971,50,55.2-1-19.8-21.386785,50-28.-20.504-26.519962,50,-22.-19-24.-18.195244,5-20.93-17.955-23.486879,50-19.3-22-20-20.465338,50,55.-19.3-24-25.791196,50,55.-19.7-25-17.4-17.79-26-18-16.-1-20.492233,50,55-27-15.-1-24-15.84612,50,56.-22-14-16.4-18.28826,50,-22.-18-15.424669,5-21.96-30.-1-16.-16.1454-20.906-16.40-16.-15.8417-19.065-24.-2-1-17.33471-22.2659-17.-1-1-1-19.543918,50,5-17.-1-18.087558,50,57.26-17.--22.031313,50,57.33-18.8--19-14.225766,50,57-16.4--17.808636,5-19.02-15.197-17.966299,50,57.5-21.79--1-17.86625-17.382-14.8-1-17.120351,-17.819-23.-14-18.664051,-18.478-25.-16-20.825905,50,57.8-20.-1-25.5-16.224724,50-20.5-1-17.636423,50,57.9-15.1---20.201841,-15.--16.807--16.-17.582395,50-15.83-1--17.481878,-14.3-19.29-1--14.37699,5-16.8-20.0082-14.027431,-17.5-22.24-22-18-17.675189,50-19.281-16.444337,50-16.1-19.55--21.-20.91229-21-14.7452--18-19.56564,-17-18.5656--19.343634,50-16-18.3012--18.27049,50,58.-22.0941-14.737813,50,-14-19.2633-23.0336,50,58-20-17.50-1-16.973632,50,59.-22.77-23.62077,50,59-18.-20.4-29.-17.852982,5-22.-19.2-16-18.586907,50,59.-14.6-15.701474,50,5-15.8-19.7-17.018246,50,59.3-2-20.6-18.196038,-15.91375-13.4-20.442489,-20.3869-20.60-21.478534,50,59.5-16.607--23.865689,5-20.3-17.395-25.621258-14.3885-18.237-18.989112-15.7198-15.94--17.743135-12.7584-18.10-11.734556,50,60.76-17.29-1-15.794065,50,6-14.334--15.868548,50,60.-16.582--2-15.796808,50,6-18.002--1-20.7223-16.039-12.438-14.92-14.747172,5-20.417-20.14-13.-17.8631-15.59--14.824004,50,61-1-16.37--15.979184,50,61.3-16.69--17.701931,50,61.4-11.51--24.2313,5-21.055-13.64-24.368777,5-14.6--12.541-16.353532,50,61.6-21.9--12.153132,50-15.6--24.8--19.36388,50,-18.30-22.0-19.632423,50,-14.91-16.--15.657747,50,-18.98-14.--18.638389,50-21.2-2-11-17.748074,50,6-18.862-14-15.86-18.216037,50,62-15-15.08-16.-15.520007,5-14-25.216385,50,62.28917-13-23.313154,50,62.36153-1--16.498998,50,6-17.175-1--15.427224,50,62.514-1--1-17.333321,50,62.58998--1-19.2484-20.627584,50,--1-17.073735,50,62.73435--2-20.-20.09303-15.36706-16-20.147287,50-15.65813-21-11.921803,50-17.93785-22-17.5810-13.936351,50--2-16.494116,50,-14.4221-18-17.738964,50,63.1797-13.-16.4-13.3783-16.0820-20.-14.858471,50-17.385-18-1-11.941387,50,63-13-19.47-20.990291,50,63.-15.5353-13-11.182734,50,-13.778-11.988831,50,64.5-17.9-2-10.082641,50,-15.-16.5-1-13.562332,50,-11.-15.038-13.429378,50,64.7-11.267-12.376609,50,64.6-15.962-13.741497,50,-15.-18.195-12.705819,50,-11.-15.624-11.-14.63827,50,6-15.067-16.010489,50-18.9-14.473-11.162276,50-21.5-14.860-13.635012,-15.36-17.8435-19.295598,-13.78-13.5737-18.652925,-13.78-17.011--19.328554,-15.34-10-12-17.386734,50--13.7-18.5-1-12.373436,5-18.09-20.6-1-20.829207,50,65.6-22-1-1-22.519094,50,65.7-12.2--12.254823,5-19.306-20.-16-14.11820-15.76194-17--17-15.426148,-12.15-10.-15.-13.360525,-16.0-21.0--10-15.040788,50,66-11.1-11-7.643849,5-14.02-13.9---16.52366,50,66.25-16.-1-15.8364-15.101636,-13-15-16.762686,50-11.02-13-11-16.543281,50,66.-18.9-15-16.6509-11.9-12.-17.2-12-14.364226,50-16.-10.2-12-13.302838,50-17.-12.7-16-13.852456,50,66.-15.7-11-9.733912,50,66.6-10.4--15.860407,50,6-19.-11.8---16.535316,50,66.8-12.2-15.117512,50,-12.2-14.62-9.663055,50,67.136-20.4-12.822714,50,6-16.-13.-1-13.960412-20.2-13.-16.-1-16.225598,50,-16.9-14.-1-21.178689,50,68.30-14.-1-1-18.23491-11.655-17.-19-13.153443-12.98-14.7-11.-15.692923,50-14-14.3-11.-12.224963,50-14-13.8-18.-12.276695,5-13.-16.2-16.-17.0049-11.7707-20.1-15.-20.728801,-8.28-13.4-11.-17.16--9.908177-16.-14.5-17.193-14.665-15.08-10.6-8.365571,50,6-16.77-13.248-9.91-16.626-11.66-16.-16.851-10.5748-16.89-13.-12.38-10.36607-9.22-13.-11.02644-11.80-15.7-14.4-20.373035,50,-11.5-12.69-1-11.56-19.15-17.8-10.-14.73326-13.971-14.8-15.-16.38364--19.22-16.4-13-13.185221,-15.71-1-14.16-10.-11.401877,50--14.771-18.091116-13.520--12.845-12.27242-10.9762--14.105-11.478575,50,69-1-11.839-11.9536-12-10.9-1-18.710-11.77348-10.988--11.1058-9.571165,50,70.--12.390-11.751698-9.334--9.65553-8.-7.72-12.934--15.1959-10.451495-12.65--12.0135-10.25936-13.25-1-15.5221-17.2409,5-16.2--20.225-12.732386,50,70.--12.376-15.358898,50,70-1-12.387-12.703799-1-12.--14.2146-16.050535,5-15.--12.0984-15-15.362163,50-12.44326-13.707701,5-12-16.963771-13-9.036-16-13-16.385433-15.70772-10-15-13.651888-17.67105-1-11-11.409216,5-15.58366,5-1-11.164857,-13.173516,5--19.386438,5-16.569285,50-12.992849,5-10.571864,50-13.087041,5-9.43459,50,-11.359265,50-12.409627,5-12.768488,50-11.820082,--17.308754,-9.414083,50,--17.250428-10.2043-12.89--16.02775-12.-11.565158,--13.171267,50,72.605866-1-12.8725-13.5-11.254588-1-16.634738,50-10.437891-1-11.217981,50,72.812819-1-16.17-12.018498,50,73--1-17.08-15.595921,50,7-8--11.338482,50-12.6306-13--10.85-10.239995,50,--13-10.968-15.502-15.662-10.-10.635184,50,7-20.12-10.-11.682-17.8831-12.79-12.-15.728-16.898823,5-10.-1-9.0766-8.578149,50-16.7-10.402-9.375742,50-17.8-12.386187,5-12.3234-10-12.4163-13.367864,50--8-13.141422,50,73.68-11--8.722889,5-16.782787-1-8.773279,50,-13.75902,5-12.442766,50-11.19046,50-9.087517,50-11.06375,50-10.390057,-8.274962,50,7-13.48904,-7.420101,50-1-11.033034-8.867839,50,-1-11.10243-12.255972,50,7-15.585542-16.143579,50,--8.890954,-16.323625,50,-11.680257-14.843905,50,-12.857251,-20.046688,50,-16.290667,-10.62649,50,7-11.18637,-12.958014,50,-11.690553,-6.963436,50,--10.846026-9.051225,50,7--8.577608-10.328217,50,7-13.471805-11.642027,50,7-10.359063-9.28681,50,76--12.2135-12.603581,50,7--13.40382-11.061759,50,76-15.302392,50,76.106939-9-15.65444-12.652688,-15.0-15.95342-16.500341,-12.-8.842359,-10.466522-8.6-13.428769,-6.84997,-15.9-11.86539-14.651156,-10.2-11.304552,50,76.529-9.11-13.15987-9.593367,-15.99-14.5994-17.985094,-14.26-14.5079-15.132836,-10.41-11.8851-12.132721,-11.0-7.815328-14.900993,-12.-9.207157,-12.605712,-6.-9.47275,50-10.669069-1-10.397185,50-13.212728-8-14.041418,50-10.47212-17-10.088484,50-12.05438-13-11.73731,50,-14.6064-11-12.820952,50,-13.0100-8.-17.72597,50,7-10.934-9.-9.431077,50,77.4977-17.-10.360118,50,77.5649-13.-12.650133,50,7-13.7-12.6-10.236372,50,77-11.-10.-14.854196,50,77.-9.-13.3-11.745051,50,77.833-9.88-12.823955,50,77.90-12.27-10.969743,50,77-17-11.94-13.36208,50,78.-1-7.5-16.526756,50,78.11--12.0-13.54227,50,78.177--10.-9.934592,50,78.24770-10-10.613629,50,78.3134--9.-8.644032,50,78.38775-10-10.066106,50,79.-15.4-9.-6.371429,50,79.39960-12-11.550445,50,79.4704-9.6-10.271072,50,79.544-16.7-10.578631,50,79.-15-8.11-14.893652,50,79.69-7.231-7.490866,50,79.7--7.065-8.690576,50,79.8--9.344-14.24739,50,79.92-13.38-10.03708,50,79.997-7.22-16.033219,50,80.07-11.0-11.092617,50,80.149-15.6-8.692826,50,80.2223-13.-8.242937,50,80.2930--10-10.537765,50,80.36645-8-14.838083,50,80.4382--9.-12.194871,50,80.5099-12.-11.758205,50,80.5840-8.2-13.822111,50,80-7.6-16.2-10.426205,50,8-8.98-10.3-12.17939,50,80.7967-10.-8.348097,50,80.86672-11-14.79952,50-9.736-8.8-9-10.348089,50,81.00003-9.-12.85136,50,81.07306-6.-10.874943,-10.533632-12.-15.276363,50,81.2145-8.9-7.061667,5-14.430-17.82-12.794333,-10.7708-15.84-7.193615,50,81.431-7.71-9.396497,50-14.706-10.5-9.131728,50,-10.116-8.1-15.783346,50,81.651-15.7-11.33176,50,81.7252-10.-12.65744,50,8-14.552-1-8.164278,50,81.871562--11.888916,50,81.942172--7.394378,50,82-17.6722--9.420577,50,82.-10.4-11-12.478256,50,82.163001--9.365635,50,82.-7.28--1-8.625217,50,83.-6.65-11-11.401537,50,83.25318
-17.145237,50,8-10.36-11.-6.872797,50,83-10.71-6.-10.178489,50,83.471003-1-8.030211,50,-11.062905-9.037302,50,83.-9-10.03-10.14745,50,83.687248
-9.132194,50-7.755995,50-10.812875,50,83.828073
-7.312159,5-6.725391,50,-15.065059,50,83--10.2826-12.247511,-12.152619,50,-11.220081,50,84-7.5381-1-7.805053,50,84.190674--15.501839,50,84.2640-5.--8.761456,5-8.299649-7.0-9.492232,50,84.40915
-13.954536,50,84.4-11-6.9-6.731006,50,84.5-16.724-9.649221,50-17.6610-12.-9.879276,50,-14.854271,-11.429633,50,84.759479-1-11.15873,50,84.828886--14.610246,50,84.904308--9.422991,50,84.979339
-8.453138,5-14.072888,5-12.931463,50,85.11-9.830-16.463579,50,85.176021--12.388617,50,85.245607---10.614405,50,85.307083-1-8.519014,50,85.375537--10.343967,50,85.447096--10.717503,50-10.8-10.--8-12.258001,50-10.283-1-8.-8.331-11.071185,50---10-9.570017,50,85.72411-12-11.155192,50,85.7930--10-8.321328,50,85.8643-1-1-9.265628,50,85.933209--8.457265,50,86.005714
-9.009721,50,86.974725--9.608903,50,87.049421
-8.751699,50,87.12-7.981-8.851045,50,87-11.89883-9.28-8.60582,50,87.2-1--10.08445,50,87.343008
-13.644036,50,87.416039-1-9.959339,50,-13.077549,-7.940696,50,8-9.565749,-8.346207,50,87.628242
-9.307781,50,87.696045
-8.383566,50,87.765536
-12.131572,50,87.8400-10-10.138791,50,87.-9.39497-11.83691,50,87.-5.4972-7.254787,50,88.058552
-12.468513,50,88.133281
-6.977773,50,-6.9-9.8772-9.695852,50,88.270225
-10.917273,50,88.346675
-17.617768,50,88.417567
-9.700863,50,88.488553
-11.156631,-13.494739,50,-8.90289,50-8.990-12.2--15.834496,50,-7.9-9.5346-9.98455,50,88.766957
-14.513964,50-9.068-11.70-11.820861,50,88.895609
-12.433732,50,88.963192
-13.642104,50,89.03644
-10.449686,50,89.104453
-9.865072,50,-14.358129,-7.453205,50,89.247621
-7.700933,5-10.855512,50-9.045389,50,89.373117
-7.762154,5-16.08951-8.4-8.33414,50,89.518157
-13.297666,50,8-8.6102,50-8.909097,50-8.708824,50-6.512721,50-8.543104-9.-7.998296,50,89.791133
-8.673496,50,90.751842
-7.306549,50,90.826569
-6.719368,50,90.90006
-9.790797,50,-14.776716-8.565507,50,91.048022
-5.009712,50,9-9.837738-12.170407,50,91.18927
-6.872673,50,91.263185
-15.641469,50,9-12.73654-12.464454,50,91-9.707676-8.253774,50,91.47321
-11.11474,50,91.53699
-11.237981,50,91.6-6.2143-6.754788,50,91.67831
-10.4855,50,91.743137
-6.41683,50,91.803111
-7.358184,50,91.875601
-8.560663,50,91.937468
-4.636004,50,92.011906
-5.353548,50,92.079506
-11.259233,50,92.144-10.0-8.684386,50,92.216196
-6.831507,50,92.279862
-6.647212,50,92.350152
-9.453803,50,92.416826
-7.62307,50,92.484077
-14.788338,50,92.549586
-8.842661,50,92.6201-7.4-8.87108,50,92.693039
-8.764015,50,92.762038
-12.194482,50,92.834678
-8.734557,50,92.907379
-9.120621,50,92.968588
-7.518694,50,93.043419
-7.281001,50,93.111851
-13.08694,50,93.187-9.3-7.750213,50,93.260038
-8.668957,50,93.326--7.6-8.699219,50,93.392935
-8.756802,50,93.45872-14-11.830122,50,93.52-13.74-10.57435,50,94.509-8.92-7.458141,50,94.58-7.-9.-6.558614,50,94.65-12.10-6.369002,50,94.719022
-12.130187,50,94.790253
-12.272533,50,94.8-10.765-11.466284,50,94.9-11.551-8.128355,50,94.999543
-7.056974,50,95.07-13.71-9.220656,50,95.145827
-10.665939,50,95.213573
-5.930896,50,95.282423
-10.621404,50,95.356111
-11.123457,50,95.427653
-8.469211,50,95.499479
-6.139851,50,-9.749549,5-7.787866,50,95.6-9.893--8.824076,50,95.706566
-7.616521,50,95.77733
-10.699986,50,95.848115
-13.915623,50,95.921138
-5.839732,50,-9.429564,5-8.430403,50,96.058524
-6.903001,50,96.-7.05990-7.54475,50,96.196727
-14.972435,50,96.269156
-8.140189,50,96.33575
-8.748673,50-7.917164,50-8.490019,50,96.-13.305-6.745173,50,-12.799296,-12.46893,50,96.611218
-7.124032,50,96.67-11.94-13.63271,50,96.747326
-5.786819,50,96.815587
-5.050007,50,-12.16206,5-6.801103,50,96.963123
-12.614708,50,97.036063
-8.207002,50,97.108683
-8.304202,5-7.015459,50,-13.53055,5-9.667414,50,-7.359572,5-8.482956,50,-10.807128,50,98.30985
-6.490913,5-7.964492,50-7.306812,50,98.46412
-7.933784,50,98.538627
-10.642697,50,98.612218
-7.799119,50,98.691078
-12.677896,50-7.76493,50-13.378068,5-8.94978,50,9-6.811613,50,98.915968
-6.915766,-9.13351,50,98-9.344694,50,99.058858
-10.41205-8.984854,50,99.-10.659564,50,99.199882
-8.077426,50,99.262457-1-13.0-11.761644,50,99.22-9.483-11.291769,50,-6.8-5.493714,50,99.46126
-8.212946,50,99.535394
-6.45396-7.227612,50,99.-8.09641-9.481382,50,99--12.486535,50,99.733445-8-7.897842,50,99.807092
-13.514073,50,99.8761-7-5-7.3002,50,99.949767
-8.616203,50,100.015987--7.394-8.653502,50,99.9-7-7.808231,50,100.15292-8.-9.273923,50,100.2241-8.6-7.65-9.403351,50,100-7.8-8.441562,50,100.3-11-8.4-8.69-17.800625,50,1-5-7.943039,50,100.49260-6.-6.882372,50,100.56334-7.-7.894886,50,100.6350-11.-9.532863,50,100.70714-8.-11.871882,50,100.7785-7.6-9.973685,50,100.85-8-10.-6.-5.582815,50,100.81-5.-5.043209,50,100.99415-10-7.956735,50,101.061673-7-11.119545,50,102.05-11-6.-8.575113,50,102.13084-7.-12.448396,50,102.2020-12.-5.026101,50,102.27154-16-14-5.247279,50,102.236-7.-5.879414,50,102.40687-11-10.60143,50,102.47493--6.68642,50,102.546505
-10.913993,50,102.614525--6.548492,50,102.685912
-10.181045,50,102.75-7.82--14.807206,50,102.823776--9.033634,50,102.887676--7.141419,50,102.954361-1-5-7.262909,50,102.91976--5.889283,50,103.097663
-7.614886,50,103.167255
-7.260268,50,103.-8.11929-4.060179,50,103.300956
-10.342812,50,103.373307
--12.41913,50,103.335896-7.907585,50,103.516353
--5.911944,50,103-7.1281--6.41285,50,103.656593
-6.-11.016161,50,103.6172-12.-14.299996,50,103.683--6.344651,50,103.863135-5-6.219366,50,103.926154-7-8.351008,50,104.000088-7-10.-8.639194,50,103.96-8.-8.776571,50,104.13888-10-7.-6.730536,50,104.09-6.-15-6.926961,50,104.16-8.2-7.475047,50,104.3392-6.4-8.106465,50,104.4041-9.5-7.791003,50,104.476-9.6-7.989561,50,104.5398-8.0-13-6.166974,50,104.5-4.0-7.195783,50,104.685-13.-8.-8.941604,50,10-7.3-8-8.7-10.287724,50,104.-8.-11.9-9.648905,50,105-8.78-7.3-5.898476,50,105-6.68-8.493973,50,105.894-3.90-7.350824,50,105.9-5-11.4-11.668533,50,106.043-7.66-5.712486,50,106.116-12.6-6-5.865767,50,106.08-7.5-4.536707,50,106.2660-5.2-9.483747,50,106.329-7.13-12.427452,50,106.39-6.500-10.493252,50,106.4-4.2691-7.18097,50,106.52-7.19-10-5.743006,50,106.-8.91-7.-7.881278,50,106.-9.05-5.-6.659635,50,106.-11.3-6.876424,50,106.8174-12.-6.858056,50,106.89390-6.-8.307732,50,106.98225-13-5.020434,50,107.051296-9-7.057025,50,107.12066--9.81482,50,107.19497
-8.86664-10.164646,50,1-6-7.339195,50,107.345519
-6.841504-7.404587,50,107-6.433112,50,107.497614
-9.096648-12.62983,50,107-9.290344-6.183586,50,107-5.625418,50,107.726164-6-7.75356,-7.289933,50,10-8.091317,50,107.875828
-9.200416,50,107.95065-9.-6.927145,50,108.025633
-10.096838,50,108.1038--8.-6.555172-11.966137,50,-8-9.286873,-9.053634,5-9.1-8.099506,-10.614243,50,1-7.348272,50,108.400203
-11.056982,50,108.4729-7-7-12.36165-13.63175,50,1-7.-7.164928,50,108.61909-7.-7.452-8.076203,50,10-7.1-7.231273,50,109.7-7.-6.3-11.888937,50,109.776-6.85-6.986293,50,109.840-3.98-7.298361,50,109.909-8.00-3.691783,50,109.985-11.2-5.709469,50,110-5.13-7.6--5.78828,50,110.0271-5.9-5.085468,50,110.207-6.6-7.636158,50,110.171-7.00--3.460659,50,110.34-6.45--5.098476,50,110.4-7.734--4.521615,50,110.4-10.41-6.361679,50,110.453-7.92--6.442493,50,110.63-8.12-8.147265,50,110.606-6.43-6.664782,50,110.679-8.18-6.920523,50,110.-12-7.0-6.729813,50,110.82-4-5.5-5.504547,50,110.8950-8.0--6.582459,50,111.08-6.462-5.460025,50,111.14-6.701-6.752977,50,111.21-7.157-6.973148,50,111.-8.77790-6.375071,50,111.-8.13565-6.261892,50,111.-7.05858-5.678616,50,111.-5.09435-10.237841,50,111-5.18919--4.420328,50,111-6.6123-7-8.20476,50,111.-12.737-14.523571,50,111.6-5.4910-5.615967,50,111.-8.08060-13.041766,50,11-7.91466-1-10.051259,50,1-7.690347-3.506169,50,112-9.85268--7.584828,50,112-6.96364-8.2837,50,112.08-6.647-1-12.976036,50,11-6.30055-11.496465,50,1-7.63541,50--9.483063,50-8.220969,50-8.595184,50,-6.551375,50--4.113593,50-4.705624,50-6.6692,50,11-5.500704-7.537969,50,113-3.836662-10-5.397273,50,-12.97061,-8-7.184981,50,-8.923755-7.-7.64385,50,-7.67885-6.0-6.540927,50,-6.45893-7.8-12.765578,50-8.61382-7.338812,50,113.-7.74357-7.94-8.25006,50,-8.51006-7.3-7.704565,50,-5.97773-6.410754,50,114.-7.522023,50,-6.802535,50-7.6153-4.474-8.191685,50-6.2233-4.534-6.684495,5-6.6180-7.953351,50,114.3-5.9811-7.671-4.883727,5-7.45877-6.496486,50,114-7.581951-7.27-3.223625,5-7.655005-11.038201,50,11-3.442732,-6.4-10.014554-6.404455,5-6.11-8.994721-5.124568-7.7747-8.659007-5.035538-10.278321,50,11-9.021642,-8.065286,50,11-8.190909,-6.8564-6.76645-6.495497-4.73808-7.0281-5.67545-5.624189-12.058-9.651755-7.21909,5-12.62-12.1099-4.886263,50,115.3-7.7063-4.29727,50,-5.613-9.580-4.737045,50,115.4-5.3142-4.156412,50,115.5-8.7909-5.410597,50,-9.24-5.3787-5.696437,50,-4.64-5.3371-7.298082,50,115.7-6.3070-6.784215,50,115-11.11247-6.409817,50,-8.-4.77711,-5.102054,50,11-6.772948,-8.476448,50,11-6.433566,-7.412763,50,-1-9.65032,5-4.022272,50,1-6.34079,50-6.770504,50,116.412649
-4.7-9.077672,50,116.180328
