#{"t_start": 1759925439.724777, "env_id": "InvertedPendulum-v4"}
r,l,t
5.0,5,0.050685
3.0,3,0.051335
17.0,17,0.053738
19.0,19,0.056286
16.0,16,0.058615
18.0,18,0.06135
40.0,40,0.066975
18.0,18,0.069435
8.0,8,0.070682
4.0,4,0.071265
12.0,12,0.072885
3.0,3,0.073315
38.0,38,0.078434
6.0,6,0.079283
8.0,8,0.080558
16.0,16,0.082686
10.0,10,0.084025
31.0,31,0.088261
5.0,5,0.088959
9.0,9,0.090269
12.0,12,0.092338
25.0,25,0.095979
9.0,9,0.097227
32.0,32,0.101749
44.0,44,0.107502
67.0,67,0.116444
24.0,24,0.119831
34.0,34,0.124426
6.0,6,0.125269
12.0,12,0.12697
32.0,32,0.131282
13.0,13,0.133049
38.0,38,0.138215
38.0,38,0.144595
12.0,12,0.146408
8.0,8,0.147503
59.0,59,0.155437
17.0,17,0.157869
23.0,23,0.160918
6.0,6,0.161753
5.0,5,0.162436
21.0,21,0.165315
35.0,35,0.170055
10.0,10,0.171419
17.0,17,0.173638
13.0,13,0.175584
54.0,54,0.182836
21.0,21,0.185749
10.0,10,0.187119
11.0,11,0.188604
18.0,18,0.190991
24.0,24,0.194318
6.0,6,0.195254
12.0,12,0.196894
11.0,11,0.198372
7.0,7,0.199329
14.0,14,0.201294
37.0,37,0.206283
29.0,29,0.210296
29.0,29,0.214191
21.0,21,0.216997
8.0,8,0.218255
5.0,5,0.218967
21.0,21,0.221727
34.0,34,0.226127
16.0,16,0.228334
35.0,35,0.232976
32.0,32,0.237367
25.0,25,0.240804
10.0,10,0.24217
9.0,9,0.244254
29.0,29,0.248406
10.0,10,0.249767
9.0,9,0.250971
13.0,13,0.252691
5.0,5,0.25339
60.0,60,0.26153
14.0,14,0.263393
22.0,22,0.266423
40.0,40,0.271811
15.0,15,0.273796
24.0,24,0.277268
13.0,13,0.279003
12.0,12,0.280613
56.0,56,0.288022
5.0,5,0.288715
9.0,9,0.289914
12.0,12,0.29151
19.0,19,0.294001
4.0,4,0.29466
12.0,12,0.296338
4.0,4,0.296899
60.0,60,0.304994
13.0,13,0.306756
31.0,31,0.311047
28.0,28,0.314824
60.0,60,0.322925
12.0,12,0.324555
4.0,4,0.325273
54.0,54,0.332688
6.0,6,0.333533
21.0,21,0.336508
47.0,47,0.342659
27.0,27,0.347502
6.0,6,0.348331
26.0,26,0.351747
11.0,11,0.353209
4.0,4,0.353766
19.0,19,0.356482
36.0,36,0.361433
24.0,24,0.364624
8.0,8,0.365716
30.0,30,0.369853
46.0,46,0.37587
4.0,4,0.376433
18.0,18,0.378898
6.0,6,0.379753
8.0,8,0.380828
29.0,29,0.384828
7.0,7,0.385812
7.0,7,0.386767
15.0,15,0.38885
11.0,11,0.390328
12.0,12,0.391927
13.0,13,0.393782
25.0,25,0.397065
9.0,9,0.398267
7.0,7,0.399221
17.0,17,0.401621
34.0,34,0.406089
25.0,25,0.409345
9.0,9,0.41059
15.0,15,0.412714
5.0,5,0.413431
9.0,9,0.414629
7.0,7,0.415573
6.0,6,0.416396
35.0,35,0.421059
24.0,24,0.424353
49.0,49,0.430975
13.0,13,0.432827
26.0,26,0.436346
17.0,17,0.438614
40.0,40,0.445418
6.0,6,0.446415
7.0,7,0.447366
29.0,29,0.451156
30.0,30,0.455209
9.0,9,0.456526
5.0,5,0.457251
22.0,22,0.460295
10.0,10,0.461655
35.0,35,0.466338
13.0,13,0.468264
19.0,19,0.470852
24.0,24,0.474048
10.0,10,0.475428
12.0,12,0.477202
9.0,9,0.47842
31.0,31,0.482465
26.0,26,0.485853
20.0,20,0.488622
20.0,20,0.491296
7.0,7,0.492243
39.0,39,0.497545
5.0,5,0.498245
4.0,4,0.498819
4.0,4,0.499376
28.0,28,0.503289
54.0,54,0.510635
7.0,7,0.511629
4.0,4,0.512196
9.0,9,0.513433
22.0,22,0.516377
17.0,17,0.518839
9.0,9,0.520064
14.0,14,0.521919
4.0,4,0.522471
53.0,53,0.529581
11.0,11,0.531046
22.0,22,0.533924
20.0,20,0.536642
4.0,4,0.537218
12.0,12,0.538913
10.0,10,0.54026
5.0,5,0.54097
11.0,11,0.542433
9.0,9,0.544531
32.0,32,0.549163
14.0,14,0.551044
7.0,7,0.551996
25.0,25,0.555462
16.0,16,0.557693
29.0,29,0.561611
6.0,6,0.562428
20.0,20,0.565064
60.0,60,0.573206
12.0,12,0.574817
11.0,11,0.576277
9.0,9,0.577657
18.0,18,0.580096
4.0,4,0.580658
5.0,5,0.581341
14.0,14,0.583183
17.0,17,0.585776
5.0,5,0.586501
37.0,37,0.591459
4.0,4,0.59206
55.0,55,0.599482
14.0,14,0.6015
9.0,9,0.602737
17.0,17,0.604998
17.0,17,0.607257
14.0,14,0.609297
21.0,21,0.612183
16.0,16,0.61432
6.0,6,0.615131
31.0,31,0.619565
20.0,20,0.622214
4.0,4,0.622771
5.0,5,0.62345
21.0,21,0.626198
7.0,7,0.627133
23.0,23,0.630286
20.0,20,0.632955
22.0,22,0.636012
54.0,54,0.643349
40.0,40,0.649534
5.0,5,0.650234
13.0,13,0.651968
4.0,4,0.652527
6.0,6,0.65334
21.0,21,0.656321
7.0,7,0.657335
78.0,78,0.66775
26.0,26,0.671421
29.0,29,0.67518
19.0,19,0.677667
22.0,22,0.680679
27.0,27,0.684232
26.0,26,0.687762
5.0,5,0.688567
8.0,8,0.689662
12.0,12,0.691264
32.0,32,0.695637
7.0,7,0.696619
33.0,33,0.700959
31.0,31,0.705215
3.0,3,0.705647
35.0,35,0.710185
10.0,10,0.711631
5.0,5,0.712352
10.0,10,0.713704
11.0,11,0.715163
7.0,7,0.716107
35.0,35,0.720862
43.0,43,0.726781
3.0,3,0.727208
14.0,14,0.729048
18.0,18,0.731508
13.0,13,0.733291
4.0,4,0.73385
33.0,33,0.738369
7.0,7,0.739318
18.0,18,0.741703
7.0,7,0.742666
9.0,9,0.745066
34.0,34,0.74978
52.0,52,0.756748
6.0,6,0.757616
10.0,10,0.758971
45.0,45,0.764979
14.0,14,0.76689
11.0,11,0.768554
23.0,23,0.771626
5.0,5,0.772312
8.0,8,0.773374
16.0,16,0.775497
19.0,19,0.778099
26.0,26,0.781526
40.0,40,0.786889
53.0,53,0.793935
21.0,21,0.79672
4.0,4,0.797273
22.0,22,0.800152
25.0,25,0.803528
13.0,13,0.805302
44.0,44,0.811203
28.0,28,0.814889
14.0,14,0.816764
16.0,16,0.819114
4.0,4,0.819675
24.0,24,0.822823
6.0,6,0.823633
10.0,10,0.824988
14.0,14,0.82695
8.0,8,0.828143
15.0,15,0.830172
32.0,32,0.83431
14.0,14,0.836292
8.0,8,0.837378
37.0,37,0.842311
14.0,14,0.845474
12.0,12,0.847125
40.0,40,0.852358
10.0,10,0.853697
8.0,8,0.854781
28.0,28,0.858707
4.0,4,0.859303
14.0,14,0.861304
15.0,15,0.863316
9.0,9,0.864519
29.0,29,0.868416
15.0,15,0.870395
8.0,8,0.871478
23.0,23,0.874479
10.0,10,0.875804
35.0,35,0.880707
34.0,34,0.885285
12.0,12,0.886941
6.0,6,0.887761
14.0,14,0.889737
16.0,16,0.891875
4.0,4,0.892426
18.0,18,0.894918
5.0,5,0.895628
50.0,50,0.902357
34.0,34,0.906803
5.0,5,0.907484
11.0,11,0.909073
50.0,50,0.915728
26.0,26,0.919349
30.0,30,0.923357
6.0,6,0.924171
49.0,49,0.930919
8.0,8,0.932024
17.0,17,0.934287
24.0,24,0.937604
13.0,13,0.939478
60.0,60,0.948393
4.0,4,0.948971
15.0,15,0.95094
4.0,4,0.9515
39.0,39,0.956731
15.0,15,0.958764
8.0,8,0.960041
47.0,47,0.966286
4.0,4,0.966861
34.0,34,0.971468
12.0,12,0.973054
31.0,31,0.977278
10.0,10,0.978632
40.0,40,0.983808
23.0,23,0.986929
43.0,43,0.992537
7.0,7,0.993663
41.0,41,0.999053
10.0,10,1.00039
9.0,9,1.001747
17.0,17,1.004005
34.0,34,1.008414
20.0,20,1.011042
7.0,7,1.012109
17.0,17,1.014376
8.0,8,1.015447
16.0,16,1.017537
5.0,5,1.018336
10.0,10,1.019687
24.0,24,1.022964
11.0,11,1.024467
61.0,61,1.032623
8.0,8,1.033695
36.0,36,1.038468
38.0,38,1.043665
17.0,17,1.047498
26.0,26,1.05096
40.0,40,1.056381
7.0,7,1.057387
40.0,40,1.062742
15.0,15,1.064714
46.0,46,1.071434
82.0,82,1.082385
23.0,23,1.08557
5.0,5,1.086274
38.0,38,1.091314
11.0,11,1.092833
56.0,56,1.100371
16.0,16,1.102598
17.0,17,1.104867
50.0,50,1.111577
29.0,29,1.115354
34.0,34,1.120116
17.0,17,1.122412
6.0,6,1.123233
19.0,19,1.125772
34.0,34,1.130602
19.0,19,1.133121
27.0,27,1.136759
47.0,47,1.143154
20.0,20,1.147011
10.0,10,1.148547
14.0,14,1.150443
7.0,7,1.151412
20.0,20,1.154068
6.0,6,1.154898
27.0,27,1.15915
19.0,19,1.161802
7.0,7,1.162767
9.0,9,1.163973
8.0,8,1.16509
45.0,45,1.171571
25.0,25,1.174826
6.0,6,1.175641
24.0,24,1.179197
12.0,12,1.181389
72.0,72,1.221628
22.0,22,1.228885
17.0,17,1.231341
18.0,18,1.233764
8.0,8,1.234846
25.0,25,1.238579
19.0,19,1.241166
9.0,9,1.242398
29.0,29,1.246558
19.0,19,1.2491
16.0,16,1.251321
36.0,36,1.256204
27.0,27,1.259985
4.0,4,1.260552
32.0,32,1.264751
15.0,15,1.26686
14.0,14,1.268885
20.0,20,1.271539
14.0,14,1.273378
13.0,13,1.2751
42.0,42,1.280779
26.0,26,1.285531
35.0,35,1.290375
12.0,12,1.292035
4.0,4,1.292601
30.0,30,1.297036
12.0,12,1.298684
12.0,12,1.300303
13.0,13,1.302152
6.0,6,1.302996
23.0,23,1.306151
10.0,10,1.30751
27.0,27,1.311289
8.0,8,1.312408
41.0,41,1.318041
24.0,24,1.321278
20.0,20,1.323909
8.0,8,1.32499
45.0,45,1.331062
59.0,59,1.338847
13.0,13,1.340593
24.0,24,1.343897
7.0,7,1.344854
40.0,40,1.350218
13.0,13,1.352233
4.0,4,1.352822
18.0,18,1.355224
32.0,32,1.359447
12.0,12,1.361194
4.0,4,1.361762
11.0,11,1.363235
60.0,60,1.371278
43.0,43,1.377071
5.0,5,1.377776
10.0,10,1.37914
7.0,7,1.380102
24.0,24,1.384548
18.0,18,1.386979
11.0,11,1.388463
24.0,24,1.391641
47.0,47,1.398008
24.0,24,1.401368
22.0,22,1.404368
14.0,14,1.406247
15.0,15,1.408251
38.0,38,1.413482
15.0,15,1.415573
5.0,5,1.416295
16.0,16,1.418518
30.0,30,1.422452
34.0,34,1.427193
14.0,14,1.429067
5.0,5,1.429769
28.0,28,1.433414
26.0,26,1.437101
29.0,29,1.440889
15.0,15,1.442856
28.0,28,1.446619
36.0,36,1.451817
31.0,31,1.456368
48.0,48,1.462943
36.0,36,1.467873
25.0,25,1.471352
72.0,72,1.481025
7.0,7,1.481979
13.0,13,1.485269
7.0,7,1.486245
9.0,9,1.48745
5.0,5,1.488149
14.0,14,1.489988
7.0,7,1.490953
22.0,22,1.493847
53.0,53,1.501013
44.0,44,1.507097
39.0,39,1.512463
47.0,47,1.518969
10.0,10,1.520369
21.0,21,1.523163
3.0,3,1.52359
23.0,23,1.526817
45.0,45,1.532686
9.0,9,1.53389
59.0,59,1.541683
12.0,12,1.543496
33.0,33,1.547944
27.0,27,1.55166
3.0,3,1.552116
11.0,11,1.553582
43.0,43,1.559313
19.0,19,1.561937
47.0,47,1.568419
38.0,38,1.573578
7.0,7,1.574541
6.0,6,1.575353
21.0,21,1.578096
31.0,31,1.582128
41.0,41,1.589
29.0,29,1.592829
5.0,5,1.593528
22.0,22,1.596739
5.0,5,1.597485
22.0,22,1.600389
4.0,4,1.600949
25.0,25,1.604473
6.0,6,1.60532
15.0,15,1.607297
33.0,33,1.611768
34.0,34,1.616198
47.0,47,1.622442
6.0,6,1.623263
5.0,5,1.623945
3.0,3,1.624394
3.0,3,1.624821
38.0,38,1.630035
17.0,17,1.632283
39.0,39,1.637476
10.0,10,1.63884
6.0,6,1.639656
23.0,23,1.642687
8.0,8,1.643902
43.0,43,1.64948
4.0,4,1.650032
5.0,5,1.650718
39.0,39,1.656001
38.0,38,1.660946
38.0,38,1.666052
39.0,39,1.671368
14.0,14,1.673252
10.0,10,1.674618
30.0,30,1.678698
12.0,12,1.680319
5.0,5,1.681
7.0,7,1.682064
5.0,5,1.683621
27.0,27,1.687495
39.0,39,1.692591
17.0,17,1.695064
38.0,38,1.700089
12.0,12,1.701982
8.0,8,1.703081
6.0,6,1.703994
50.0,50,1.710641
14.0,14,1.712492
32.0,32,1.716679
10.0,10,1.718209
9.0,9,1.719447
33.0,33,1.723766
7.0,7,1.724722
24.0,24,1.72792
21.0,21,1.730751
15.0,15,1.73276
37.0,37,1.737797
9.0,9,1.739179
16.0,16,1.741359
42.0,42,1.746925
9.0,9,1.748311
15.0,15,1.750339
9.0,9,1.751733
25.0,25,1.755399
98.0,98,1.76836
5.0,5,1.769085
34.0,34,1.773527
17.0,17,1.775772
21.0,21,1.778662
15.0,15,1.780743
21.0,21,1.784519
8.0,8,1.785602
7.0,7,1.78655
8.0,8,1.787623
22.0,22,1.790506
17.0,17,1.792734
4.0,4,1.7933
6.0,6,1.794285
5.0,5,1.795014
23.0,23,1.798051
93.0,93,1.810503
15.0,15,1.812508
16.0,16,1.814603
24.0,24,1.817738
13.0,13,1.819482
20.0,20,1.822256
14.0,14,1.824132
50.0,50,1.83077
12.0,12,1.832371
46.0,46,1.838594
8.0,8,1.839689
13.0,13,1.84143
21.0,21,1.844346
6.0,6,1.845276
20.0,20,1.847966
10.0,10,1.849322
23.0,23,1.852511
41.0,41,1.857973
87.0,87,1.869563
55.0,55,1.87704
4.0,4,1.877606
33.0,33,1.8819
44.0,44,1.889294
14.0,14,1.891181
44.0,44,1.897172
15.0,15,1.899208
18.0,18,1.901781
8.0,8,1.90288
34.0,34,1.90742
13.0,13,1.909172
30.0,30,1.913282
30.0,30,1.917357
37.0,37,1.922306
9.0,9,1.923516
21.0,21,1.926584
15.0,15,1.928629
49.0,49,1.935226
22.0,22,1.93813
12.0,12,1.939708
28.0,28,1.943354
10.0,10,1.944676
47.0,47,1.950918
13.0,13,1.952776
6.0,6,1.953601
5.0,5,1.954284
9.0,9,1.955606
43.0,43,1.961356
12.0,12,1.962967
3.0,3,1.963387
7.0,7,1.964332
14.0,14,1.966369
36.0,36,1.971185
16.0,16,1.973307
5.0,5,1.973992
20.0,20,1.976857
37.0,37,1.98172
6.0,6,1.982538
21.0,21,1.986854
20.0,20,1.989522
47.0,47,1.995818
32.0,32,2.000084
41.0,41,2.00571
16.0,16,2.007861
18.0,18,2.010413
7.0,7,2.01139
16.0,16,2.013528
32.0,32,2.017675
19.0,19,2.020334
5.0,5,2.021035
10.0,10,2.022375
9.0,9,2.023568
62.0,62,2.031793
5.0,5,2.032504
6.0,6,2.033322
16.0,16,2.035621
20.0,20,2.038379
4.0,4,2.038951
6.0,6,2.039776
8.0,8,2.040853
30.0,30,2.044908
11.0,11,2.046399
18.0,18,2.048877
6.0,6,2.049706
14.0,14,2.051665
3.0,3,2.052114
28.0,28,2.055768
57.0,57,2.063471
13.0,13,2.065203
33.0,33,2.069763
5.0,5,2.070842
4.0,4,2.07149
12.0,12,2.07309
16.0,16,2.075201
23.0,23,2.078361
14.0,14,2.080287
12.0,12,2.081879
6.0,6,2.082704
5.0,5,2.084796
11.0,11,2.086305
11.0,11,2.087771
6.0,6,2.088601
11.0,11,2.090054
10.0,10,2.091391
25.0,25,2.094832
42.0,42,2.10039
38.0,38,2.105529
23.0,23,2.108584
3.0,3,2.109012
11.0,11,2.110664
9.0,9,2.111878
19.0,19,2.114387
10.0,10,2.11591
11.0,11,2.117389
6.0,6,2.118307
17.0,17,2.120554
30.0,30,2.124463
29.0,29,2.128496
14.0,14,2.130361
24.0,24,2.133486
21.0,21,2.136524
4.0,4,2.137117
6.0,6,2.137947
10.0,10,2.139302
35.0,35,2.144114
61.0,61,2.152357
60.0,60,2.160467
5.0,5,2.161196
26.0,26,2.164624
3.0,3,2.165063
3.0,3,2.165495
7.0,7,2.166442
50.0,50,2.173252
38.0,38,2.178355
28.0,28,2.182057
6.0,6,2.182894
18.0,18,2.186139
9.0,9,2.187357
11.0,11,2.188851
61.0,61,2.197023
26.0,26,2.200479
3.0,3,2.200906
42.0,42,2.206642
25.0,25,2.210145
10.0,10,2.211497
9.0,9,2.2127
23.0,23,2.215819
11.0,11,2.217322
3.0,3,2.217801
51.0,51,2.22466
8.0,8,2.225771
50.0,50,2.232379
12.0,12,2.234005
3.0,3,2.234703
14.0,14,2.236601
8.0,8,2.237674
28.0,28,2.241349
59.0,59,2.249124
17.0,17,2.251533
13.0,13,2.253296
5.0,5,2.253989
40.0,40,2.259202
5.0,5,2.259903
26.0,26,2.26341
15.0,15,2.2654
7.0,7,2.266374
3.0,3,2.266801
8.0,8,2.268002
13.0,13,2.269823
39.0,39,2.274934
48.0,48,2.281341
25.0,25,2.286009
26.0,26,2.289425
29.0,29,2.293237
7.0,7,2.294194
4.0,4,2.294933
8.0,8,2.296058
26.0,26,2.299495
32.0,32,2.303902
13.0,13,2.305738
7.0,7,2.306708
52.0,52,2.313572
25.0,25,2.316834
6.0,6,2.317647
18.0,18,2.320221
9.0,9,2.321458
38.0,38,2.326413
7.0,7,2.327354
26.0,26,2.330901
72.0,72,2.340445
9.0,9,2.341654
14.0,14,2.343708
5.0,5,2.34442
8.0,8,2.345515
4.0,4,2.346079
42.0,42,2.351765
5.0,5,2.352479
37.0,37,2.357408
6.0,6,2.358266
10.0,10,2.359748
20.0,20,2.362439
35.0,35,2.367064
26.0,26,2.370661
4.0,4,2.371248
6.0,6,2.372067
34.0,34,2.376485
24.0,24,2.379766
20.0,20,2.382403
8.0,8,2.3847
4.0,4,2.38536
18.0,18,2.387724
12.0,12,2.389341
54.0,54,2.396587
18.0,18,2.398994
24.0,24,2.40226
10.0,10,2.40361
12.0,12,2.405295
7.0,7,2.406263
14.0,14,2.408107
8.0,8,2.409182
42.0,42,2.414957
24.0,24,2.41822
30.0,30,2.422182
16.0,16,2.424273
30.0,30,2.428538
43.0,43,2.434177
4.0,4,2.434927
11.0,11,2.43639
34.0,34,2.440806
33.0,33,2.445204
8.0,8,2.446317
19.0,19,2.448814
4.0,4,2.449375
28.0,28,2.453165
6.0,6,2.453991
36.0,36,2.45892
3.0,3,2.459371
19.0,19,2.461977
20.0,20,2.464721
31.0,31,2.468952
26.0,26,2.472351
10.0,10,2.473667
8.0,8,2.474937
16.0,16,2.47719
14.0,14,2.479045
61.0,61,2.488232
5.0,5,2.488946
14.0,14,2.490812
8.0,8,2.491911
27.0,27,2.495693
9.0,9,2.49697
6.0,6,2.497792
5.0,5,2.498485
6.0,6,2.499343
27.0,27,2.503038
40.0,40,2.508308
20.0,20,2.511145
10.0,10,2.512508
38.0,38,2.517465
55.0,55,2.524731
22.0,22,2.527811
20.0,20,2.530569
4.0,4,2.531141
38.0,38,2.536195
14.0,14,2.538065
21.0,21,2.540809
38.0,38,2.54598
41.0,41,2.551312
8.0,8,2.552387
30.0,30,2.556444
25.0,25,2.559983
6.0,6,2.560824
5.0,5,2.561509
7.0,7,2.562448
38.0,38,2.567592
7.0,7,2.568713
29.0,29,2.572879
50.0,50,2.57952
26.0,26,2.582937
14.0,14,2.586219
44.0,44,2.591977
7.0,7,2.59292
37.0,37,2.597986
8.0,8,2.599094
52.0,52,2.606257
21.0,21,2.609033
12.0,12,2.610872
23.0,23,2.613941
23.0,23,2.617085
4.0,4,2.617661
5.0,5,2.61846
4.0,4,2.619037
7.0,7,2.619984
9.0,9,2.621219
20.0,20,2.623822
47.0,47,2.63026
56.0,56,2.637826
35.0,35,2.642431
35.0,35,2.647279
22.0,22,2.650182
5.0,5,2.650864
35.0,35,2.65563
85.0,85,2.666846
9.0,9,2.668267
28.0,28,2.671961
8.0,8,2.673033
17.0,17,2.675279
18.0,18,2.677642
25.0,25,2.681123
4.0,4,2.681712
34.0,34,2.68775
57.0,57,2.695614
4.0,4,2.696207
44.0,44,2.702147
6.0,6,2.702973
4.0,4,2.703528
13.0,13,2.705307
44.0,44,2.711287
12.0,12,2.712905
20.0,20,2.715605
23.0,23,2.718849
77.0,77,2.729144
51.0,51,2.735893
10.0,10,2.737278
17.0,17,2.739538
20.0,20,2.742176
29.0,29,2.746249
4.0,4,2.746818
20.0,20,2.749461
29.0,29,2.753448
63.0,63,2.761932
33.0,33,2.766292
10.0,10,2.767657
31.0,31,2.771886
14.0,14,2.773767
16.0,16,2.775878
20.0,20,2.778621
27.0,27,2.782608
30.0,30,2.788009
5.0,5,2.788734
27.0,27,2.792368
11.0,11,2.793833
6.0,6,2.794644
23.0,23,2.797995
10.0,10,2.799423
42.0,42,2.805035
3.0,3,2.805572
30.0,30,2.809676
10.0,10,2.811048
17.0,17,2.813303
13.0,13,2.815023
39.0,39,2.820496
14.0,14,2.822382
15.0,15,2.824382
26.0,26,2.827925
5.0,5,2.828631
25.0,25,2.831935
30.0,30,2.836046
5.0,5,2.836761
13.0,13,2.838524
33.0,33,2.842982
7.0,7,2.843956
15.0,15,2.845933
12.0,12,2.847532
53.0,53,2.854574
17.0,17,2.856841
5.0,5,2.857547
18.0,18,2.860053
4.0,4,2.860623
5.0,5,2.861315
5.0,5,2.862006
32.0,32,2.866226
19.0,19,2.868909
5.0,5,2.869619
8.0,8,2.870697
25.0,25,2.873979
7.0,7,2.874924
12.0,12,2.876521
10.0,10,2.877945
10.0,10,2.879348
17.0,17,2.881615
6.0,6,2.882429
27.0,27,2.887072
13.0,13,2.888829
8.0,8,2.889899
21.0,21,2.892659
33.0,33,2.897168
47.0,47,2.903613
9.0,9,2.904849
4.0,4,2.905403
31.0,31,2.909689
18.0,18,2.912057
21.0,21,2.914813
3.0,3,2.915235
33.0,33,2.919817
47.0,47,2.926062
49.0,49,2.932618
18.0,18,2.934991
26.0,26,2.938522
18.0,18,2.940924
5.0,5,2.941618
26.0,26,2.945181
19.0,19,2.947809
16.0,16,2.949981
46.0,46,2.956196
42.0,42,2.961846
10.0,10,2.963217
10.0,10,2.964547
4.0,4,2.965094
39.0,39,2.970465
31.0,31,2.974504
13.0,13,2.976224
16.0,16,2.97856
15.0,15,2.980583
6.0,6,2.98141
18.0,18,2.983791
25.0,25,2.988422
7.0,7,2.989406
46.0,46,2.995392
5.0,5,2.996296
31.0,31,3.000439
30.0,30,3.004685
11.0,11,3.006275
18.0,18,3.008707
33.0,33,3.01313
5.0,5,3.013822
6.0,6,3.01464
37.0,37,3.019693
43.0,43,3.025282
13.0,13,3.027
4.0,4,3.027551
10.0,10,3.029025
16.0,16,3.031177
6.0,6,3.031994
10.0,10,3.033358
17.0,17,3.035795
18.0,18,3.038273
30.0,30,3.042243
3.0,3,3.042672
25.0,25,3.046032
11.0,11,3.047524
7.0,7,3.04869
53.0,53,3.055687
16.0,16,3.057819
7.0,7,3.058922
21.0,21,3.061812
30.0,30,3.065772
12.0,12,3.067508
12.0,12,3.069233
7.0,7,3.070348
16.0,16,3.072641
52.0,52,3.079833
47.0,47,3.087776
3.0,3,3.088259
5.0,5,3.088944
14.0,14,3.090796
21.0,21,3.093783
33.0,33,3.098183
28.0,28,3.102038
10.0,10,3.103402
15.0,15,3.105387
31.0,31,3.109386
6.0,6,3.110201
7.0,7,3.111204
5.0,5,3.111968
14.0,14,3.11386
7.0,7,3.114858
47.0,47,3.121138
4.0,4,3.121824
9.0,9,3.123035
36.0,36,3.127817
6.0,6,3.12865
31.0,31,3.1329
35.0,35,3.137706
18.0,18,3.140112
21.0,21,3.143043
21.0,21,3.145848
10.0,10,3.147191
6.0,6,3.148003
4.0,4,3.148561
62.0,62,3.156785
23.0,23,3.160018
11.0,11,3.161482
6.0,6,3.162289
29.0,29,3.166185
20.0,20,3.169019
15.0,15,3.171038
8.0,8,3.172141
42.0,42,3.17783
25.0,25,3.181097
4.0,4,3.181658
14.0,14,3.183523
66.0,66,3.193431
32.0,32,3.197749
10.0,10,3.199138
24.0,24,3.202406
19.0,19,3.204948
15.0,15,3.206906
5.0,5,3.207734
12.0,12,3.209362
29.0,29,3.213329
28.0,28,3.21698
31.0,31,3.221193
10.0,10,3.222545
4.0,4,3.223108
30.0,30,3.22728
5.0,5,3.228008
15.0,15,3.230026
36.0,36,3.234892
14.0,14,3.236756
5.0,5,3.237453
7.0,7,3.23842
14.0,14,3.240264
23.0,23,3.243481
24.0,24,3.246641
61.0,61,3.254646
51.0,51,3.261464
34.0,34,3.265991
28.0,28,3.269787
12.0,12,3.271385
13.0,13,3.273095
25.0,25,3.276516
4.0,4,3.277086
17.0,17,3.279313
4.0,4,3.279886
6.0,6,3.280702
19.0,19,3.283175
15.0,15,3.28514
6.0,6,3.286867
8.0,8,3.288044
4.0,4,3.288625
3.0,3,3.289052
3.0,3,3.289475
16.0,16,3.291571
4.0,4,3.292124
4.0,4,3.292669
5.0,5,3.29335
9.0,9,3.294551
8.0,8,3.295608
30.0,30,3.299807
20.0,20,3.302669
25.0,25,3.305966
22.0,22,3.308967
77.0,77,3.319319
6.0,6,3.320153
20.0,20,3.322783
25.0,25,3.326061
14.0,14,3.327988
49.0,49,3.334449
39.0,39,3.339588
6.0,6,3.340408
9.0,9,3.341633
13.0,13,3.343513
29.0,29,3.347435
87.0,87,3.35896
25.0,25,3.362462
18.0,18,3.364939
9.0,9,3.366181
3.0,3,3.366603
22.0,22,3.369586
27.0,27,3.373116
12.0,12,3.374755
29.0,29,3.378749
33.0,33,3.383048
8.0,8,3.384126
54.0,54,3.392738
36.0,36,3.397613
7.0,7,3.398615
60.0,60,3.406752
14.0,14,3.408813
45.0,45,3.414745
26.0,26,3.418473
24.0,24,3.421615
40.0,40,3.426828
18.0,18,3.429409
10.0,10,3.430788
5.0,5,3.431472
11.0,11,3.432948
25.0,25,3.436406
17.0,17,3.438787
23.0,23,3.441832
5.0,5,3.442519
45.0,45,3.448714
42.0,42,3.454407
13.0,13,3.456126
35.0,35,3.460665
45.0,45,3.466974
5.0,5,3.467691
16.0,16,3.469982
12.0,12,3.471693
26.0,26,3.475126
38.0,38,3.480206
51.0,51,3.488129
49.0,49,3.494518
11.0,11,3.495986
4.0,4,3.496562
23.0,23,3.499781
6.0,6,3.50064
30.0,30,3.504789
38.0,38,3.509961
4.0,4,3.510546
30.0,30,3.514496
76.0,76,3.52457
10.0,10,3.525924
6.0,6,3.526738
10.0,10,3.528181
6.0,6,3.529047
38.0,38,3.534066
4.0,4,3.534798
37.0,37,3.539706
6.0,6,3.540535
14.0,14,3.542408
10.0,10,3.543936
16.0,16,3.546072
12.0,12,3.547688
29.0,29,3.55165
3.0,3,3.552091
10.0,10,3.553428
18.0,18,3.555778
26.0,26,3.559176
24.0,24,3.56243
46.0,46,3.568577
3.0,3,3.569016
6.0,6,3.570072
18.0,18,3.572659
9.0,9,3.573889
15.0,15,3.575885
7.0,7,3.576933
32.0,32,3.581106
8.0,8,3.582325
46.0,46,3.589556
13.0,13,3.591317
17.0,17,3.593561
6.0,6,3.594381
29.0,29,3.598363
3.0,3,3.59884
6.0,6,3.599693
4.0,4,3.60025
15.0,15,3.602377
4.0,4,3.602933
28.0,28,3.60658
9.0,9,3.607785
37.0,37,3.612814
52.0,52,3.619615
22.0,22,3.622542
28.0,28,3.626318
17.0,17,3.628599
51.0,51,3.635553
3.0,3,3.635992
21.0,21,3.638751
4.0,4,3.639308
14.0,14,3.641252
27.0,27,3.644904
20.0,20,3.64755
4.0,4,3.6481
10.0,10,3.649448
4.0,4,3.650122
12.0,12,3.651861
5.0,5,3.652554
22.0,22,3.655425
22.0,22,3.658304
31.0,31,3.662593
25.0,25,3.665901
26.0,26,3.669478
6.0,6,3.670426
14.0,14,3.67232
17.0,17,3.674577
10.0,10,3.675908
4.0,4,3.676649
6.0,6,3.677483
12.0,12,3.679072
9.0,9,3.680411
4.0,4,3.680991
66.0,66,3.69086
22.0,22,3.693776
25.0,25,3.697067
21.0,21,3.700018
57.0,57,3.70781
34.0,34,3.712433
19.0,19,3.714956
35.0,35,3.719742
41.0,41,3.725095
12.0,12,3.726692
23.0,23,3.729851
7.0,7,3.730821
10.0,10,3.732158
4.0,4,3.732731
35.0,35,3.737378
17.0,17,3.739758
24.0,24,3.743135
5.0,5,3.743874
35.0,35,3.748513
9.0,9,3.74978
41.0,41,3.755235
14.0,14,3.757081
9.0,9,3.758282
18.0,18,3.76083
65.0,65,3.769366
22.0,22,3.772386
6.0,6,3.77322
7.0,7,3.774177
13.0,13,3.7759
38.0,38,3.781106
11.0,11,3.782593
5.0,5,3.783275
22.0,22,3.786335
53.0,53,3.794416
23.0,23,3.797432
13.0,13,3.799373
25.0,25,3.802797
24.0,24,3.805946
35.0,35,3.81082
52.0,52,3.817674
19.0,19,3.820329
50.0,50,3.826934
28.0,28,3.830738
7.0,7,3.831709
19.0,19,3.834205
25.0,25,3.837575
33.0,33,3.841895
8.0,8,3.843052
8.0,8,3.844156
16.0,16,3.846301
8.0,8,3.847365
5.0,5,3.848047
3.0,3,3.848466
12.0,12,3.850063
15.0,15,3.85203
59.0,59,3.859928
28.0,28,3.863673
5.0,5,3.864382
20.0,20,3.867012
23.0,23,3.870131
11.0,11,3.871616
30.0,30,3.875541
18.0,18,3.878073
8.0,8,3.879168
4.0,4,3.879747
10.0,10,3.881083
11.0,11,3.882569
3.0,3,3.883001
14.0,14,3.885105
4.0,4,3.885682
12.0,12,3.888241
4.0,4,3.888847
14.0,14,3.890708
7.0,7,3.891667
28.0,28,3.895356
18.0,18,3.897769
39.0,39,3.903135
4.0,4,3.903691
11.0,11,3.905167
24.0,24,3.908408
8.0,8,3.909595
31.0,31,3.913652
63.0,63,3.921785
11.0,11,3.923236
7.0,7,3.924174
25.0,25,3.927415
18.0,18,3.929911
7.0,7,3.930876
12.0,12,3.932475
15.0,15,3.934513
38.0,38,3.93971
55.0,55,3.946948
6.0,6,3.947935
8.0,8,3.949023
24.0,24,3.952344
3.0,3,3.952783
40.0,40,3.958
17.0,17,3.960424
5.0,5,3.961138
7.0,7,3.962092
4.0,4,3.962649
17.0,17,3.964878
8.0,8,3.965951
17.0,17,3.968171
8.0,8,3.969235
22.0,22,3.972266
8.0,8,3.973365
9.0,9,3.974594
6.0,6,3.975402
16.0,16,3.977683
6.0,6,3.978508
16.0,16,3.980741
6.0,6,3.981566
38.0,38,3.986738
8.0,8,3.988799
8.0,8,3.989891
6.0,6,3.990719
35.0,35,3.995262
7.0,7,3.996225
20.0,20,3.998999
14.0,14,4.000891
15.0,15,4.003016
12.0,12,4.004612
12.0,12,4.00619
20.0,20,4.008985
10.0,10,4.010485
4.0,4,4.011055
39.0,39,4.01609
20.0,20,4.018888
17.0,17,4.021149
42.0,42,4.026586
64.0,64,4.035213
13.0,13,4.036961
41.0,41,4.042373
16.0,16,4.044609
3.0,3,4.045054
6.0,6,4.045871
30.0,30,4.049888
9.0,9,4.051209
10.0,10,4.052553
16.0,16,4.054668
18.0,18,4.057001
9.0,9,4.058372
38.0,38,4.063435
63.0,63,4.07203
27.0,27,4.075569
50.0,50,4.082217
9.0,9,4.083459
41.0,41,4.090226
4.0,4,4.090796
15.0,15,4.092792
21.0,21,4.095523
37.0,37,4.100623
24.0,24,4.103943
15.0,15,4.105925
12.0,12,4.107514
36.0,36,4.112404
71.0,71,4.121754
55.0,55,4.129177
6.0,6,4.130022
44.0,44,4.135933
11.0,11,4.137416
10.0,10,4.13886
45.0,45,4.144972
43.0,43,4.150791
22.0,22,4.153778
4.0,4,4.154349
15.0,15,4.156334
11.0,11,4.157792
46.0,46,4.164184
37.0,37,4.16933
25.0,25,4.17263
31.0,31,4.176875
5.0,5,4.177603
9.0,9,4.178908
28.0,28,4.182644
4.0,4,4.183211
14.0,14,4.185304
19.0,19,4.188556
7.0,7,4.190028
18.0,18,4.192459
36.0,36,4.197151
8.0,8,4.198229
10.0,10,4.199738
6.0,6,4.200614
35.0,35,4.205414
13.0,13,4.207164
32.0,32,4.211582
73.0,73,4.221199
4.0,4,4.221771
16.0,16,4.223892
28.0,28,4.227663
33.0,33,4.232095
21.0,21,4.235046
26.0,26,4.238461
26.0,26,4.242046
31.0,31,4.246213
52.0,52,4.253244
9.0,9,4.254452
55.0,55,4.261865
16.0,16,4.264044
13.0,13,4.265805
21.0,21,4.268757
12.0,12,4.27049
8.0,8,4.271609
8.0,8,4.272677
55.0,55,4.280138
9.0,9,4.281364
21.0,21,4.284142
14.0,14,4.286103
5.0,5,4.286788
23.0,23,4.290879
51.0,51,4.297562
52.0,52,4.304819
6.0,6,4.305683
32.0,32,4.31003
8.0,8,4.311138
18.0,18,4.313526
19.0,19,4.316002
12.0,12,4.317583
49.0,49,4.324097
6.0,6,4.32494
14.0,14,4.327004
23.0,23,4.330029
4.0,4,4.330585
3.0,3,4.331008
5.0,5,4.33169
9.0,9,4.332901
7.0,7,4.33384
32.0,32,4.338236
19.0,19,4.340747
6.0,6,4.341575
46.0,46,4.347675
17.0,17,4.349938
15.0,15,4.352077
3.0,3,4.352515
7.0,7,4.353455
23.0,23,4.35658
23.0,23,4.359775
12.0,12,4.361374
14.0,14,4.363233
66.0,66,4.371952
14.0,14,4.373798
41.0,41,4.379305
29.0,29,4.383094
4.0,4,4.383644
18.0,18,4.38601
23.0,23,4.390006
59.0,59,4.397668
4.0,4,4.398224
48.0,48,4.40481
53.0,53,4.412056
37.0,37,4.416879
22.0,22,4.419928
15.0,15,4.421989
18.0,18,4.424374
11.0,11,4.425826
31.0,31,4.430125
29.0,29,4.433964
45.0,45,4.44016
32.0,32,4.44454
18.0,18,4.447038
8.0,8,4.448139
61.0,61,4.456233
4.0,4,4.456802
6.0,6,4.457649
16.0,16,4.459967
6.0,6,4.460792
7.0,7,4.461739
9.0,9,4.462934
45.0,45,4.468741
49.0,49,4.475277
8.0,8,4.476548
49.0,49,4.48307
7.0,7,4.484027
15.0,15,4.486206
40.0,40,4.492718
8.0,8,4.493827
21.0,21,4.496584
46.0,46,4.502911
49.0,49,4.509319
16.0,16,4.511679
3.0,3,4.51215
50.0,50,4.518898
61.0,61,4.527081
13.0,13,4.528839
21.0,21,4.53159
26.0,26,4.535251
22.0,22,4.538179
9.0,9,4.539381
12.0,12,4.540988
21.0,21,4.54375
47.0,47,4.549994
7.0,7,4.550964
13.0,13,4.552857
45.0,45,4.558859
22.0,22,4.561932
10.0,10,4.563296
5.0,5,4.563982
14.0,14,4.565962
5.0,5,4.566663
25.0,25,4.570037
57.0,57,4.578068
9.0,9,4.579332
28.0,28,4.583046
6.0,6,4.583881
38.0,38,4.589933
50.0,50,4.597031
27.0,27,4.60063
30.0,30,4.604731
14.0,14,4.606587
17.0,17,4.608818
11.0,11,4.610284
12.0,12,4.612049
45.0,45,4.618128
38.0,38,4.623207
9.0,9,4.624425
3.0,3,4.624852
19.0,19,4.627516
21.0,21,4.630282
17.0,17,4.632537
34.0,34,4.637168
10.0,10,4.638537
24.0,24,4.641681
32.0,32,4.646168
43.0,43,4.651984
17.0,17,4.654238
11.0,11,4.655722
46.0,46,4.661886
9.0,9,4.663103
13.0,13,4.664816
7.0,7,4.665756
5.0,5,4.666459
16.0,16,4.668545
29.0,29,4.672473
5.0,5,4.673167
24.0,24,4.6764
6.0,6,4.677225
30.0,30,4.681237
9.0,9,4.682469
9.0,9,4.683688
19.0,19,4.686313
23.0,23,4.690457
37.0,37,4.695313
15.0,15,4.697332
10.0,10,4.698654
36.0,36,4.703732
20.0,20,4.706385
12.0,12,4.707985
25.0,25,4.711399
25.0,25,4.714756
14.0,14,4.716607
6.0,6,4.717431
34.0,34,4.722115
11.0,11,4.723588
7.0,7,4.724547
8.0,8,4.725618
16.0,16,4.727924
10.0,10,4.729291
7.0,7,4.730259
14.0,14,4.732126
3.0,3,4.732551
12.0,12,4.73416
17.0,17,4.736498
16.0,16,4.738632
7.0,7,4.739576
29.0,29,4.743578
39.0,39,4.74866
8.0,8,4.749758
9.0,9,4.750973
20.0,20,4.753715
11.0,11,4.755243
10.0,10,4.756579
11.0,11,4.758064
15.0,15,4.760197
14.0,14,4.762068
12.0,12,4.763772
6.0,6,4.764602
11.0,11,4.766103
8.0,8,4.767176
46.0,46,4.77333
29.0,29,4.777266
16.0,16,4.779364
31.0,31,4.783397
25.0,25,4.786948
26.0,26,4.79123
5.0,5,4.79194
10.0,10,4.793273
7.0,7,4.794217
9.0,9,4.795418
15.0,15,4.797398
21.0,21,4.80038
22.0,22,4.80343
11.0,11,4.804916
8.0,8,4.805977
21.0,21,4.808731
22.0,22,4.811754
5.0,5,4.812464
13.0,13,4.814208
9.0,9,4.81541
5.0,5,4.816119
36.0,36,4.821003
4.0,4,4.821586
26.0,26,4.825006
19.0,19,4.827722
45.0,45,4.833706
13.0,13,4.835546
7.0,7,4.836494
22.0,22,4.839376
16.0,16,4.841614
55.0,55,4.848859
15.0,15,4.851038
4.0,4,4.851711
32.0,32,4.855894
19.0,19,4.85839
11.0,11,4.860038
39.0,39,4.865239
25.0,25,4.868734
7.0,7,4.86969
43.0,43,4.875409
31.0,31,4.87961
43.0,43,4.885479
28.0,28,4.889236
4.0,4,4.891171
15.0,15,4.893197
26.0,26,4.896598
8.0,8,4.897668
50.0,50,4.904459
54.0,54,4.911603
41.0,41,4.917063
21.0,21,4.920048
48.0,48,4.926563
8.0,8,4.927658
26.0,26,4.931155
9.0,9,4.932396
10.0,10,4.933742
7.0,7,4.934857
8.0,8,4.935967
56.0,56,4.943549
19.0,19,4.946085
10.0,10,4.94744
7.0,7,4.948382
11.0,11,4.949871
22.0,22,4.952911
12.0,12,4.954552
12.0,12,4.956124
47.0,47,4.962355
10.0,10,4.96375
6.0,6,4.964563
4.0,4,4.965126
5.0,5,4.965806
26.0,26,4.969396
7.0,7,4.970371
12.0,12,4.971982
26.0,26,4.975387
41.0,41,4.980926
64.0,64,4.989532
10.0,10,4.992226
9.0,9,4.993452
54.0,54,5.000433
6.0,6,5.001496
6.0,6,5.002323
5.0,5,5.003314
18.0,18,5.005873
16.0,16,5.007991
17.0,17,5.010349
9.0,9,5.011564
10.0,10,5.012895
45.0,45,5.018977
23.0,23,5.022003
19.0,19,5.024663
41.0,41,5.030256
50.0,50,5.036887
44.0,44,5.042622
21.0,21,5.045775
15.0,15,5.047782
35.0,35,5.052577
14.0,14,5.054446
31.0,31,5.058613
38.0,38,5.063715
41.0,41,5.069376
56.0,56,5.076995
8.0,8,5.078094
35.0,35,5.082615
7.0,7,5.083556
9.0,9,5.084867
26.0,26,5.088407
8.0,8,5.089479
58.0,58,5.097976
34.0,34,5.102847
8.0,8,5.10399
6.0,6,5.104843
4.0,4,5.105399
51.0,51,5.112368
49.0,49,5.118971
12.0,12,5.120585
22.0,22,5.123585
30.0,30,5.127624
9.0,9,5.128833
26.0,26,5.132357
3.0,3,5.132809
5.0,5,5.133506
53.0,53,5.140497
5.0,5,5.141216
36.0,36,5.146276
32.0,32,5.150449
44.0,44,5.156373
19.0,19,5.158896
10.0,10,5.160235
23.0,23,5.163342
38.0,38,5.168507
16.0,16,5.170671
32.0,32,5.174895
11.0,11,5.176519
18.0,18,5.178894
5.0,5,5.179591
7.0,7,5.180533
4.0,4,5.181086
6.0,6,5.181893
8.0,8,5.182956
29.0,29,5.187048
15.0,15,5.189063
27.0,27,5.193771
67.0,67,5.202664
15.0,15,5.204725
11.0,11,5.206188
12.0,12,5.207776
34.0,34,5.212578
48.0,48,5.21893
4.0,4,5.219518
12.0,12,5.221094
35.0,35,5.225798
56.0,56,5.23333
58.0,58,5.240965
38.0,38,5.246218
12.0,12,5.247809
18.0,18,5.250177
4.0,4,5.250742
4.0,4,5.251297
29.0,29,5.255222
27.0,27,5.258774
53.0,53,5.265989
41.0,41,5.271491
59.0,59,5.279346
29.0,29,5.283255
7.0,7,5.28423
35.0,35,5.288825
8.0,8,5.289911
5.0,5,5.291334
10.0,10,5.293582
25.0,25,5.296875
9.0,9,5.29807
13.0,13,5.299788
8.0,8,5.300849
28.0,28,5.30472
58.0,58,5.312456
4.0,4,5.313033
23.0,23,5.316059
6.0,6,5.316875
14.0,14,5.318907
7.0,7,5.319863
18.0,18,5.322235
9.0,9,5.323421
9.0,9,5.32462
38.0,38,5.329653
11.0,11,5.331138
5.0,5,5.331827
10.0,10,5.3332
53.0,53,5.340296
36.0,36,5.345118
9.0,9,5.346354
9.0,9,5.347551
25.0,25,5.350907
3.0,3,5.351527
7.0,7,5.352483
48.0,48,5.358711
49.0,49,5.365243
6.0,6,5.366097
29.0,29,5.369982
65.0,65,5.378559
9.0,9,5.37989
6.0,6,5.380723
31.0,31,5.384885
3.0,3,5.385348
11.0,11,5.386834
29.0,29,5.391425
12.0,12,5.393492
16.0,16,5.395623
79.0,79,5.406038
19.0,19,5.408585
5.0,5,5.409266
12.0,12,5.411068
16.0,16,5.413219
10.0,10,5.414543
12.0,12,5.416113
4.0,4,5.416665
4.0,4,5.417217
9.0,9,5.418419
45.0,45,5.424423
10.0,10,5.425768
18.0,18,5.428309
35.0,35,5.433016
4.0,4,5.433587
13.0,13,5.435505
27.0,27,5.439094
42.0,42,5.444794
29.0,29,5.448581
5.0,5,5.449267
15.0,15,5.451254
5.0,5,5.451939
41.0,41,5.457383
27.0,27,5.461077
7.0,7,5.462033
5.0,5,5.462724
49.0,49,5.469218
6.0,6,5.470055
19.0,19,5.47295
17.0,17,5.475202
18.0,18,5.477745
20.0,20,5.480517
4.0,4,5.481091
21.0,21,5.48385
15.0,15,5.486015
3.0,3,5.486452
13.0,13,5.488279
16.0,16,5.490422
3.0,3,5.490857
66.0,66,5.500388
36.0,36,5.505308
8.0,8,5.506407
24.0,24,5.509756
11.0,11,5.511241
4.0,4,5.511801
21.0,21,5.514643
8.0,8,5.515732
14.0,14,5.51761
15.0,15,5.519723
10.0,10,5.521058
17.0,17,5.523285
37.0,37,5.528309
6.0,6,5.529148
6.0,6,5.529984
9.0,9,5.53117
28.0,28,5.534789
14.0,14,5.536723
11.0,11,5.538237
16.0,16,5.54036
10.0,10,5.541688
25.0,25,5.545162
14.0,14,5.54711
25.0,25,5.550411
15.0,15,5.552483
33.0,33,5.556888
21.0,21,5.559822
12.0,12,5.561476
45.0,45,5.567338
32.0,32,5.572074
22.0,22,5.574998
8.0,8,5.576085
23.0,23,5.579286
16.0,16,5.581426
24.0,24,5.584809
38.0,38,5.589938
40.0,40,5.596432
58.0,58,5.604165
9.0,9,5.605473
18.0,18,5.607877
5.0,5,5.608565
22.0,22,5.611657
30.0,30,5.61566
23.0,23,5.618854
30.0,30,5.622777
8.0,8,5.623858
11.0,11,5.625322
5.0,5,5.626004
11.0,11,5.627478
8.0,8,5.628673
27.0,27,5.632247
35.0,35,5.636974
6.0,6,5.637855
14.0,14,5.639777
3.0,3,5.640207
50.0,50,5.646868
13.0,13,5.648701
16.0,16,5.650824
5.0,5,5.651611
5.0,5,5.652315
13.0,13,5.654037
8.0,8,5.655113
17.0,17,5.657334
4.0,4,5.658036
22.0,22,5.661136
6.0,6,5.661959
11.0,11,5.663444
6.0,6,5.664263
8.0,8,5.665331
12.0,12,5.666946
3.0,3,5.667372
40.0,40,5.672782
17.0,17,5.675012
47.0,47,5.68142
17.0,17,5.683691
16.0,16,5.685992
10.0,10,5.687343
6.0,6,5.688188
5.0,5,5.68887
3.0,3,5.689297
26.0,26,5.694016
25.0,25,5.697308
7.0,7,5.698248
26.0,26,5.701886
24.0,24,5.705128
34.0,34,5.709704
58.0,58,5.717265
9.0,9,5.718477
8.0,8,5.719645
28.0,28,5.723394
23.0,23,5.726585
13.0,13,5.728331
21.0,21,5.731184
18.0,18,5.733558
18.0,18,5.736053
10.0,10,5.737389
4.0,4,5.73797
66.0,66,5.746831
6.0,6,5.74765
7.0,7,5.748586
40.0,40,5.754045
44.0,44,5.75986
19.0,19,5.762445
36.0,36,5.76718
7.0,7,5.768311
4.0,4,5.768879
12.0,12,5.770584
20.0,20,5.77325
9.0,9,5.774484
14.0,14,5.776506
23.0,23,5.779561
25.0,25,5.782938
4.0,4,5.78351
8.0,8,5.784719
5.0,5,5.785428
21.0,21,5.788208
39.0,39,5.795206
8.0,8,5.796321
37.0,37,5.801177
4.0,4,5.801752
9.0,9,5.802956
18.0,18,5.805535
8.0,8,5.806651
7.0,7,5.807609
10.0,10,5.808955
10.0,10,5.8104
15.0,15,5.812396
16.0,16,5.814638
37.0,37,5.819652
59.0,59,5.827489
22.0,22,5.830406
23.0,23,5.833421
65.0,65,5.842214
4.0,4,5.842948
11.0,11,5.844496
25.0,25,5.847927
5.0,5,5.848629
15.0,15,5.850621
11.0,11,5.852206
39.0,39,5.857408
22.0,22,5.860506
15.0,15,5.862558
46.0,46,5.868739
5.0,5,5.869429
10.0,10,5.870761
25.0,25,5.874011
11.0,11,5.875462
17.0,17,5.877677
4.0,4,5.878338
5.0,5,5.879047
7.0,7,5.879986
18.0,18,5.882356
22.0,22,5.885417
8.0,8,5.886526
8.0,8,5.8876
13.0,13,5.889416
17.0,17,5.891725
21.0,21,5.8956
9.0,9,5.89682
12.0,12,5.8984
12.0,12,5.899987
21.0,21,5.902723
10.0,10,5.904219
14.0,14,5.906117
30.0,30,5.910267
45.0,45,5.916299
19.0,19,5.919048
65.0,65,5.927725
4.0,4,5.928298
36.0,36,5.932997
17.0,17,5.935232
39.0,39,5.940501
9.0,9,5.94173
7.0,7,5.942686
17.0,17,5.945103
17.0,17,5.947377
24.0,24,5.950513
11.0,11,5.952152
7.0,7,5.953124
11.0,11,5.954601
6.0,6,5.955408
21.0,21,5.958147
20.0,20,5.96078
12.0,12,5.962509
5.0,5,5.963219
28.0,28,5.966909
4.0,4,5.967471
40.0,40,5.972768
45.0,45,5.978838
23.0,23,5.981861
8.0,8,5.98295
17.0,17,5.985178
11.0,11,5.98674
20.0,20,5.989424
13.0,13,5.991168
37.0,37,5.997368
3.0,3,5.997817
16.0,16,5.999972
3.0,3,6.000405
64.0,64,6.00893
40.0,40,6.014481
7.0,7,6.015442
17.0,17,6.017745
17.0,17,6.020185
32.0,32,6.02455
4.0,4,6.02513
11.0,11,6.02673
16.0,16,6.028855
8.0,8,6.029923
24.0,24,6.033061
26.0,26,6.036667
12.0,12,6.038297
34.0,34,6.042746
35.0,35,6.047438
19.0,19,6.049981
6.0,6,6.0508
5.0,5,6.051741
10.0,10,6.053095
16.0,16,6.05533
4.0,4,6.055899
7.0,7,6.056848
14.0,14,6.058696
40.0,40,6.064092
19.0,19,6.066718
6.0,6,6.067644
12.0,12,6.069244
19.0,19,6.071751
3.0,3,6.072172
19.0,19,6.074748
16.0,16,6.076979
37.0,37,6.081765
35.0,35,6.086692
16.0,16,6.088901
24.0,24,6.092068
15.0,15,6.095378
57.0,57,6.102793
13.0,13,6.10452
14.0,14,6.106582
21.0,21,6.109465
21.0,21,6.112249
6.0,6,6.113073
8.0,8,6.114145
13.0,13,6.115865
21.0,21,6.118809
5.0,5,6.119525
65.0,65,6.12813
15.0,15,6.130119
23.0,23,6.133149
5.0,5,6.13384
28.0,28,6.137565
29.0,29,6.141347
7.0,7,6.142298
22.0,22,6.145351
89.0,89,6.157024
23.0,23,6.160253
3.0,3,6.1607
39.0,39,6.165967
17.0,17,6.168282
19.0,19,6.170799
45.0,45,6.176858
11.0,11,6.178347
9.0,9,6.179576
27.0,27,6.18309
45.0,45,6.18909
5.0,5,6.1898
4.0,4,6.19036
50.0,50,6.198102
4.0,4,6.198666
25.0,25,6.20197
55.0,55,6.209313
13.0,13,6.211179
9.0,9,6.212409
8.0,8,6.213519
34.0,34,6.218108
15.0,15,6.220115
11.0,11,6.221604
26.0,26,6.225027
18.0,18,6.227567
64.0,64,6.235939
7.0,7,6.236891
6.0,6,6.237721
34.0,34,6.24214
8.0,8,6.243312
13.0,13,6.245058
10.0,10,6.246403
41.0,41,6.251889
29.0,29,6.255713
46.0,46,6.261826
37.0,37,6.266742
6.0,6,6.267557
8.0,8,6.268739
4.0,4,6.26931
5.0,5,6.269997
44.0,44,6.275737
41.0,41,6.281232
32.0,32,6.285415
13.0,13,6.287233
23.0,23,6.290259
12.0,12,6.291851
29.0,29,6.29672
6.0,6,6.297545
30.0,30,6.301451
39.0,39,6.306666
47.0,47,6.31304
29.0,29,6.316848
30.0,30,6.32105
15.0,15,6.323066
23.0,23,6.326176
5.0,5,6.326979
10.0,10,6.328443
6.0,6,6.329283
4.0,4,6.329843
39.0,39,6.334968
5.0,5,6.335666
13.0,13,6.337382
7.0,7,6.338338
4.0,4,6.338909
6.0,6,6.33972
11.0,11,6.341173
3.0,3,6.341596
6.0,6,6.342405
29.0,29,6.346355
6.0,6,6.34718
39.0,39,6.352448
37.0,37,6.357266
47.0,47,6.363487
19.0,19,6.365976
18.0,18,6.368367
31.0,31,6.372405
36.0,36,6.377212
10.0,10,6.378564
16.0,16,6.380692
10.0,10,6.382016
11.0,11,6.383493
6.0,6,6.384319
42.0,42,6.389833
6.0,6,6.390646
23.0,23,6.394592
7.0,7,6.395675
10.0,10,6.397052
30.0,30,6.400969
16.0,16,6.403083
22.0,22,6.406154
6.0,6,6.407006
4.0,4,6.40762
53.0,53,6.414556
31.0,31,6.41875
19.0,19,6.421274
8.0,8,6.422336
10.0,10,6.423667
11.0,11,6.425155
32.0,32,6.429496
9.0,9,6.430713
19.0,19,6.433238
29.0,29,6.437083
40.0,40,6.442299
61.0,61,6.450315
36.0,36,6.455099
18.0,18,6.457448
20.0,20,6.460283
30.0,30,6.464346
13.0,13,6.466088
16.0,16,6.468237
15.0,15,6.47021
32.0,32,6.474348
34.0,34,6.47935
16.0,16,6.481494
6.0,6,6.482313
26.0,26,6.485775
11.0,11,6.487239
13.0,13,6.488946
4.0,4,6.489501
16.0,16,6.491595
52.0,52,6.499531
14.0,14,6.501396
16.0,16,6.503499
37.0,37,6.508522
5.0,5,6.509243
13.0,13,6.511093
18.0,18,6.513479
4.0,4,6.514039
6.0,6,6.514852
18.0,18,6.517204
20.0,20,6.519932
16.0,16,6.522047
24.0,24,6.525196
14.0,14,6.527183
27.0,27,6.5307
4.0,4,6.531254
13.0,13,6.532981
11.0,11,6.534591
6.0,6,6.53546
34.0,34,6.539898
4.0,4,6.540453
50.0,50,6.547058
19.0,19,6.549632
48.0,48,6.556018
13.0,13,6.557732
20.0,20,6.560518
19.0,19,6.563084
8.0,8,6.564166
9.0,9,6.565382
7.0,7,6.566325
12.0,12,6.567973
7.0,7,6.568971
6.0,6,6.56983
63.0,63,6.57821
14.0,14,6.580162
13.0,13,6.581997
31.0,31,6.58627
12.0,12,6.587877
24.0,24,6.591017
12.0,12,6.592599
6.0,6,6.593508
58.0,58,6.602089
54.0,54,6.609341
36.0,36,6.614181
50.0,50,6.620799
50.0,50,6.627482
29.0,29,6.631311
23.0,23,6.634324
16.0,16,6.636499
8.0,8,6.637583
18.0,18,6.639988
4.0,4,6.640544
12.0,12,6.642128
40.0,40,6.647468
23.0,23,6.650464
15.0,15,6.652576
6.0,6,6.653403
14.0,14,6.655285
31.0,31,6.659352
26.0,26,6.662854
28.0,28,6.666558
18.0,18,6.669009
26.0,26,6.672433
19.0,19,6.674914
10.0,10,6.67635
7.0,7,6.677326
17.0,17,6.679587
15.0,15,6.681554
14.0,14,6.683404
8.0,8,6.684552
39.0,39,6.689657
56.0,56,6.698208
5.0,5,6.698922
24.0,24,6.702061
6.0,6,6.702879
20.0,20,6.705667
16.0,16,6.707863
43.0,43,6.713579
34.0,34,6.718128
10.0,10,6.719522
27.0,27,6.72308
18.0,18,6.725485
14.0,14,6.727469
11.0,11,6.728948
43.0,43,6.734577
10.0,10,6.735929
17.0,17,6.738182
3.0,3,6.738609
4.0,4,6.739179
9.0,9,6.740378
44.0,44,6.746443
38.0,38,6.751549
41.0,41,6.757057
4.0,4,6.757653
34.0,34,6.762254
22.0,22,6.76529
4.0,4,6.765896
36.0,36,6.770683
12.0,12,6.772308
30.0,30,6.776424
15.0,15,6.778442
13.0,13,6.780196
36.0,36,6.78499
4.0,4,6.785551
28.0,28,6.789216
15.0,15,6.791193
32.0,32,6.796479
20.0,20,6.799148
13.0,13,6.800878
35.0,35,6.805439
4.0,4,6.806154
5.0,5,6.806887
9.0,9,6.80812
10.0,10,6.809528
16.0,16,6.811696
18.0,18,6.814069
43.0,43,6.819938
36.0,36,6.824665
8.0,8,6.82576
23.0,23,6.828895
7.0,7,6.829873
11.0,11,6.831335
33.0,33,6.835755
48.0,48,6.842105
21.0,21,6.845029
10.0,10,6.846405
23.0,23,6.849552
12.0,12,6.851258
15.0,15,6.853263
34.0,34,6.857651
4.0,4,6.858296
6.0,6,6.85915
10.0,10,6.860654
10.0,10,6.862036
7.0,7,6.863009
55.0,55,6.870267
27.0,27,6.873847
19.0,19,6.876455
21.0,21,6.879216
5.0,5,6.879913
15.0,15,6.881882
31.0,31,6.886011
28.0,28,6.889718
4.0,4,6.890283
27.0,27,6.893876
28.0,28,6.898643
5.0,5,6.899378
4.0,4,6.899944
26.0,26,6.903341
13.0,13,6.905073
5.0,5,6.905756
40.0,40,6.91153
62.0,62,6.919811
12.0,12,6.921434
11.0,11,6.922909
7.0,7,6.923863
9.0,9,6.925086
50.0,50,6.931735
16.0,16,6.933884
53.0,53,6.940871
41.0,41,6.946334
53.0,53,6.953298
3.0,3,6.953727
20.0,20,6.956337
34.0,34,6.960872
7.0,7,6.96182
10.0,10,6.96316
8.0,8,6.964239
33.0,33,6.968587
4.0,4,6.969149
16.0,16,6.971248
7.0,7,6.972184
17.0,17,6.974408
5.0,5,6.975084
4.0,4,6.975638
7.0,7,6.976706
5.0,5,6.977396
5.0,5,6.978091
16.0,16,6.980186
16.0,16,6.982282
14.0,14,6.984126
4.0,4,6.984755
3.0,3,6.985199
19.0,19,6.98774
13.0,13,6.989474
4.0,4,6.990035
36.0,36,6.994763
16.0,16,6.997642
24.0,24,7.000789
31.0,31,7.00482
13.0,13,7.006678
10.0,10,7.008084
48.0,48,7.014457
9.0,9,7.015671
5.0,5,7.016374
5.0,5,7.017055
69.0,69,7.026242
40.0,40,7.031533
15.0,15,7.033519
7.0,7,7.034533
55.0,55,7.041765
11.0,11,7.043431
30.0,30,7.047503
47.0,47,7.053753
4.0,4,7.054315
12.0,12,7.055898
18.0,18,7.058277
18.0,18,7.060761
10.0,10,7.062103
40.0,40,7.067287
48.0,48,7.074021
6.0,6,7.074889
10.0,10,7.076243
5.0,5,7.076929
10.0,10,7.078268
4.0,4,7.078826
15.0,15,7.081048
34.0,34,7.085683
13.0,13,7.087429
13.0,13,7.089171
8.0,8,7.09024
10.0,10,7.091573
30.0,30,7.096572
34.0,34,7.101404
16.0,16,7.103528
12.0,12,7.105116
5.0,5,7.105799
37.0,37,7.111024
44.0,44,7.116832
19.0,19,7.119479
50.0,50,7.125956
10.0,10,7.127436
5.0,5,7.128144
38.0,38,7.133104
15.0,15,7.135146
36.0,36,7.139858
10.0,10,7.141193
12.0,12,7.142822
16.0,16,7.145083
4.0,4,7.145661
35.0,35,7.150295
16.0,16,7.152612
27.0,27,7.156139
25.0,25,7.159395
21.0,21,7.162264
6.0,6,7.163122
6.0,6,7.163942
5.0,5,7.164626
10.0,10,7.165964
26.0,26,7.169466
15.0,15,7.171457
15.0,15,7.173458
38.0,38,7.178556
50.0,50,7.185066
12.0,12,7.186786
8.0,8,7.18789
21.0,21,7.190654
39.0,39,7.197081
21.0,21,7.199852
7.0,7,7.200798
7.0,7,7.201745
33.0,33,7.206026
5.0,5,7.206704
10.0,10,7.208249
15.0,15,7.210412
42.0,42,7.215903
7.0,7,7.21685
13.0,13,7.2187
36.0,36,7.223405
34.0,34,7.228022
4.0,4,7.228579
17.0,17,7.230813
49.0,49,7.237312
20.0,20,7.239977
8.0,8,7.241059
8.0,8,7.242141
7.0,7,7.243339
4.0,4,7.243906
16.0,16,7.246127
8.0,8,7.247246
6.0,6,7.248061
38.0,38,7.253174
5.0,5,7.253866
12.0,12,7.255465
19.0,19,7.257967
45.0,45,7.264013
39.0,39,7.269108
8.0,8,7.270295
7.0,7,7.27127
45.0,45,7.277267
13.0,13,7.279
14.0,14,7.280842
53.0,53,7.287763
21.0,21,7.290513
6.0,6,7.291319
10.0,10,7.292645
24.0,24,7.297291
11.0,11,7.29886
57.0,57,7.306227
19.0,19,7.309077
7.0,7,7.310178
5.0,5,7.310885
9.0,9,7.312102
15.0,15,7.314098
11.0,11,7.315562
23.0,23,7.318788
29.0,29,7.322588
16.0,16,7.324704
26.0,26,7.328211
5.0,5,7.328932
5.0,5,7.329628
42.0,42,7.335157
16.0,16,7.33726
8.0,8,7.338351
11.0,11,7.339817
37.0,37,7.344813
15.0,15,7.346822
51.0,51,7.353571
24.0,24,7.356732
3.0,3,7.357167
32.0,32,7.36156
24.0,24,7.364752
16.0,16,7.366895
17.0,17,7.369198
26.0,26,7.372626
11.0,11,7.374087
14.0,14,7.375941
31.0,31,7.380292
34.0,34,7.384834
4.0,4,7.385396
11.0,11,7.386865
13.0,13,7.388611
10.0,10,7.389939
13.0,13,7.391664
9.0,9,7.392947
7.0,7,7.393895
9.0,9,7.395088
19.0,19,7.398464
39.0,39,7.403538
22.0,22,7.406398
4.0,4,7.406955
22.0,22,7.410228
28.0,28,7.413922
5.0,5,7.41461
9.0,9,7.415809
20.0,20,7.418594
36.0,36,7.423319
10.0,10,7.424665
33.0,33,7.429353
9.0,9,7.430587
4.0,4,7.431151
5.0,5,7.431839
25.0,25,7.435232
4.0,4,7.435798
30.0,30,7.439742
5.0,5,7.44043
12.0,12,7.442015
12.0,12,7.443708
55.0,55,7.450884
14.0,14,7.452871
17.0,17,7.455108
11.0,11,7.456564
9.0,9,7.457804
16.0,16,7.460047
26.0,26,7.463466
31.0,31,7.467508
16.0,16,7.469667
42.0,42,7.475107
14.0,14,7.477211
51.0,51,7.483913
9.0,9,7.485129
15.0,15,7.487258
19.0,19,7.489795
56.0,56,7.498288
24.0,24,7.501463
4.0,4,7.502022
15.0,15,7.503994
21.0,21,7.506726
21.0,21,7.509756
5.0,5,7.510501
53.0,53,7.517379
9.0,9,7.518724
11.0,11,7.520196
42.0,42,7.52568
32.0,32,7.529977
16.0,16,7.532075
3.0,3,7.5325
55.0,55,7.539793
17.0,17,7.541998
6.0,6,7.54284
8.0,8,7.544069
20.0,20,7.546844
14.0,14,7.548693
9.0,9,7.549915
17.0,17,7.552341
6.0,6,7.553182
18.0,18,7.555551
14.0,14,7.557401
19.0,19,7.560018
9.0,9,7.561232
5.0,5,7.56192
55.0,55,7.569196
28.0,28,7.573214
7.0,7,7.574224
3.0,3,7.574649
4.0,4,7.575206
24.0,24,7.578319
14.0,14,7.580375
48.0,48,7.586775
5.0,5,7.58747
22.0,22,7.590515
6.0,6,7.591345
22.0,22,7.594324
6.0,6,7.595158
14.0,14,7.597979
12.0,12,7.599862
23.0,23,7.602879
4.0,4,7.603434
15.0,15,7.605414
12.0,12,7.606999
12.0,12,7.608816
13.0,13,7.610709
38.0,38,7.615651
35.0,35,7.620362
7.0,7,7.621329
4.0,4,7.621886
49.0,49,7.628588
24.0,24,7.631733
5.0,5,7.632423
6.0,6,7.633236
14.0,14,7.635136
10.0,10,7.636484
21.0,21,7.639244
17.0,17,7.641456
15.0,15,7.643631
6.0,6,7.64447
22.0,22,7.647349
11.0,11,7.648806
8.0,8,7.649904
29.0,29,7.653848
31.0,31,7.657962
14.0,14,7.659933
47.0,47,7.666053
9.0,9,7.667255
33.0,33,7.671591
9.0,9,7.672796
50.0,50,7.679382
8.0,8,7.680474
22.0,22,7.683344
27.0,27,7.686941
7.0,7,7.687881
8.0,8,7.688946
11.0,11,7.690403
16.0,16,7.692498
4.0,4,7.693088
14.0,14,7.694937
18.0,18,7.698388
11.0,11,7.69992
43.0,43,7.705527
4.0,4,7.706083
16.0,16,7.708371
33.0,33,7.712956
13.0,13,7.714686
20.0,20,7.717309
7.0,7,7.718449
26.0,26,7.721898
5.0,5,7.722583
4.0,4,7.723137
55.0,55,7.730436
20.0,20,7.733091
8.0,8,7.734179
31.0,31,7.738347
18.0,18,7.74073
29.0,29,7.744672
10.0,10,7.746012
21.0,21,7.748771
29.0,29,7.752694
12.0,12,7.754292
5.0,5,7.754972
79.0,79,7.765415
47.0,47,7.771683
12.0,12,7.773307
8.0,8,7.774381
10.0,10,7.775706
23.0,23,7.77889
44.0,44,7.784698
5.0,5,7.785403
24.0,24,7.788535
10.0,10,7.789863
20.0,20,7.792487
18.0,18,7.794928
4.0,4,7.795488
16.0,16,7.798444
7.0,7,7.799398
7.0,7,7.800358
42.0,42,7.805753
54.0,54,7.81311
9.0,9,7.814337
29.0,29,7.818218
4.0,4,7.81878
7.0,7,7.819727
7.0,7,7.820668
47.0,47,7.826977
23.0,23,7.830133
19.0,19,7.832647
14.0,14,7.834662
8.0,8,7.835795
7.0,7,7.836766
11.0,11,7.838233
51.0,51,7.845052
11.0,11,7.846539
26.0,26,7.849931
15.0,15,7.851964
12.0,12,7.853671
87.0,87,7.865292
60.0,60,7.873202
39.0,39,7.878386
3.0,3,7.878822
16.0,16,7.880956
8.0,8,7.882041
35.0,35,7.886659
56.0,56,7.893991
26.0,26,7.898447
7.0,7,7.899432
6.0,6,7.900269
32.0,32,7.904426
6.0,6,7.90524
15.0,15,7.907181
15.0,15,7.909522
40.0,40,7.91483
36.0,36,7.919655
30.0,30,7.923568
83.0,83,7.934565
23.0,23,7.937578
16.0,16,7.939681
18.0,18,7.942057
5.0,5,7.942772
18.0,18,7.945226
9.0,9,7.94645
48.0,48,7.952811
13.0,13,7.954532
32.0,32,7.958693
17.0,17,7.961215
25.0,25,7.964501
16.0,16,7.966598
29.0,29,7.97043
6.0,6,7.971256
39.0,39,7.976431
5.0,5,7.977134
15.0,15,7.979095
14.0,14,7.980951
9.0,9,7.982154
6.0,6,7.982971
39.0,39,7.988096
16.0,16,7.990185
20.0,20,7.992867
22.0,22,7.995749
20.0,20,7.999651
8.0,8,8.000845
47.0,47,8.007106
16.0,16,8.009278
15.0,15,8.011325
6.0,6,8.012145
5.0,5,8.012834
25.0,25,8.016098
7.0,7,8.017075
16.0,16,8.019509
13.0,13,8.021267
15.0,15,8.023252
26.0,26,8.02693
6.0,6,8.027762
4.0,4,8.028321
7.0,7,8.02927
15.0,15,8.031263
11.0,11,8.032728
4.0,4,8.033284
6.0,6,8.034136
19.0,19,8.036714
6.0,6,8.037535
49.0,49,8.044062
34.0,34,8.048503
61.0,61,8.056936
24.0,24,8.060343
9.0,9,8.061596
11.0,11,8.063176
16.0,16,8.065316
5.0,5,8.066004
41.0,41,8.071516
14.0,14,8.073375
26.0,26,8.076823
37.0,37,8.081925
9.0,9,8.083163
24.0,24,8.086443
3.0,3,8.086877
41.0,41,8.092204
9.0,9,8.093506
21.0,21,8.096295
64.0,64,8.105989
18.0,18,8.108431
13.0,13,8.110152
13.0,13,8.112102
28.0,28,8.11583
4.0,4,8.116397
10.0,10,8.117947
48.0,48,8.124281
26.0,26,8.127797
54.0,54,8.135033
11.0,11,8.136655
11.0,11,8.13816
39.0,39,8.143414
3.0,3,8.143851
3.0,3,8.144277
12.0,12,8.145864
15.0,15,8.14784
5.0,5,8.148524
26.0,26,8.152071
46.0,46,8.158057
30.0,30,8.162075
19.0,19,8.16458
23.0,23,8.167657
26.0,26,8.171059
20.0,20,8.173695
8.0,8,8.174769
13.0,13,8.176532
16.0,16,8.178639
19.0,19,8.181138
25.0,25,8.184513
4.0,4,8.185068
32.0,32,8.189222
15.0,15,8.191214
11.0,11,8.192751
8.0,8,8.193847
12.0,12,8.195436
35.0,35,8.201129
9.0,9,8.202377
10.0,10,8.203726
12.0,12,8.205339
5.0,5,8.206027
4.0,4,8.206578
48.0,48,8.213064
31.0,31,8.217285
21.0,21,8.22009
46.0,46,8.226156
4.0,4,8.226707
20.0,20,8.229326
22.0,22,8.232197
62.0,62,8.240459
29.0,29,8.244452
19.0,19,8.246948
19.0,19,8.249458
46.0,46,8.255579
3.0,3,8.25601
31.0,31,8.260255
26.0,26,8.263681
20.0,20,8.266321
10.0,10,8.267654
47.0,47,8.273922
13.0,13,8.275707
18.0,18,8.278075
16.0,16,8.280192
20.0,20,8.282807
15.0,15,8.284967
9.0,9,8.286193
6.0,6,8.28701
22.0,22,8.289891
13.0,13,8.291621
40.0,40,8.296871
12.0,12,8.29846
21.0,21,8.302592
12.0,12,8.304197
21.0,21,8.306956
22.0,22,8.309865
7.0,7,8.310977
9.0,9,8.312239
32.0,32,8.316426
7.0,7,8.31738
39.0,39,8.322661
30.0,30,8.326754
38.0,38,8.331709
34.0,34,8.336198
17.0,17,8.338543
41.0,41,8.343996
12.0,12,8.34559
3.0,3,8.346014
6.0,6,8.346944
5.0,5,8.34765
17.0,17,8.349901
6.0,6,8.350721
12.0,12,8.352485
12.0,12,8.354091
5.0,5,8.354772
7.0,7,8.355711
21.0,21,8.358585
11.0,11,8.360222
41.0,41,8.365561
15.0,15,8.367536
13.0,13,8.369295
4.0,4,8.369849
3.0,3,8.370271
9.0,9,8.371486
9.0,9,8.372702
19.0,19,8.375185
12.0,12,8.376931
22.0,22,8.379858
30.0,30,8.383792
16.0,16,8.385973
30.0,30,8.389923
33.0,33,8.394255
22.0,22,8.397145
73.0,73,8.407913
25.0,25,8.411411
40.0,40,8.416684
15.0,15,8.418848
17.0,17,8.421109
17.0,17,8.423359
26.0,26,8.426917
46.0,46,8.432928
11.0,11,8.434393
5.0,5,8.435076
29.0,29,8.438994
7.0,7,8.439946
5.0,5,8.44064
43.0,43,8.446439
20.0,20,8.449069
8.0,8,8.450162
16.0,16,8.452433
13.0,13,8.45418
6.0,6,8.455012
17.0,17,8.457244
5.0,5,8.45795
42.0,42,8.463781
24.0,24,8.466952
12.0,12,8.468622
15.0,15,8.470616
4.0,4,8.471188
9.0,9,8.472413
25.0,25,8.475695
5.0,5,8.476485
5.0,5,8.47719
5.0,5,8.477876
9.0,9,8.479074
17.0,17,8.481305
31.0,31,8.485398
7.0,7,8.48637
41.0,41,8.492196
7.0,7,8.493209
26.0,26,8.496643
18.0,18,8.499014
3.0,3,8.499443
6.0,6,8.501211
7.0,7,8.502511
52.0,52,8.509448
20.0,20,8.512149
20.0,20,8.514784
18.0,18,8.51714
31.0,31,8.521341
6.0,6,8.522163
13.0,13,8.523879
32.0,32,8.528247
27.0,27,8.53179
16.0,16,8.533924
4.0,4,8.534546
29.0,29,8.538376
49.0,49,8.544883
17.0,17,8.547139
4.0,4,8.547694
14.0,14,8.549557
19.0,19,8.552197
36.0,36,8.556882
13.0,13,8.558598
31.0,31,8.562897
5.0,5,8.56361
21.0,21,8.566381
6.0,6,8.567191
37.0,37,8.572346
11.0,11,8.573828
28.0,28,8.577482
26.0,26,8.581087
12.0,12,8.582755
7.0,7,8.583703
8.0,8,8.584944
36.0,36,8.589777
3.0,3,8.590216
17.0,17,8.592473
27.0,27,8.596107
10.0,10,8.597455
4.0,4,8.598008
26.0,26,8.602656
3.0,3,8.603099
52.0,52,8.609818
20.0,20,8.612578
53.0,53,8.619656
16.0,16,8.621808
8.0,8,8.622886
7.0,7,8.623838
19.0,19,8.626443
57.0,57,8.633793
12.0,12,8.635461
25.0,25,8.638749
7.0,7,8.639726
3.0,3,8.64015
30.0,30,8.644228
38.0,38,8.649183
25.0,25,8.652436
14.0,14,8.654414
9.0,9,8.655657
15.0,15,8.657646
18.0,18,8.66014
22.0,22,8.663062
3.0,3,8.663491
30.0,30,8.667402
3.0,3,8.667881
51.0,51,8.674496
22.0,22,8.677586
47.0,47,8.68385
23.0,23,8.686969
18.0,18,8.689361
21.0,21,8.692105
57.0,57,8.699577
19.0,19,8.703635
53.0,53,8.710574
38.0,38,8.715735
15.0,15,8.717797
27.0,27,8.721473
5.0,5,8.722168
33.0,33,8.726655
15.0,15,8.728684
9.0,9,8.7299
5.0,5,8.730587
27.0,27,8.734139
5.0,5,8.734895
18.0,18,8.737285
5.0,5,8.737986
21.0,21,8.740753
3.0,3,8.741181
38.0,38,8.746248
8.0,8,8.74732
34.0,34,8.751875
31.0,31,8.755933
7.0,7,8.756879
42.0,42,8.762564
13.0,13,8.764325
14.0,14,8.766194
11.0,11,8.76766
19.0,19,8.770294
11.0,11,8.771818
15.0,15,8.773822
15.0,15,8.775799
3.0,3,8.776278
8.0,8,8.777392
10.0,10,8.778727
51.0,51,8.785484
4.0,4,8.78605
70.0,70,8.795159
10.0,10,8.796517
45.0,45,8.80387
8.0,8,8.804981
45.0,45,8.810926
8.0,8,8.812008
13.0,13,8.813738
17.0,17,8.815961
26.0,26,8.819487
38.0,38,8.824424
13.0,13,8.826246
42.0,42,8.83174
8.0,8,8.832822
11.0,11,8.834289
16.0,16,8.83647
7.0,7,8.837416
30.0,30,8.841331
10.0,10,8.84267
42.0,42,8.848426
21.0,21,8.851375
4.0,4,8.851953
22.0,22,8.854823
34.0,34,8.859234
10.0,10,8.860705
26.0,26,8.864093
36.0,36,8.868809
26.0,26,8.872203
11.0,11,8.873656
23.0,23,8.876787
33.0,33,8.881112
47.0,47,8.887326
55.0,55,8.894495
9.0,9,8.8957
24.0,24,8.898836
27.0,27,8.903515
18.0,18,8.905931
20.0,20,8.908583
63.0,63,8.916972
59.0,59,8.924833
9.0,9,8.926082
4.0,4,8.926743
34.0,34,8.931201
20.0,20,8.933847
14.0,14,8.935758
8.0,8,8.936844
12.0,12,8.938455
55.0,55,8.945818
19.0,19,8.948339
41.0,41,8.953832
22.0,22,8.956746
7.0,7,8.957704
6.0,6,8.958517
10.0,10,8.96
17.0,17,8.962255
27.0,27,8.965805
7.0,7,8.966746
27.0,27,8.970313
54.0,54,8.97749
70.0,70,8.98658
10.0,10,8.987927
6.0,6,8.988739
8.0,8,8.989807
48.0,48,8.996102
22.0,22,8.998991
34.0,34,9.004578
10.0,10,9.005932
11.0,11,9.007397
27.0,27,9.010949
7.0,7,9.011976
10.0,10,9.01343
4.0,4,9.013991
4.0,4,9.014551
25.0,25,9.018076
15.0,15,9.020146
32.0,32,9.02434
35.0,35,9.029092
28.0,28,9.032793
4.0,4,9.033345
4.0,4,9.033906
29.0,29,9.037751
22.0,22,9.040649
14.0,14,9.042512
10.0,10,9.043983
13.0,13,9.045748
10.0,10,9.04712
31.0,31,9.051314
36.0,36,9.056023
5.0,5,9.056707
8.0,8,9.057793
10.0,10,9.059124
31.0,31,9.063363
35.0,35,9.06793
6.0,6,9.06875
25.0,25,9.072165
35.0,35,9.076843
9.0,9,9.07812
7.0,7,9.079427
12.0,12,9.081075
42.0,42,9.086799
22.0,22,9.089713
15.0,15,9.091707
4.0,4,9.092291
8.0,8,9.09336
6.0,6,9.094165
20.0,20,9.096989
15.0,15,9.098994
9.0,9,9.100209
54.0,54,9.10894
8.0,8,9.110044
14.0,14,9.111909
10.0,10,9.11324
12.0,12,9.114978
6.0,6,9.11585
80.0,80,9.126712
7.0,7,9.127688
16.0,16,9.129794
15.0,15,9.131775
4.0,4,9.132336
6.0,6,9.133156
44.0,44,9.138995
28.0,28,9.142634
6.0,6,9.143563
5.0,5,9.144257
55.0,55,9.151568
8.0,8,9.152669
8.0,8,9.153754
16.0,16,9.155875
52.0,52,9.162749
8.0,8,9.163838
15.0,15,9.165829
6.0,6,9.166637
51.0,51,9.173338
6.0,6,9.174155
52.0,52,9.180995
8.0,8,9.182074
5.0,5,9.182767
26.0,26,9.1862
65.0,65,9.194665
42.0,42,9.200098
25.0,25,9.205137
19.0,19,9.207702
4.0,4,9.20826
5.0,5,9.208951
11.0,11,9.210479
5.0,5,9.211167
39.0,39,9.216239
10.0,10,9.217574
9.0,9,9.218885
8.0,8,9.219956
19.0,19,9.222456
11.0,11,9.223917
23.0,23,9.227153
20.0,20,9.22996
29.0,29,9.233783
5.0,5,9.234521
20.0,20,9.237146
9.0,9,9.238353
17.0,17,9.24057
14.0,14,9.242411
5.0,5,9.243216
46.0,46,9.249218
8.0,8,9.250294
17.0,17,9.252671
24.0,24,9.255819
7.0,7,9.256757
20.0,20,9.259439
14.0,14,9.261412
10.0,10,9.262755
6.0,6,9.263582
6.0,6,9.264395
9.0,9,9.265593
7.0,7,9.266546
24.0,24,9.269733
6.0,6,9.270546
40.0,40,9.275707
4.0,4,9.276361
30.0,30,9.280314
29.0,29,9.284092
19.0,19,9.286639
12.0,12,9.288218
3.0,3,9.288642
19.0,19,9.291117
4.0,4,9.291662
19.0,19,9.294174
17.0,17,9.296414
14.0,14,9.298249
5.0,5,9.298927
9.0,9,9.300119
41.0,41,9.306835
7.0,7,9.307827
15.0,15,9.309825
24.0,24,9.312967
52.0,52,9.320067
32.0,32,9.324392
22.0,22,9.327457
19.0,19,9.329957
28.0,28,9.333613
30.0,30,9.337751
48.0,48,9.344153
30.0,30,9.348094
45.0,45,9.354125
11.0,11,9.35559
55.0,55,9.36282
12.0,12,9.364406
10.0,10,9.365739
14.0,14,9.36757
15.0,15,9.369623
44.0,44,9.375341
26.0,26,9.37903
38.0,38,9.384036
6.0,6,9.384939
8.0,8,9.386025
13.0,13,9.38774
15.0,15,9.38974
4.0,4,9.390295
4.0,4,9.390845
7.0,7,9.391781
6.0,6,9.392596
38.0,38,9.397598
13.0,13,9.399315
23.0,23,9.4025
20.0,20,9.406419
21.0,21,9.409227
5.0,5,9.409919
31.0,31,9.413926
53.0,53,9.421173
38.0,38,9.426414
22.0,22,9.429353
19.0,19,9.431837
48.0,48,9.438117
5.0,5,9.438811
43.0,43,9.444466
15.0,15,9.446513
15.0,15,9.448476
19.0,19,9.450945
22.0,22,9.454028
12.0,12,9.455637
88.0,88,9.467396
22.0,22,9.470325
26.0,26,9.473732
8.0,8,9.474799
5.0,5,9.47548
22.0,22,9.478473
22.0,22,9.481369
37.0,37,9.48624
19.0,19,9.48874
34.0,34,9.493191
11.0,11,9.494729
7.0,7,9.495931
12.0,12,9.497589
48.0,48,9.505178
5.0,5,9.505885
14.0,14,9.507752
65.0,65,9.516405
17.0,17,9.518834
29.0,29,9.522884
23.0,23,9.526044
10.0,10,9.52755
21.0,21,9.530306
18.0,18,9.532674
36.0,36,9.537477
45.0,45,9.543438
32.0,32,9.547596
36.0,36,9.552455
8.0,8,9.553666
32.0,32,9.557859
5.0,5,9.558547
51.0,51,9.565306
15.0,15,9.567281
26.0,26,9.571142
4.0,4,9.571715
6.0,6,9.572526
12.0,12,9.574121
9.0,9,9.57533
11.0,11,9.576786
10.0,10,9.578302
10.0,10,9.579716
33.0,33,9.584008
30.0,30,9.588124
7.0,7,9.58908
5.0,5,9.589771
60.0,60,9.59772
6.0,6,9.598541
15.0,15,9.600515
9.0,9,9.601708
20.0,20,9.605636
6.0,6,9.606471
70.0,70,9.61568
6.0,6,9.616546
20.0,20,9.619408
59.0,59,9.627275
18.0,18,9.629661
17.0,17,9.631875
21.0,21,9.63466
7.0,7,9.635613
13.0,13,9.637331
35.0,35,9.641874
28.0,28,9.645686
7.0,7,9.646646
13.0,13,9.648363
16.0,16,9.650499
11.0,11,9.65212
4.0,4,9.652689
29.0,29,9.65648
24.0,24,9.659848
16.0,16,9.661979
39.0,39,9.66707
57.0,57,9.674603
10.0,10,9.675956
17.0,17,9.678347
4.0,4,9.678921
10.0,10,9.68026
11.0,11,9.681715
12.0,12,9.683315
12.0,12,9.684988
32.0,32,9.689154
31.0,31,9.693223
11.0,11,9.694685
10.0,10,9.696012
10.0,10,9.697348
49.0,49,9.703778
19.0,19,9.707272
5.0,5,9.70799
10.0,10,9.709321
17.0,17,9.711544
59.0,59,9.71958
18.0,18,9.722012
11.0,11,9.723488
33.0,33,9.728001
4.0,4,9.728562
9.0,9,9.729761
47.0,47,9.735979
32.0,32,9.740191
3.0,3,9.740617
26.0,26,9.74417
18.0,18,9.746558
51.0,51,9.753288
16.0,16,9.755434
4.0,4,9.755988
8.0,8,9.757076
4.0,4,9.757629
8.0,8,9.758697
29.0,29,9.762642
33.0,33,9.767102
17.0,17,9.769418
23.0,23,9.77244
20.0,20,9.775061
47.0,47,9.78126
7.0,7,9.782215
29.0,29,9.786061
47.0,47,9.792121
66.0,66,9.800667
10.0,10,9.802116
32.0,32,9.807458
55.0,55,9.814599
7.0,7,9.815761
30.0,30,9.819902
19.0,19,9.822443
9.0,9,9.823652
4.0,4,9.824221
34.0,34,9.829032
27.0,27,9.832592
16.0,16,9.834791
15.0,15,9.836811
30.0,30,9.840768
9.0,9,9.841981
31.0,31,9.846208
31.0,31,9.850274
12.0,12,9.852058
5.0,5,9.852814
44.0,44,9.858651
10.0,10,9.860118
7.0,7,9.861101
21.0,21,9.863936
18.0,18,9.866334
12.0,12,9.867986
9.0,9,9.869197
15.0,15,9.871188
26.0,26,9.874598
51.0,51,9.881351
47.0,47,9.887562
20.0,20,9.890181
10.0,10,9.89151
41.0,41,9.896855
8.0,8,9.897929
23.0,23,9.900928
7.0,7,9.901983
20.0,20,9.905875
17.0,17,9.90824
8.0,8,9.909325
37.0,37,9.914132
4.0,4,9.91469
38.0,38,9.920028
14.0,14,9.921899
21.0,21,9.924658
8.0,8,9.925744
5.0,5,9.926728
10.0,10,9.92816
39.0,39,9.933249
64.0,64,9.941585
3.0,3,9.942018
37.0,37,9.946978
34.0,34,9.951538
9.0,9,9.95275
6.0,6,9.953568
36.0,36,9.958248
34.0,34,9.962876
11.0,11,9.964349
10.0,10,9.965685
16.0,16,9.967868
22.0,22,9.970773
4.0,4,9.971351
9.0,9,9.972585
17.0,17,9.974819
4.0,4,9.975376
16.0,16,9.977617
33.0,33,9.981914
8.0,8,9.983001
26.0,26,9.986469
18.0,18,9.988834
12.0,12,9.990425
7.0,7,9.99137
15.0,15,9.993426
42.0,42,9.998924
4.0,4,9.99948
17.0,17,10.001932
4.0,4,10.002513
52.0,52,10.010518
28.0,28,10.014196
32.0,32,10.018769
7.0,7,10.019735
28.0,28,10.0234
44.0,44,10.029467
10.0,10,10.03086
17.0,17,10.033109
11.0,11,10.034653
24.0,24,10.037859
8.0,8,10.038934
4.0,4,10.039484
4.0,4,10.040038
12.0,12,10.041629
20.0,20,10.044444
31.0,31,10.048497
12.0,12,10.050077
54.0,54,10.057244
50.0,50,10.063885
13.0,13,10.065615
11.0,11,10.067092
18.0,18,10.069698
3.0,3,10.07015
56.0,56,10.077604
5.0,5,10.078309
33.0,33,10.082904
37.0,37,10.087855
45.0,45,10.093989
4.0,4,10.094602
61.0,61,10.102485
15.0,15,10.104595
49.0,49,10.112211
38.0,38,10.117184
12.0,12,10.118936
72.0,72,10.128488
4.0,4,10.129063
14.0,14,10.13091
7.0,7,10.131849
25.0,25,10.135158
23.0,23,10.138204
37.0,37,10.143093
6.0,6,10.143926
5.0,5,10.144614
44.0,44,10.150309
4.0,4,10.15086
16.0,16,10.153132
40.0,40,10.158341
22.0,22,10.161349
9.0,9,10.16256
6.0,6,10.163395
20.0,20,10.166017
9.0,9,10.167223
46.0,46,10.173265
21.0,21,10.176057
3.0,3,10.176637
11.0,11,10.178231
23.0,23,10.181267
8.0,8,10.182341
15.0,15,10.184384
21.0,21,10.187188
51.0,51,10.193843
9.0,9,10.19504
6.0,6,10.195856
14.0,14,10.197711
25.0,25,10.200961
6.0,6,10.201907
5.0,5,10.202607
12.0,12,10.204199
38.0,38,10.210536
26.0,26,10.213957
23.0,23,10.217181
4.0,4,10.217825
8.0,8,10.218991
12.0,12,10.220596
8.0,8,10.221675
8.0,8,10.222754
6.0,6,10.223569
18.0,18,10.225948
54.0,54,10.233161
20.0,20,10.235936
19.0,19,10.238471
16.0,16,10.240608
5.0,5,10.241295
7.0,7,10.242248
14.0,14,10.24424
27.0,27,10.24779
13.0,13,10.249512
8.0,8,10.250614
46.0,46,10.256721
16.0,16,10.258825
25.0,25,10.262273
5.0,5,10.262986
27.0,27,10.266573
12.0,12,10.268245
27.0,27,10.271808
20.0,20,10.274442
12.0,12,10.27605
3.0,3,10.276552
35.0,35,10.281164
23.0,23,10.284192
15.0,15,10.286229
12.0,12,10.287828
5.0,5,10.288512
4.0,4,10.28906
29.0,29,10.292896
10.0,10,10.294245
19.0,19,10.29675
9.0,9,10.29795
32.0,32,10.302334
25.0,25,10.305736
14.0,14,10.308745
6.0,6,10.309594
7.0,7,10.310548
7.0,7,10.311497
24.0,24,10.314647
46.0,46,10.321121
17.0,17,10.323385
4.0,4,10.323947
18.0,18,10.326344
12.0,12,10.32807
19.0,19,10.330645
24.0,24,10.333848
9.0,9,10.335129
58.0,58,10.342654
8.0,8,10.343922
26.0,26,10.347363
48.0,48,10.35373
5.0,5,10.354448
27.0,27,10.358012
26.0,26,10.361584
18.0,18,10.363974
34.0,34,10.368446
4.0,4,10.369013
39.0,39,10.374082
21.0,21,10.377062
48.0,48,10.38348
67.0,67,10.392295
21.0,21,10.395155
18.0,18,10.397529
16.0,16,10.399628
17.0,17,10.402115
12.0,12,10.403829
47.0,47,10.410953
4.0,4,10.411523
16.0,16,10.413617
42.0,42,10.419442
4.0,4,10.420041
11.0,11,10.421519
7.0,7,10.422455
12.0,12,10.424057
15.0,15,10.426111
14.0,14,10.42804
5.0,5,10.428728
30.0,30,10.432626
17.0,17,10.434955
6.0,6,10.435822
29.0,29,10.439636
7.0,7,10.440588
20.0,20,10.443327
30.0,30,10.447261
8.0,8,10.448329
20.0,20,10.450978
31.0,31,10.455112
5.0,5,10.455798
34.0,34,10.460381
34.0,34,10.464859
4.0,4,10.465415
7.0,7,10.466358
8.0,8,10.467429
10.0,10,10.468818
4.0,4,10.469381
21.0,21,10.47215
11.0,11,10.473613
14.0,14,10.475456
6.0,6,10.476368
30.0,30,10.48029
18.0,18,10.482646
42.0,42,10.488297
6.0,6,10.489125
60.0,60,10.496947
52.0,52,10.504303
38.0,38,10.510163
7.0,7,10.511137
8.0,8,10.512221
9.0,9,10.513424
12.0,12,10.515007
6.0,6,10.515827
5.0,5,10.516514
46.0,46,10.522837
4.0,4,10.523428
18.0,18,10.52584
5.0,5,10.526651
18.0,18,10.529024
38.0,38,10.533947
14.0,14,10.53585
77.0,77,10.545869
12.0,12,10.547465
9.0,9,10.548656
28.0,28,10.552438
54.0,54,10.559428
11.0,11,10.560871
24.0,24,10.564183
3.0,3,10.564632
19.0,19,10.567152
16.0,16,10.569427
17.0,17,10.572134
17.0,17,10.5744
8.0,8,10.575485
4.0,4,10.576081
19.0,19,10.578793
23.0,23,10.581849
18.0,18,10.584261
23.0,23,10.587441
5.0,5,10.588138
70.0,70,10.597277
9.0,9,10.598497
15.0,15,10.600461
15.0,15,10.602621
3.0,3,10.60306
24.0,24,10.606327
21.0,21,10.6102
9.0,9,10.611421
8.0,8,10.612508
35.0,35,10.617054
40.0,40,10.622507
7.0,7,10.623449
8.0,8,10.62455
27.0,27,10.628215
30.0,30,10.632176
11.0,11,10.633642
15.0,15,10.635696
8.0,8,10.636762
20.0,20,10.639387
13.0,13,10.641097
23.0,23,10.64421
7.0,7,10.64516
29.0,29,10.648921
17.0,17,10.651249
15.0,15,10.653355
7.0,7,10.654323
28.0,28,10.658018
10.0,10,10.659376
28.0,28,10.66315
11.0,11,10.664623
14.0,14,10.66649
14.0,14,10.668407
11.0,11,10.669875
46.0,46,10.675842
4.0,4,10.676515
6.0,6,10.677344
44.0,44,10.68306
37.0,37,10.687905
10.0,10,10.689233
36.0,36,10.693959
11.0,11,10.695436
10.0,10,10.696781
22.0,22,10.699635
41.0,41,10.705116
4.0,4,10.705672
38.0,38,10.711844
12.0,12,10.713471
39.0,39,10.718815
8.0,8,10.719976
37.0,37,10.724872
22.0,22,10.728064
5.0,5,10.728774
13.0,13,10.73051
19.0,19,10.733033
18.0,18,10.735454
10.0,10,10.736791
5.0,5,10.737473
31.0,31,10.741526
4.0,4,10.742098
7.0,7,10.743217
22.0,22,10.746139
27.0,27,10.749684
44.0,44,10.755522
6.0,6,10.75635
32.0,32,10.760689
35.0,35,10.765244
32.0,32,10.769468
6.0,6,10.770276
23.0,23,10.773291
29.0,29,10.777221
32.0,32,10.781511
7.0,7,10.782465
17.0,17,10.784785
10.0,10,10.786163
43.0,43,10.79176
25.0,25,10.795234
7.0,7,10.796215
18.0,18,10.798574
38.0,38,10.80361
24.0,24,10.806757
22.0,22,10.810805
12.0,12,10.812421
16.0,16,10.81454
28.0,28,10.818199
23.0,23,10.821228
8.0,8,10.822303
3.0,3,10.82273
48.0,48,10.829196
19.0,19,10.831732
21.0,21,10.834597
4.0,4,10.835174
25.0,25,10.838494
17.0,17,10.840741
24.0,24,10.844129
58.0,58,10.85168
31.0,31,10.855879
3.0,3,10.856328
19.0,19,10.858934
5.0,5,10.859718
15.0,15,10.861687
5.0,5,10.862366
38.0,38,10.867659
29.0,29,10.871622
26.0,26,10.875038
39.0,39,10.880235
28.0,28,10.883921
20.0,20,10.886597
20.0,20,10.889244
4.0,4,10.889803
38.0,38,10.894911
17.0,17,10.897176
15.0,15,10.899138
56.0,56,10.906528
40.0,40,10.912593
11.0,11,10.914069
22.0,22,10.916928
27.0,27,10.920783
4.0,4,10.921386
19.0,19,10.923883
11.0,11,10.925386
8.0,8,10.926607
36.0,36,10.931282
5.0,5,10.931969
27.0,27,10.935549
11.0,11,10.936994
65.0,65,10.945525
14.0,14,10.947399
39.0,39,10.952691
17.0,17,10.954933
6.0,6,10.955742
10.0,10,10.957062
23.0,23,10.960073
26.0,26,10.963608
7.0,7,10.96457
29.0,29,10.968439
5.0,5,10.969145
49.0,49,10.97552
12.0,12,10.977246
31.0,31,10.981316
19.0,19,10.98384
7.0,7,10.984841
61.0,61,10.992771
16.0,16,10.994877
20.0,20,10.997504
9.0,9,10.998702
6.0,6,10.999512
39.0,39,11.004865
3.0,3,11.005294
36.0,36,11.011159
151.0,151,11.031131
8.0,8,11.032263
39.0,39,11.037437
4.0,4,11.038012
7.0,7,11.038967
23.0,23,11.041969
11.0,11,11.043578
17.0,17,11.045867
11.0,11,11.047335
8.0,8,11.048407
21.0,21,11.051275
58.0,58,11.058907
35.0,35,11.063673
18.0,18,11.066083
7.0,7,11.067029
8.0,8,11.068227
17.0,17,11.070812
12.0,12,11.07255
19.0,19,11.075084
11.0,11,11.076647
13.0,13,11.07839
9.0,9,11.079618
5.0,5,11.080302
26.0,26,11.083891
35.0,35,11.088591
6.0,6,11.089425
21.0,21,11.092307
11.0,11,11.093876
28.0,28,11.097553
34.0,34,11.102213
59.0,59,11.111102
6.0,6,11.111924
4.0,4,11.11248
4.0,4,11.113037
54.0,54,11.120255
19.0,19,11.122814
32.0,32,11.127213
12.0,12,11.128834
9.0,9,11.130044
20.0,20,11.13266
21.0,21,11.135521
15.0,15,11.137523
33.0,33,11.141857
81.0,81,11.152805
6.0,6,11.153641
54.0,54,11.160946
26.0,26,11.164391
10.0,10,11.165733
10.0,10,11.167066
50.0,50,11.173642
9.0,9,11.174865
16.0,16,11.177167
53.0,53,11.184186
6.0,6,11.185093
64.0,64,11.193387
24.0,24,11.196511
28.0,28,11.200131
43.0,43,11.205821
19.0,19,11.209247
28.0,28,11.21293
40.0,40,11.218149
48.0,48,11.224658
7.0,7,11.225652
13.0,13,11.227611
45.0,45,11.233634
27.0,27,11.23728
16.0,16,11.239449
7.0,7,11.240394
43.0,43,11.246169
14.0,14,11.248021
17.0,17,11.250309
12.0,12,11.252029
21.0,21,11.254796
15.0,15,11.256766
41.0,41,11.262217
4.0,4,11.262789
13.0,13,11.264499
49.0,49,11.270979
57.0,57,11.2785
35.0,35,11.283039
6.0,6,11.283861
15.0,15,11.285931
24.0,24,11.289081
56.0,56,11.297135
36.0,36,11.301944
14.0,14,11.30383
9.0,9,11.305044
48.0,48,11.312596
36.0,36,11.317283
8.0,8,11.318347
9.0,9,11.31969
25.0,25,11.323066
28.0,28,11.326914
42.0,42,11.332382
23.0,23,11.335559
37.0,37,11.340471
30.0,30,11.344716
21.0,21,11.347499
5.0,5,11.348176
72.0,72,11.357765
18.0,18,11.360306
43.0,43,11.365914
11.0,11,11.367366
14.0,14,11.369279
12.0,12,11.370878
10.0,10,11.372234
15.0,15,11.374205
19.0,19,11.376791
28.0,28,11.380453
16.0,16,11.382562
7.0,7,11.383525
38.0,38,11.388538
8.0,8,11.389612
22.0,22,11.392491
31.0,31,11.39657
13.0,13,11.398282
3.0,3,11.398708
4.0,4,11.399264
15.0,15,11.40133
17.0,17,11.403568
8.0,8,11.404637
16.0,16,11.406733
44.0,44,11.413654
17.0,17,11.415911
47.0,47,11.42224
52.0,52,11.429319
8.0,8,11.430423
16.0,16,11.432562
13.0,13,11.434312
20.0,20,11.43717
40.0,40,11.442403
46.0,46,11.448551
26.0,26,11.45217
10.0,10,11.453521
6.0,6,11.45434
6.0,6,11.455157
58.0,58,11.462836
8.0,8,11.463918
11.0,11,11.465388
8.0,8,11.466451
25.0,25,11.469792
27.0,27,11.473346
33.0,33,11.477791
5.0,5,11.478489
5.0,5,11.479183
16.0,16,11.4813
4.0,4,11.481852
5.0,5,11.482551
10.0,10,11.483887
11.0,11,11.485416
41.0,41,11.490739
21.0,21,11.49353
29.0,29,11.497331
14.0,14,11.49918
16.0,16,11.501383
3.0,3,11.501814
31.0,31,11.50628
15.0,15,11.508346
6.0,6,11.509998
26.0,26,11.513944
16.0,16,11.516075
17.0,17,11.51834
38.0,38,11.5235
6.0,6,11.524383
32.0,32,11.528726
16.0,16,11.530853
29.0,29,11.534698
75.0,75,11.544513
48.0,48,11.550805
26.0,26,11.5544
6.0,6,11.555226
38.0,38,11.560411
47.0,47,11.566714
24.0,24,11.570085
42.0,42,11.575933
7.0,7,11.577112
48.0,48,11.583375
6.0,6,11.584197
29.0,29,11.588199
14.0,14,11.590054
6.0,6,11.59088
9.0,9,11.592079
15.0,15,11.594056
25.0,25,11.5975
4.0,4,11.59808
26.0,26,11.601639
10.0,10,11.603037
5.0,5,11.603736
67.0,67,11.613655
17.0,17,11.615923
6.0,6,11.616741
5.0,5,11.617434
42.0,42,11.623127
12.0,12,11.624792
3.0,3,11.62524
7.0,7,11.626284
43.0,43,11.631964
8.0,8,11.633051
20.0,20,11.635764
4.0,4,11.636319
33.0,33,11.640593
13.0,13,11.642308
44.0,44,11.648136
14.0,14,11.650013
22.0,22,11.653031
19.0,19,11.655543
27.0,27,11.659091
20.0,20,11.661886
33.0,33,11.666187
41.0,41,11.671813
9.0,9,11.673038
28.0,28,11.676834
24.0,24,11.680015
35.0,35,11.684662
16.0,16,11.686772
12.0,12,11.688361
26.0,26,11.691762
21.0,21,11.69454
3.0,3,11.694967
7.0,7,11.695907
5.0,5,11.6966
30.0,30,11.70049
26.0,26,11.704019
5.0,5,11.704698
9.0,9,11.705892
36.0,36,11.711734
32.0,32,11.715946
7.0,7,11.716914
8.0,8,11.717994
54.0,54,11.725268
18.0,18,11.727858
7.0,7,11.72884
37.0,37,11.733693
9.0,9,11.734961
7.0,7,11.735919
27.0,27,11.739473
8.0,8,11.740547
6.0,6,11.741359
6.0,6,11.742174
21.0,21,11.745047
31.0,31,11.749128
41.0,41,11.754657
10.0,10,11.756007
4.0,4,11.756561
32.0,32,11.760751
10.0,10,11.762213
11.0,11,11.763731
27.0,27,11.76727
25.0,25,11.770637
19.0,19,11.773158
4.0,4,11.773719
20.0,20,11.776467
23.0,23,11.779494
11.0,11,11.780945
10.0,10,11.78227
5.0,5,11.782968
23.0,23,11.786061
14.0,14,11.787913
44.0,44,11.793683
92.0,92,11.805709
50.0,50,11.813386
7.0,7,11.814359
7.0,7,11.815313
19.0,19,11.817799
20.0,20,11.820435
10.0,10,11.821964
14.0,14,11.823895
8.0,8,11.824985
45.0,45,11.83111
6.0,6,11.831963
26.0,26,11.835489
29.0,29,11.839307
19.0,19,11.841809
14.0,14,11.843819
26.0,26,11.847252
10.0,10,11.8486
13.0,13,11.850321
20.0,20,11.853109
14.0,14,11.85496
36.0,36,11.859795
11.0,11,11.861277
19.0,19,11.863792
25.0,25,11.867073
28.0,28,11.87086
24.0,24,11.874048
13.0,13,11.875776
13.0,13,11.877592
16.0,16,11.879724
10.0,10,11.881058
20.0,20,11.883704
34.0,34,11.888195
5.0,5,11.888875
16.0,16,11.89097
8.0,8,11.892042
58.0,58,11.899571
9.0,9,11.900772
9.0,9,11.90212
9.0,9,11.903341
20.0,20,11.905971
11.0,11,11.907442
22.0,22,11.911339
4.0,4,11.912215
5.0,5,11.912938
18.0,18,11.915303
18.0,18,11.917664
18.0,18,11.920028
11.0,11,11.921606
10.0,10,11.923005
11.0,11,11.924478
24.0,24,11.927808
36.0,36,11.932516
5.0,5,11.933209
5.0,5,11.933895
25.0,25,11.937197
46.0,46,11.943327
7.0,7,11.944305
36.0,36,11.949159
54.0,54,11.956357
43.0,43,11.96223
49.0,49,11.968602
44.0,44,11.974459
19.0,19,11.977153
57.0,57,11.984787
11.0,11,11.98628
17.0,17,11.988505
5.0,5,11.989192
24.0,24,11.992305
6.0,6,11.993169
35.0,35,11.9977
27.0,27,12.001294
4.0,4,12.001869
32.0,32,12.006028
15.0,15,12.008016
34.0,34,12.013401
5.0,5,12.014104
31.0,31,12.018155
27.0,27,12.021846
23.0,23,12.024925
9.0,9,12.026215
47.0,47,12.032566
22.0,22,12.035549
3.0,3,12.035988
18.0,18,12.038363
16.0,16,12.040488
33.0,33,12.044934
28.0,28,12.04857
19.0,19,12.051088
18.0,18,12.053593
5.0,5,12.054296
13.0,13,12.056179
11.0,11,12.057643
17.0,17,12.060013
5.0,5,12.060716
12.0,12,12.062322
8.0,8,12.063412
46.0,46,12.06959
6.0,6,12.070705
41.0,41,12.076074
32.0,32,12.080577
18.0,18,12.082987
44.0,44,12.088974
41.0,41,12.094425
38.0,38,12.099472
14.0,14,12.101469
13.0,13,12.103204
25.0,25,12.106452
6.0,6,12.107275
29.0,29,12.112277
4.0,4,12.113125
15.0,15,12.115157
10.0,10,12.116493
17.0,17,12.118736
38.0,38,12.12393
19.0,19,12.126681
10.0,10,12.128065
9.0,9,12.129277
23.0,23,12.132304
30.0,30,12.136562
15.0,15,12.138585
39.0,39,12.143878
6.0,6,12.144711
4.0,4,12.14527
15.0,15,12.147284
4.0,4,12.147839
19.0,19,12.150348
9.0,9,12.151547
6.0,6,12.152357
16.0,16,12.154602
4.0,4,12.155185
11.0,11,12.156644
27.0,27,12.160341
23.0,23,12.16339
7.0,7,12.16433
4.0,4,12.164891
38.0,38,12.169904
3.0,3,12.170338
19.0,19,12.172868
29.0,29,12.176855
14.0,14,12.178822
72.0,72,12.188266
9.0,9,12.189466
3.0,3,12.189894
51.0,51,12.196677
13.0,13,12.198426
15.0,15,12.200412
20.0,20,12.203178
43.0,43,12.208767
65.0,65,12.218487
34.0,34,12.223002
8.0,8,12.224253
8.0,8,12.225363
22.0,22,12.228408
28.0,28,12.23208
31.0,31,12.236339
26.0,26,12.239774
11.0,11,12.241238
4.0,4,12.241797
8.0,8,12.242998
9.0,9,12.244255
17.0,17,12.246536
48.0,48,12.252989
12.0,12,12.254629
17.0,17,12.256866
8.0,8,12.257951
62.0,62,12.266139
19.0,19,12.268697
5.0,5,12.269395
9.0,9,12.2706
4.0,4,12.271173
43.0,43,12.276881
13.0,13,12.278605
14.0,14,12.280457
17.0,17,12.282689
12.0,12,12.284284
5.0,5,12.285005
30.0,30,12.288877
7.0,7,12.289818
19.0,19,12.292294
44.0,44,12.298011
16.0,16,12.300102
8.0,8,12.301271
27.0,27,12.304835
37.0,37,12.309742
11.0,11,12.311208
24.0,24,12.315424
8.0,8,12.316521
18.0,18,12.318894
51.0,51,12.325737
42.0,42,12.33142
23.0,23,12.334632
14.0,14,12.336515
44.0,44,12.34226
30.0,30,12.346289
14.0,14,12.348135
9.0,9,12.349342
16.0,16,12.351565
9.0,9,12.352776
29.0,29,12.356529
49.0,49,12.36313
36.0,36,12.367792
43.0,43,12.373526
11.0,11,12.375005
27.0,27,12.378708
3.0,3,12.379147
66.0,66,12.387833
4.0,4,12.388405
36.0,36,12.393283
19.0,19,12.395784
22.0,22,12.39864
12.0,12,12.400223
37.0,37,12.405247
5.0,5,12.405955
11.0,11,12.407424
5.0,5,12.408116
7.0,7,12.409077
18.0,18,12.411509
41.0,41,12.418041
3.0,3,12.418485
21.0,21,12.42125
4.0,4,12.421809
3.0,3,12.422231
4.0,4,12.422782
11.0,11,12.424548
21.0,21,12.427602
4.0,4,12.428185
7.0,7,12.429141
8.0,8,12.430224
49.0,49,12.436694
5.0,5,12.4374
35.0,35,12.442001
15.0,15,12.444114
6.0,6,12.444932
21.0,21,12.447696
10.0,10,12.449043
15.0,15,12.451077
10.0,10,12.452488
21.0,21,12.455233
35.0,35,12.459936
3.0,3,12.46039
8.0,8,12.4615
39.0,39,12.466597
4.0,4,12.467162
20.0,20,12.469983
22.0,22,12.472913
6.0,6,12.473733
42.0,42,12.479354
20.0,20,12.482029
45.0,45,12.488029
20.0,20,12.490653
5.0,5,12.491351
12.0,12,12.493001
44.0,44,12.498733
35.0,35,12.503408
3.0,3,12.503839
7.0,7,12.504781
14.0,14,12.506696
14.0,14,12.508854
30.0,30,12.513887
19.0,19,12.51662
12.0,12,12.518231
67.0,67,12.527293
16.0,16,12.529475
43.0,43,12.535181
25.0,25,12.538525
4.0,4,12.539098
12.0,12,12.540687
3.0,3,12.541112
57.0,57,12.548703
25.0,25,12.552163
9.0,9,12.553378
47.0,47,12.559484
7.0,7,12.560432
35.0,35,12.565196
5.0,5,12.565913
10.0,10,12.567247
9.0,9,12.568616
4.0,4,12.569201
11.0,11,12.570957
11.0,11,12.57248
24.0,24,12.575676
13.0,13,12.577655
15.0,15,12.579683
43.0,43,12.585261
7.0,7,12.586301
15.0,15,12.588378
62.0,62,12.59657
22.0,22,12.59946
19.0,19,12.602125
26.0,26,12.605537
7.0,7,12.606483
4.0,4,12.607038
5.0,5,12.607739
29.0,29,12.611612
23.0,23,12.61585
17.0,17,12.618101
14.0,14,12.619954
8.0,8,12.621024
83.0,83,12.632258
27.0,27,12.6359
6.0,6,12.636724
30.0,30,12.64063
5.0,5,12.641316
25.0,25,12.644751
38.0,38,12.649767
31.0,31,12.653939
15.0,15,12.65593
4.0,4,12.656481
29.0,29,12.660389
45.0,45,12.666293
25.0,25,12.669646
16.0,16,12.671776
16.0,16,12.673879
59.0,59,12.681664
7.0,7,12.682646
5.0,5,12.683345
21.0,21,12.686156
55.0,55,12.693278
23.0,23,12.696294
9.0,9,12.697483
7.0,7,12.698427
7.0,7,12.699362
27.0,27,12.702978
9.0,9,12.70419
9.0,9,12.705386
5.0,5,12.706064
10.0,10,12.707402
4.0,4,12.707964
19.0,19,12.710511
31.0,31,12.715599
16.0,16,12.717727
20.0,20,12.720351
52.0,52,12.72749
4.0,4,12.728095
8.0,8,12.72918
24.0,24,12.732328
5.0,5,12.733007
7.0,7,12.733948
37.0,37,12.73885
4.0,4,12.739413
33.0,33,12.74383
5.0,5,12.744537
14.0,14,12.746392
16.0,16,12.748499
7.0,7,12.749472
22.0,22,12.752481
7.0,7,12.753431
16.0,16,12.75553
48.0,48,12.761846
5.0,5,12.762532
50.0,50,12.76903
30.0,30,12.772931
36.0,36,12.777715
4.0,4,12.778281
9.0,9,12.779489
18.0,18,12.781834
17.0,17,12.784081
6.0,6,12.784925
20.0,20,12.787526
11.0,11,12.788976
41.0,41,12.794286
7.0,7,12.795459
19.0,19,12.798004
30.0,30,12.801911
74.0,74,12.811817
44.0,44,12.818569
10.0,10,12.819927
6.0,6,12.820761
7.0,7,12.821719
11.0,11,12.823175
8.0,8,12.824384
19.0,19,12.827144
21.0,21,12.829969
4.0,4,12.830531
15.0,15,12.832531
11.0,11,12.834
24.0,24,12.837274
6.0,6,12.83812
5.0,5,12.838827
19.0,19,12.841341
5.0,5,12.84203
12.0,12,12.843837
18.0,18,12.846359
4.0,4,12.84693
12.0,12,12.848539
4.0,4,12.8491
17.0,17,12.851459
54.0,54,12.858468
30.0,30,12.862515
10.0,10,12.863865
22.0,22,12.866762
27.0,27,12.870338
10.0,10,12.871684
20.0,20,12.874298
33.0,33,12.878733
14.0,14,12.880598
30.0,30,12.884581
3.0,3,12.885021
9.0,9,12.886251
12.0,12,12.887855
22.0,22,12.890742
8.0,8,12.891826
34.0,34,12.896291
47.0,47,12.902529
9.0,9,12.903745
56.0,56,12.911144
25.0,25,12.915663
20.0,20,12.91852
17.0,17,12.920767
13.0,13,12.9225
12.0,12,12.92409
10.0,10,12.925652
8.0,8,12.9269
8.0,8,12.928002
9.0,9,12.929213
14.0,14,12.931062
3.0,3,12.931485
5.0,5,12.932173
23.0,23,12.935274
10.0,10,12.936617
23.0,23,12.939629
32.0,32,12.94392
6.0,6,12.944762
33.0,33,12.949082
15.0,15,12.951101
38.0,38,12.956069
11.0,11,12.95754
22.0,22,12.960554
36.0,36,12.965228
22.0,22,12.96817
7.0,7,12.969126
13.0,13,12.970846
4.0,4,12.971417
54.0,54,12.978528
17.0,17,12.9808
10.0,10,12.982132
56.0,56,12.989453
5.0,5,12.99014
19.0,19,12.992625
28.0,28,12.996329
20.0,20,12.998931
9.0,9,13.000132
8.0,8,13.001292
7.0,7,13.002247
11.0,11,13.00371
48.0,48,13.009974
9.0,9,13.011181
28.0,28,13.016104
21.0,21,13.0189
8.0,8,13.01998
7.0,7,13.02093
23.0,23,13.023949
17.0,17,13.026634
23.0,23,13.029734
6.0,6,13.030557
15.0,15,13.032552
24.0,24,13.035749
25.0,25,13.039052
10.0,10,13.040384
21.0,21,13.043261
5.0,5,13.043952
7.0,7,13.044907
4.0,4,13.045462
39.0,39,13.050533
26.0,26,13.054077
11.0,11,13.055552
29.0,29,13.059381
11.0,11,13.060931
9.0,9,13.062136
8.0,8,13.063228
15.0,15,13.065202
30.0,30,13.069228
9.0,9,13.070454
5.0,5,13.071158
12.0,12,13.072761
5.0,5,13.073456
24.0,24,13.076663
31.0,31,13.08112
16.0,16,13.08329
5.0,5,13.083982
9.0,9,13.085185
29.0,29,13.089241
19.0,19,13.091782
48.0,48,13.098472
30.0,30,13.102568
44.0,44,13.10828
12.0,12,13.109945
8.0,8,13.11104
15.0,15,13.113039
70.0,70,13.123283
20.0,20,13.125935
21.0,21,13.128674
26.0,26,13.13205
19.0,19,13.134529
34.0,34,13.139175
9.0,9,13.140425
13.0,13,13.142149
14.0,14,13.144166
22.0,22,13.14708
13.0,13,13.1488
31.0,31,13.153026
5.0,5,13.153732
6.0,6,13.154552
6.0,6,13.155371
35.0,35,13.160155
35.0,35,13.164859
3.0,3,13.165299
13.0,13,13.167041
3.0,3,13.167477
33.0,33,13.17184
10.0,10,13.173174
42.0,42,13.178718
22.0,22,13.181589
10.0,10,13.182932
9.0,9,13.18414
19.0,19,13.186719
13.0,13,13.188435
15.0,15,13.190418
11.0,11,13.191872
5.0,5,13.192551
9.0,9,13.193798
3.0,3,13.19422
20.0,20,13.196832
4.0,4,13.197388
10.0,10,13.198705
27.0,27,13.202331
9.0,9,13.203574
8.0,8,13.204643
28.0,28,13.208304
33.0,33,13.212656
21.0,21,13.216184
4.0,4,13.216862
6.0,6,13.217709
5.0,5,13.218398
26.0,26,13.221811
5.0,5,13.222486
31.0,31,13.226869
17.0,17,13.229155
21.0,21,13.231922
16.0,16,13.234035
10.0,10,13.235454
15.0,15,13.237469
10.0,10,13.238826
13.0,13,13.240546
14.0,14,13.242381
11.0,11,13.24395
8.0,8,13.245029
59.0,59,13.252997
6.0,6,13.253821
4.0,4,13.254373
18.0,18,13.256724
16.0,16,13.258835
51.0,51,13.265788
22.0,22,13.268765
13.0,13,13.270497
10.0,10,13.271855
5.0,5,13.272548
30.0,30,13.276563
5.0,5,13.277251
9.0,9,13.278455
34.0,34,13.282899
25.0,25,13.286257
29.0,29,13.290045
23.0,23,13.293099
6.0,6,13.293918
3.0,3,13.294342
25.0,25,13.297619
37.0,37,13.302524
22.0,22,13.305404
30.0,30,13.309361
10.0,10,13.310695
8.0,8,13.311763
15.0,15,13.313724
19.0,19,13.317324
20.0,20,13.319979
13.0,13,13.321728
13.0,13,13.323448
39.0,39,13.32867
39.0,39,13.333749
32.0,32,13.338147
26.0,26,13.341601
6.0,6,13.342429
10.0,10,13.343862
35.0,35,13.34861
42.0,42,13.354327
6.0,6,13.355167
12.0,12,13.356862
14.0,14,13.358737
20.0,20,13.361555
33.0,33,13.365894
12.0,12,13.367499
24.0,24,13.370724
6.0,6,13.371566
27.0,27,13.375095
19.0,19,13.377733
27.0,27,13.381275
11.0,11,13.382743
7.0,7,13.383688
11.0,11,13.385201
32.0,32,13.389407
19.0,19,13.391902
22.0,22,13.394824
21.0,21,13.39757
5.0,5,13.398255
31.0,31,13.402412
17.0,17,13.404636
4.0,4,13.40519
21.0,21,13.407954
7.0,7,13.408914
34.0,34,13.413465
17.0,17,13.416807
8.0,8,13.417906
18.0,18,13.420269
20.0,20,13.422887
8.0,8,13.423983
22.0,22,13.427074
36.0,36,13.431841
43.0,43,13.437474
10.0,10,13.438847
4.0,4,13.439401
25.0,25,13.442646
6.0,6,13.443627
7.0,7,13.444589
13.0,13,13.446348
19.0,19,13.448823
9.0,9,13.45004
20.0,20,13.452815
7.0,7,13.453767
14.0,14,13.455605
25.0,25,13.458889
18.0,18,13.461441
14.0,14,13.463317
12.0,12,13.464897
6.0,6,13.465715
37.0,37,13.470589
30.0,30,13.474537
5.0,5,13.47522
10.0,10,13.47667
25.0,25,13.479977
7.0,7,13.480917
47.0,47,13.487033
24.0,24,13.490146
5.0,5,13.490825
47.0,47,13.496924
16.0,16,13.499003
13.0,13,13.500705
72.0,72,13.510625
39.0,39,13.517015
22.0,22,13.51998
24.0,24,13.523122
16.0,16,13.525264
21.0,21,13.528234
31.0,31,13.532364
51.0,51,13.5392
5.0,5,13.539911
24.0,24,13.5432
5.0,5,13.543906
23.0,23,13.546941
6.0,6,13.547757
10.0,10,13.549084
6.0,6,13.549931
50.0,50,13.556558
3.0,3,13.557005
4.0,4,13.557577
43.0,43,13.563339
4.0,4,13.563895
19.0,19,13.56639
7.0,7,13.567371
8.0,8,13.568574
12.0,12,13.570483
8.0,8,13.571598
6.0,6,13.572412
18.0,18,13.574773
5.0,5,13.575464
48.0,48,13.5819
22.0,22,13.585031
42.0,42,13.5907
13.0,13,13.592439
15.0,15,13.594472
13.0,13,13.596213
7.0,7,13.59716
10.0,10,13.598488
73.0,73,13.608069
42.0,42,13.613569
7.0,7,13.614516
18.0,18,13.617965
48.0,48,13.62426
20.0,20,13.626877
12.0,12,13.628648
49.0,49,13.635139
5.0,5,13.635832
8.0,8,13.636903
18.0,18,13.639272
50.0,50,13.645921
44.0,44,13.651735
50.0,50,13.658242
6.0,6,13.659059
8.0,8,13.660348
31.0,31,13.66444
8.0,8,13.665523
28.0,28,13.669287
12.0,12,13.670896
13.0,13,13.672629
10.0,10,13.673961
5.0,5,13.674651
12.0,12,13.676325
11.0,11,13.677814
28.0,28,13.681461
37.0,37,13.686633
5.0,5,13.687332
24.0,24,13.69047
5.0,5,13.691153
45.0,45,13.697078
15.0,15,13.699057
39.0,39,13.704237
15.0,15,13.706222
11.0,11,13.70769
8.0,8,13.708762
9.0,9,13.710003
44.0,44,13.715695
13.0,13,13.718686
