#{"t_start": 1765840680.8017762, "env_id": "Reacher-v5"}
r,l,t
-56.274682,50,0.137562
-62.60097,50,0.161832
-65.343619,50,0.194027
-57.102439,50,0.232508
-60.82143,50,0.264858
-68.826701,50,0.301642
-59.192486,50,0.341311
-57.183159,50,0.377398
-65.279937,50,0.406732
-62.333889,50,0.446941
-53.677913,50,0.487007
-65.887325,50,0.525898
-65.794599,50,0.566845
-59.091095,50,0.599048
-70.039166,50,0.636474
-66.396178,50,0.674825
-58.723194,50,0.6983
-61.470944,50,0.734106
-62.722335,50,0.76202
-69.986186,50,0.805557
-59.541561,50,0.833384
-60.485312,50,0.859266
-68.541503,50,0.882923
-62.363943,50,0.909849
-56.515218,50,0.939322
-56.500969,50,0.974957
-60.171172,50,1.008779
-61.455983,50,1.034399
-61.912497,50,1.056417
-61.629124,50,1.081458
-66.48168,50,1.104509
-59.71359,50,1.132468
-60.187078,50,1.163958
-60.595945,50,1.191045
-57.773002,50,1.222306
-65.061489,50,1.250909
-54.702146,50,1.273744
-59.678634,50,1.308647
-60.474049,50,1.346945
-65.089581,50,1.382662
-57.62336,50,2.061415
-50.918394,50,2.09119
-55.61362,50,2.118651
-57.389525,50,2.151894
-60.903584,50,2.185871
-54.388344,50,2.224555
-57.505631,50,2.26001
-63.256771,50,2.300865
-50.880463,50,2.337614
-55.154567,50,2.376704
-58.139024,50,2.414174
-54.063052,50,2.456854
-52.050703,50,2.495397
-64.384286,50,2.533399
-60.451489,50,2.574546
-55.173445,50,2.611973
-61.427493,50,2.655383
-58.223018,50,2.695851
-51.133039,50,2.734795
-61.852582,50,2.773894
-53.949385,50,2.81458
-60.643855,50,2.855686
-58.619068,50,2.893765
-64.504883,50,2.933921
-55.93665,50,2.961235
-64.945603,50,2.998639
-57.881542,50,3.024971
-55.587324,50,3.059134
-63.535558,50,3.096114
-63.684136,50,3.138478
-64.000448,50,3.172517
-55.552541,50,3.204458
-56.356429,50,3.238412
-58.379154,50,3.27764
-60.878357,50,3.314505
-52.912883,50,3.355406
-54.76941,50,3.393868
-63.278679,50,3.43516
-55.922292,50,3.471975
-51.455417,50,3.509522
-66.361936,50,3.532841
-56.650631,50,4.274917
-60.696101,50,4.310845
-52.343242,50,4.350814
-62.396269,50,4.389543
-54.024764,50,4.427429
-65.021929,50,4.466211
-64.148348,50,4.500329
-52.090023,50,4.539712
-63.134547,50,4.575094
-53.644703,50,4.613088
-55.547015,50,4.653334
-55.610835,50,4.691525
-53.430333,50,4.732319
-52.914841,50,4.770756
-61.0256,50,4.801577
-54.216562,50,4.836386
-51.025541,50,4.866613
-58.054553,50,4.897061
-50.279636,50,4.929655
-51.744348,50,4.961876
-62.809068,50,4.99613
-56.649,50,5.02754
-60.155416,50,5.056263
-58.480729,50,5.085282
-64.72197,50,5.112149
-48.328117,50,5.141521
-54.206136,50,5.180169
-62.894681,50,5.215827
-62.938357,50,5.241118
-51.558874,50,5.276567
-65.05443,50,5.314431
-60.075014,50,5.354628
-52.940078,50,5.392454
-53.977143,50,5.426345
-65.684499,50,5.460876
-59.788198,50,5.497076
-52.270123,50,5.530827
-54.105909,50,5.567012
-53.875765,50,5.601757
-66.93816,50,5.633334
-58.628766,50,5.671918
-53.595891,50,6.399253
-51.543256,50,6.437516
-58.89904,50,6.475624
-55.508931,50,6.514684
-55.818765,50,6.549577
-53.358124,50,6.587648
-61.55111,50,6.626692
-55.875539,50,6.668803
-55.533759,50,6.710363
-48.510102,50,6.745067
-53.539591,50,6.773649
-58.182617,50,6.809112
-52.073238,50,6.850427
-58.863719,50,6.88504
-53.108988,50,6.927805
-53.370175,50,6.959843
-54.669179,50,6.984873
-53.933384,50,7.022483
-51.537806,50,7.060309
-50.160902,50,7.08545
-54.880227,50,7.122003
-52.897638,50,7.155913
-59.412437,50,7.18714
-49.576583,50,7.21881
-48.721831,50,7.25498
-52.716461,50,7.283054
-55.339135,50,7.320424
-60.372786,50,7.354949
-56.486153,50,7.388953
-51.107631,50,7.428667
-61.790773,50,7.467531
-56.400158,50,7.50428
-52.770071,50,7.535849
-50.776589,50,7.574126
-49.870387,50,7.612166
-46.379308,50,7.643631
-52.766601,50,7.671744
-52.906675,50,7.705838
-48.007797,50,7.750371
-53.226297,50,7.783931
-52.19992,50,7.820082
-54.885767,50,8.518465
-51.540394,50,8.557527
-52.477727,50,8.59701
-63.227373,50,8.636235
-55.931194,50,8.674072
-60.902432,50,8.714519
-54.947388,50,8.752076
-48.838979,50,8.792202
-42.745377,50,8.816112
-61.069131,50,8.857645
-50.923307,50,8.883106
-53.939436,50,8.915918
-43.632745,50,8.940942
-47.879494,50,8.966339
-53.583162,50,8.987323
-52.49961,50,9.014004
-52.617908,50,9.050633
-47.984206,50,9.080095
-56.126151,50,9.112206
-54.203952,50,9.150906
-58.094178,50,9.18666
-53.929365,50,9.219981
-53.643872,50,9.253263
-48.754792,50,9.287887
-47.005961,50,9.325067
-49.22548,50,9.357571
-57.914788,50,9.386718
-52.039126,50,9.420955
-51.322558,50,9.454067
-43.324447,50,9.481109
-59.689172,50,9.511112
-49.839149,50,9.541904
-53.974883,50,9.581461
-52.819869,50,9.620377
-57.670471,50,9.645091
-55.379303,50,9.677949
-57.960369,50,9.703034
-50.906408,50,9.729069
-49.823185,50,9.753446
-51.622582,50,9.781231
-49.542066,50,9.818897
-56.771026,50,10.550128
-60.935756,50,10.583873
-49.473411,50,10.621538
-50.65418,50,10.661116
-50.632495,50,10.698751
-54.059846,50,10.734557
-48.348349,50,10.775951
-49.246969,50,10.81153
-49.448584,50,10.844922
-45.69988,50,10.881444
-50.75626,50,10.912406
-54.629349,50,10.940022
-52.404708,50,10.970961
-56.382016,50,10.997266
-40.62743,50,11.024014
-48.582157,50,11.055474
-51.292973,50,11.084564
-50.600649,50,11.121467
-56.474564,50,11.15705
-39.346108,50,11.198107
-51.767644,50,11.23141
-51.017396,50,11.267447
-54.6033,50,11.294494
-55.314555,50,11.333243
-59.002548,50,11.3589
-42.672228,50,11.39271
-49.948026,50,11.425813
-40.864173,50,11.459297
-48.805159,50,11.496766
-49.022781,50,11.529562
-52.162024,50,11.571113
-57.594553,50,11.609995
-56.515454,50,11.650518
-53.668336,50,11.684258
-50.179167,50,11.709979
-54.527482,50,11.748651
-46.10746,50,11.784702
-43.158443,50,11.815892
-51.854374,50,11.841881
-44.224088,50,11.877597
-52.805517,50,11.914703
-54.910037,50,12.66882
-41.915455,50,12.705423
-44.156953,50,12.744756
-46.373333,50,12.786612
-49.984483,50,12.82291
-60.449051,50,12.861093
-51.763068,50,12.899024
-46.083686,50,12.923102
-44.26062,50,12.95785
-49.46246,50,13.00038
-48.745097,50,13.043987
-38.969686,50,13.083763
-51.962851,50,13.121798
-51.002176,50,13.160454
-47.025175,50,13.190529
-47.030187,50,13.230623
-46.12028,50,13.259061
-58.234601,50,13.286517
-45.950936,50,13.323506
-43.423459,50,13.362139
-44.924572,50,13.404321
-46.204733,50,13.439745
-52.27331,50,13.479605
-46.507672,50,13.516987
-42.797772,50,13.554982
-43.988758,50,13.591757
-44.407757,50,13.63081
-47.932472,50,13.6686
-43.543889,50,13.707636
-41.243285,50,13.745075
-45.102135,50,13.782341
-46.520752,50,13.821843
-43.886085,50,13.856994
-40.724915,50,13.892937
-46.050722,50,13.93407
-53.91349,50,13.974662
-44.188642,50,14.007785
-40.440374,50,14.04007
-49.125508,50,14.071493
-47.372626,50,14.095834
-41.779942,50,14.12279
-48.66527,50,14.83699
-41.029341,50,14.875867
-50.151091,50,14.914481
-49.962874,50,14.946729
-46.872977,50,14.985018
-53.726551,50,15.024614
-49.822936,50,15.063396
-42.762205,50,15.101131
-46.457281,50,15.139703
-40.889095,50,15.179513
-50.553548,50,15.208468
-51.856485,50,15.239597
-54.343966,50,15.274147
-44.757883,50,15.311785
-44.359068,50,15.343282
-44.527475,50,15.378946
-35.321005,50,15.413363
-49.582837,50,15.445709
-40.956981,50,15.483675
-43.817983,50,15.512655
-50.608404,50,15.547339
-50.760412,50,15.574826
-42.790905,50,15.600658
-44.968001,50,15.641918
-42.932378,50,15.679516
-52.324724,50,15.708111
-40.547794,50,15.737393
-44.374828,50,15.779904
-51.58275,50,15.81464
-42.076655,50,15.856891
-50.732705,50,15.896649
-44.702524,50,15.936187
-51.070834,50,15.974602
-37.349766,50,16.008034
-56.36156,50,16.038899
-46.224074,50,16.076782
-48.412569,50,16.114704
-39.073575,50,16.13728
-50.784702,50,16.165344
-50.96922,50,16.20524
-45.297878,50,16.240567
-39.078179,50,17.015832
-46.679297,50,17.054134
-40.107536,50,17.089375
-38.436955,50,17.127038
-43.249109,50,17.167875
-41.264533,50,17.208441
-39.852725,50,17.246399
-51.825449,50,17.273496
-41.486602,50,17.30786
-45.217067,50,17.342106
-45.795143,50,17.385473
-48.963498,50,17.411616
-46.682495,50,17.444439
-44.431198,50,17.478527
-37.92701,50,17.508902
-35.526543,50,17.542523
-49.215164,50,17.574345
-42.673347,50,17.605403
-41.71039,50,17.632635
-38.612825,50,17.669389
-43.250051,50,17.704868
-41.907761,50,17.734004
-38.405728,50,17.768764
-38.978449,50,17.803882
-46.824158,50,17.835787
-41.863776,50,17.874078
-46.151222,50,17.913596
-50.204582,50,17.94802
-43.877977,50,17.979825
-44.472055,50,18.004121
-45.380722,50,18.042797
-38.713566,50,18.083405
-43.673428,50,18.123652
-48.579303,50,18.163541
-40.09962,50,18.191734
-40.575766,50,18.220374
-44.633098,50,18.258161
-33.274161,50,18.297221
-46.297506,50,18.335222
-40.393147,50,18.374614
-44.573822,50,18.410102
-38.038691,50,19.232599
-46.37669,50,19.271325
-37.274236,50,19.308938
-39.883701,50,19.346834
-40.560888,50,19.387001
-48.362792,50,19.422296
-32.49577,50,19.462734
-38.631035,50,19.49382
-41.336684,50,19.517658
-41.249139,50,19.542261
-48.649018,50,19.579481
-31.219595,50,19.609394
-43.693421,50,19.636664
-38.937756,50,19.661823
-35.847474,50,19.696124
-41.055467,50,19.724541
-43.502687,50,19.760794
-45.539181,50,19.796394
-43.452377,50,19.823905
-33.370409,50,19.851978
-42.857241,50,19.876297
-37.986181,50,19.900151
-35.997505,50,19.925632
-46.480604,50,19.958511
-39.04594,50,19.985892
-27.381839,50,20.016133
-39.210897,50,20.056697
-33.333897,50,20.084446
-41.662101,50,20.111111
-42.668777,50,20.146801
-45.882658,50,20.182737
-47.2849,50,20.209371
-41.036455,50,20.243582
-38.223356,50,20.282982
-34.975269,50,20.32308
-38.373405,50,20.362952
-46.40987,50,20.400523
-40.786642,50,20.439991
-38.558766,50,20.475982
-41.624472,50,20.508571
-36.681226,50,20.546394
-38.105192,50,21.386698
-29.441249,50,21.426673
-27.836188,50,21.465654
-43.398578,50,21.505799
-37.100892,50,21.544696
-42.107064,50,21.582421
-27.55508,50,21.621838
-35.885341,50,21.659978
-38.967853,50,21.700104
-41.730244,50,21.739419
-34.293049,50,21.776642
-33.152606,50,21.817994
-39.087695,50,21.854844
-28.53932,50,21.893341
-45.026899,50,21.931447
-31.21693,50,21.961104
-31.217298,50,21.989885
-29.290802,50,22.023058
-43.153026,50,22.049276
-40.991163,50,22.078287
-38.586175,50,22.118242
-41.098662,50,22.157439
-29.749203,50,22.198393
-33.601915,50,22.2402
-32.728253,50,22.281671
-42.16044,50,22.320829
-22.617039,50,22.358611
-41.938397,50,22.398037
-36.559643,50,22.441362
-33.266374,50,22.486074
-37.372451,50,22.527913
-36.335884,50,22.565535
-37.528279,50,22.607494
-33.002187,50,22.650549
-41.017815,50,22.687279
-42.488891,50,22.725324
-35.93071,50,22.7622
-39.972958,50,22.799024
-30.772982,50,22.843465
-38.63704,50,22.873534
-46.286582,50,22.917339
-37.295424,50,23.817728
-28.532457,50,23.855287
-22.691936,50,23.898135
-31.186529,50,23.939425
-32.45061,50,23.977965
-31.77604,50,24.015697
-27.810718,50,24.051027
-36.712136,50,24.07905
-35.762626,50,24.109581
-39.737535,50,24.13992
-41.586242,50,24.167912
-32.150968,50,24.199316
-30.9844,50,24.230572
-30.020441,50,24.269873
-37.325397,50,24.303318
-29.136382,50,24.338804
-33.068559,50,24.370477
-33.976062,50,24.405545
-30.633279,50,24.440274
-41.512194,50,24.467692
-27.835306,50,24.498162
-33.45307,50,24.533632
-24.086021,50,24.567445
-33.1095,50,24.600854
-26.254812,50,24.636241
-34.616123,50,24.67061
-33.999474,50,24.701644
-30.853802,50,24.737996
-36.160717,50,24.770811
-29.85308,50,24.798118
-25.58183,50,24.838462
-30.306886,50,24.870258
-27.017142,50,24.908521
-33.145838,50,24.942336
-33.983771,50,24.984132
-37.124984,50,25.023885
-30.371114,50,25.057292
-32.432911,50,25.096888
-28.784748,50,25.136728
-34.828541,50,25.171318
-28.626777,50,25.207898
-34.57036,50,25.867635
-37.392592,50,25.906457
-24.545114,50,25.939161
-28.84301,50,25.975141
-26.574168,50,26.012119
-31.451758,50,26.045931
-29.821545,50,26.080808
-31.155079,50,26.110046
-31.665025,50,26.144155
-27.022677,50,26.180619
-25.2145,50,26.213337
-27.168278,50,26.246498
-26.998343,50,26.283871
-29.295796,50,26.325859
-22.526893,50,26.361915
-21.471113,50,26.393223
-29.505515,50,26.436003
-24.995363,50,26.470476
-33.126111,50,26.504766
-31.158635,50,26.532198
-33.40192,50,26.576621
-36.308,50,26.608829
-22.672189,50,26.650023
-37.712998,50,26.682646
-31.740897,50,26.720199
-22.11815,50,26.754056
-28.498567,50,26.793156
-24.168316,50,26.820498
-31.676565,50,26.847045
-21.622119,50,26.886953
-24.940664,50,26.915617
-28.894649,50,26.939187
-28.207964,50,26.968234
-29.239143,50,27.002056
-27.813525,50,27.043069
-26.068184,50,27.067949
-35.403551,50,27.098513
-22.701948,50,27.122926
-28.826297,50,27.146532
-25.463561,50,27.174848
-33.633295,50,27.216661
-35.885252,50,27.843496
-26.904454,50,27.87576
-20.16203,50,27.915443
-24.724249,50,27.954999
-25.072948,50,27.98923
-20.567639,50,28.017253
-32.647739,50,28.051568
-17.403599,50,28.087158
-23.635534,50,28.122253
-31.167567,50,28.156013
-26.141222,50,28.194136
-24.830589,50,28.229394
-23.648128,50,28.266512
-26.133695,50,28.293878
-25.417011,50,28.322984
-23.206161,50,28.359957
-25.093968,50,28.396924
-27.141403,50,28.439617
-31.830237,50,28.477151
-26.554888,50,28.515173
-22.88841,50,28.547086
-20.844684,50,28.58015
-19.954212,50,28.621437
-30.965821,50,28.654704
-27.15901,50,28.687965
-22.142857,50,28.711195
-23.696994,50,28.744773
-22.762341,50,28.7811
-31.507982,50,28.81459
-27.835276,50,28.849179
-27.011176,50,28.877092
-18.634357,50,28.916949
-29.58054,50,28.953624
-22.756406,50,28.981919
-20.994153,50,29.012191
-26.756166,50,29.044231
-23.279953,50,29.087058
-30.946562,50,29.121555
-24.612983,50,29.16393
-22.659194,50,29.201118
-21.730777,50,29.23429
-19.430273,50,29.965159
-21.33698,50,30.006515
-22.435163,50,30.045825
-25.696668,50,30.078267
-24.755152,50,30.109033
-21.642486,50,30.14557
-21.495578,50,30.185253
-21.349679,50,30.219304
-29.640969,50,30.25474
-21.452652,50,30.297341
-18.61877,50,30.319759
-30.397763,50,30.363261
-18.966089,50,30.396578
-24.720591,50,30.431715
-18.738959,50,30.464132
-17.498713,50,30.496284
-30.485552,50,30.526512
-20.385035,50,30.562443
-16.678839,50,30.585951
-18.580727,50,30.625762
-20.538016,50,30.665101
-21.791328,50,30.698676
-27.500567,50,30.740532
-23.203985,50,30.778319
-27.848936,50,30.808635
-22.528189,50,30.842987
-19.036238,50,30.877818
-24.064974,50,30.909678
-26.583965,50,30.930461
-19.2189,50,30.951226
-27.156912,50,30.985781
-22.553158,50,31.022313
-19.217906,50,31.057513
-17.948183,50,31.08362
-31.281125,50,31.110247
-26.473584,50,31.145157
-21.256339,50,31.177154
-21.996485,50,31.213308
-24.667978,50,31.244176
-19.249161,50,31.280894
-17.280662,50,31.321103
-19.056721,50,32.080621
-22.887026,50,32.116343
-18.34478,50,32.158741
-12.683565,50,32.19836
-20.623999,50,32.235491
-21.712996,50,32.277446
-21.872246,50,32.318337
-19.233014,50,32.353082
-17.256965,50,32.387491
-26.763676,50,32.423441
-16.514133,50,32.451964
-14.538047,50,32.486027
-14.997166,50,32.523407
-15.673022,50,32.55422
-15.15308,50,32.57434
-16.097065,50,32.613541
-22.138709,50,32.647097
-18.21456,50,32.674478
-20.908569,50,32.710843
-17.965051,50,32.733663
-16.991714,50,32.763493
-21.146138,50,32.799337
-20.865694,50,32.837581
-17.695075,50,32.866983
-29.412527,50,32.89304
-18.048333,50,32.931206
-13.227751,50,32.960034
-17.152371,50,32.98484
-24.795985,50,33.014057
-17.739396,50,33.054978
-28.132207,50,33.094652
-16.066496,50,33.135038
-15.57773,50,33.164706
-20.215066,50,33.18875
-17.516116,50,33.217856
-22.338007,50,33.244225
-18.701181,50,33.26593
-13.701091,50,33.297939
-18.22044,50,33.329224
-19.220293,50,33.365085
-16.553151,50,33.406699
-20.282338,50,34.031947
-16.59601,50,34.07224
-19.856597,50,34.112599
-15.59216,50,34.147339
-20.18698,50,34.185823
-20.934068,50,34.227077
-23.175102,50,34.265051
-20.694491,50,34.300407
-18.472739,50,34.32705
-17.620042,50,34.363349
-19.456288,50,34.397503
-23.698506,50,34.437725
-23.977331,50,34.469923
-12.985922,50,34.510294
-20.102847,50,34.548128
-22.515893,50,34.575137
-15.79904,50,34.606117
-14.751085,50,34.636979
-18.249125,50,34.677102
-18.263908,50,34.715512
-25.612602,50,34.741077
-18.332244,50,34.773168
-21.013285,50,34.801038
-20.797319,50,34.842405
-18.021191,50,34.880804
-17.058903,50,34.915446
-15.848515,50,34.949125
-19.504544,50,34.976966
-15.852002,50,35.010219
-21.549611,50,35.044158
-15.537734,50,35.082139
-16.764539,50,35.116166
-21.418328,50,35.159627
-21.235688,50,35.194663
-19.777665,50,35.222693
-20.865555,50,35.26093
-15.984855,50,35.300826
-20.170358,50,35.331559
-22.801592,50,35.368761
-16.802002,50,35.396885
-17.532124,50,35.42924
-17.983821,50,36.157326
-18.232431,50,36.196654
-22.795247,50,36.231928
-19.657121,50,36.272568
-17.960058,50,36.311917
-15.601165,50,36.34896
-12.947072,50,36.386963
-19.093644,50,36.426236
-22.736853,50,36.465497
-14.38745,50,36.50177
-17.840422,50,36.536586
-13.414,50,36.560755
-16.880043,50,36.582173
-17.81897,50,36.615822
-18.794012,50,36.646116
-17.680945,50,36.669058
-18.952242,50,36.691307
-18.825146,50,36.715282
-14.387696,50,36.740636
-15.882957,50,36.766932
-14.456829,50,36.789985
-16.43073,50,36.814886
-16.273102,50,36.838653
-21.866001,50,36.88008
-14.571649,50,36.917367
-16.737627,50,36.95681
-15.071545,50,36.986435
-17.657944,50,37.011133
-20.978316,50,37.039786
-12.118677,50,37.061918
-15.691626,50,37.085263
-20.606258,50,37.116464
-13.147531,50,37.159844
-17.946003,50,37.1987
-17.437718,50,37.235344
-21.38166,50,37.262753
-20.033704,50,37.289675
-16.314605,50,37.315757
-12.505437,50,37.352573
-16.489047,50,37.378246
-21.480622,50,37.40619
-15.953305,50,38.273697
-12.067025,50,38.31215
-15.887164,50,38.351263
-17.211648,50,38.392917
-16.165272,50,38.428114
-12.619641,50,38.467952
-15.394029,50,38.505236
-14.294639,50,38.542018
-14.861937,50,38.578687
-19.302429,50,38.610539
-15.341034,50,38.644897
-11.462311,50,38.674356
-17.633162,50,38.703168
-13.1312,50,38.732345
-12.682537,50,38.76131
-16.821441,50,38.792311
-16.289739,50,38.818978
-16.408994,50,38.854825
-14.591904,50,38.892907
-18.033766,50,38.925142
-16.42198,50,38.964126
-14.300982,50,38.99731
-17.217909,50,39.036969
-17.349405,50,39.072896
-15.010619,50,39.09834
-22.856009,50,39.13068
-19.630769,50,39.170111
-20.547388,50,39.203791
-20.163626,50,39.238575
-12.681,50,39.275034
-10.382028,50,39.310127
-13.219532,50,39.344076
-13.892918,50,39.375855
-15.158353,50,39.40675
-16.37151,50,39.435378
-16.596783,50,39.466304
-17.018277,50,39.489985
-20.597731,50,39.510736
-18.752422,50,39.535806
-14.017153,50,39.570102
-14.899649,50,39.605396
-14.873501,50,40.390889
-18.913671,50,40.428898
-19.616665,50,40.471082
-15.354976,50,40.507843
-17.905028,50,40.545458
-15.964111,50,40.585233
-14.394306,50,40.627597
-15.976167,50,40.660761
-15.001928,50,40.68902
-10.375459,50,40.715166
-16.941353,50,40.741462
-20.194777,50,40.780461
-14.663899,50,40.807149
-11.189936,50,40.842609
-10.31481,50,40.880604
-13.542671,50,40.92133
-19.999591,50,40.958483
-16.506399,50,40.996522
-15.198381,50,41.037724
-14.199147,50,41.061418
-14.910094,50,41.091442
-10.571518,50,41.119485
-12.878262,50,41.148897
-15.977705,50,41.173346
-12.498116,50,41.208208
-12.273927,50,41.245812
-13.8098,50,41.279552
-11.494281,50,41.322077
-12.901078,50,41.359266
-16.753887,50,41.401529
-13.716914,50,41.4419
-14.250564,50,41.477963
-13.903849,50,41.516136
-14.267983,50,41.54128
-16.333993,50,41.575424
-11.422348,50,41.611094
-14.646632,50,41.649572
-11.250523,50,41.684749
-11.115572,50,41.71926
-15.59559,50,41.759123
-8.942584,50,41.790497
-10.59106,50,42.792518
-12.842261,50,42.830918
-15.098889,50,42.863899
-11.227824,50,42.899834
-11.040111,50,42.939984
-17.752645,50,42.978994
-12.483065,50,43.016569
-18.855256,50,43.057935
-10.161268,50,43.099741
-14.97467,50,43.136377
-12.90093,50,43.175903
-12.200592,50,43.214669
-11.791506,50,43.252778
-13.046848,50,43.294909
-13.099261,50,43.332457
-11.891107,50,43.369025
-13.241128,50,43.410086
-15.611886,50,43.450149
-16.238763,50,43.489251
-12.200039,50,43.526787
-10.609921,50,43.56591
-14.479688,50,43.605918
-12.56376,50,43.639134
-9.288303,50,43.675922
-16.610483,50,43.719764
-22.187976,50,43.758237
-13.480943,50,43.796893
-12.505701,50,43.83751
-11.660087,50,43.874379
-12.489922,50,43.912622
-16.498771,50,43.952004
-13.095908,50,43.987647
-11.525956,50,44.026912
-14.486958,50,44.067816
-14.309999,50,44.102417
-15.602254,50,44.141899
-10.788823,50,44.171257
-11.936147,50,44.209728
-19.834404,50,44.247086
-14.75611,50,44.284536
-11.943954,50,44.32204
-19.350213,50,45.035154
-10.877815,50,45.07203
-10.980125,50,45.11066
-16.660443,50,45.15298
-12.306318,50,45.189313
-15.362601,50,45.231939
-15.849163,50,45.271379
-12.773408,50,45.312655
-18.013409,50,45.351576
-12.277646,50,45.383826
-10.488287,50,45.423424
-10.413352,50,45.463542
-11.797516,50,45.499712
-14.15141,50,45.535371
-13.573857,50,45.565158
-11.877304,50,45.592956
-12.201658,50,45.628913
-14.825538,50,45.660988
-12.507766,50,45.689886
-12.905682,50,45.718963
-15.004511,50,45.755541
-11.873001,50,45.78718
-11.61836,50,45.822849
-13.377838,50,45.852199
-8.928328,50,45.894555
-13.986886,50,45.924582
-17.054952,50,45.946347
-11.074592,50,45.985548
-14.081373,50,46.017306
-11.115283,50,46.046904
-15.71738,50,46.089804
-16.283464,50,46.130054
-12.844657,50,46.169275
-13.72417,50,46.205042
-9.722357,50,46.245925
-12.793271,50,46.285385
-17.780118,50,46.320776
-11.929866,50,46.34943
-16.254718,50,46.391593
-12.477119,50,46.417335
-13.942617,50,46.44789
-10.71504,50,47.478999
-11.113683,50,47.51804
-12.199526,50,47.557828
-12.046724,50,47.596111
-16.943941,50,47.638285
-12.70564,50,47.67271
-14.631617,50,47.707449
-11.153299,50,47.745051
-15.466174,50,47.782464
-11.639395,50,47.81988
-11.469261,50,47.847878
-12.355699,50,47.884715
-10.778817,50,47.91817
-18.747459,50,47.941204
-15.381534,50,47.960605
-11.204379,50,47.993481
-12.798562,50,48.035532
-13.730765,50,48.074457
-11.660721,50,48.110659
-15.11342,50,48.13485
-9.707066,50,48.172229
-13.510726,50,48.212611
-12.030633,50,48.251812
-16.446059,50,48.275909
-13.71172,50,48.316304
-14.509315,50,48.353914
-12.217377,50,48.394971
-14.263454,50,48.434482
-12.33323,50,48.492218
-12.049383,50,48.5419
-8.996115,50,48.580148
-10.886374,50,48.617902
-12.350968,50,48.665192
-9.302923,50,48.701733
-16.649121,50,48.743328
-8.945739,50,48.776901
-12.492221,50,48.814101
-12.976736,50,48.85538
-12.635157,50,48.892835
-9.065267,50,48.934498
-14.311035,50,48.972109
-15.432991,50,49.810488
-9.961151,50,49.849072
-12.036418,50,49.89138
-14.675668,50,49.925556
-16.040166,50,49.964112
-11.321207,50,50.003427
-7.870534,50,50.032489
-11.294341,50,50.060519
-13.203491,50,50.094566
-12.896426,50,50.122765
-12.883976,50,50.149272
-13.003033,50,50.184008
-12.14914,50,50.217919
-11.584879,50,50.257711
-10.575662,50,50.294755
-13.041157,50,50.326899
-7.358713,50,50.348403
-15.526484,50,50.374829
-9.195034,50,50.399745
-9.051363,50,50.427827
-14.86056,50,50.465606
-9.529829,50,50.506049
-16.108602,50,50.546791
-13.478557,50,50.571616
-9.48247,50,50.600419
-11.116091,50,50.627198
-10.656722,50,50.655829
-16.11907,50,50.686751
-10.436204,50,50.713071
-14.492005,50,50.747371
-10.298933,50,50.778569
-14.289019,50,50.814356
-11.104166,50,50.849732
-9.640577,50,50.882042
-9.652561,50,50.911919
-9.759227,50,50.955714
-11.235232,50,50.991162
-8.2159,50,51.02851
-8.487411,50,51.064656
-15.677208,50,51.089618
-13.847413,50,51.13041
-8.562631,50,51.88445
-11.33726,50,51.922192
-10.643976,50,51.960474
-11.140848,50,51.993703
-9.760789,50,52.029189
-14.766733,50,52.061965
-8.620647,50,52.087083
-9.787079,50,52.12386
-13.342456,50,52.157524
-11.146176,50,52.196937
-10.942032,50,52.234402
-9.937473,50,52.262285
-15.970967,50,52.283321
-9.019172,50,52.319067
-9.756379,50,52.343436
-11.996735,50,52.366731
-8.914628,50,52.393305
-7.420288,50,52.426664
-13.540877,50,52.455219
-10.942457,50,52.485672
-9.808319,50,52.529147
-13.005765,50,52.566716
-10.813163,50,52.591781
-10.486096,50,52.631489
-8.961221,50,52.674492
-8.861879,50,52.698117
-10.510735,50,52.734738
-10.677187,50,52.769382
-11.106464,50,52.80703
-6.183524,50,52.84596
-14.482621,50,52.883502
-9.612758,50,52.922771
-10.446467,50,52.962286
-12.83361,50,53.001874
-10.343046,50,53.033659
-12.289718,50,53.064318
-6.299355,50,53.095536
-6.809648,50,53.126109
-11.378706,50,53.156448
-11.402365,50,53.187789
-10.910853,50,53.217876
-11.751469,50,53.954659
-7.314863,50,53.99437
-7.165109,50,54.034389
-11.258638,50,54.070031
-10.327867,50,54.10913
-8.314874,50,54.150911
-10.583662,50,54.187329
-7.049128,50,54.223623
-9.755825,50,54.262457
-11.631703,50,54.296966
-7.887674,50,54.324836
-17.374441,50,54.354062
-8.419049,50,54.393048
-8.769162,50,54.42876
-9.28935,50,54.458903
-10.132999,50,54.493946
-7.700431,50,54.532296
-9.074256,50,54.558478
-8.701395,50,54.58329
-14.699921,50,54.613876
-9.797207,50,54.649222
-12.03623,50,54.673844
-11.801201,50,54.706246
-9.553204,50,54.733812
-9.682695,50,54.754402
-8.714997,50,54.793972
-10.852131,50,54.828034
-7.42031,50,54.858506
-7.61429,50,54.899004
-8.653044,50,54.927943
-13.408575,50,54.971862
-9.112788,50,55.010962
-10.589644,50,55.05056
-10.069957,50,55.088269
-10.201654,50,55.125106
-11.897835,50,55.153859
-9.554327,50,55.179755
-8.623079,50,55.218417
-6.881995,50,55.251056
-13.94596,50,55.275627
-10.122314,50,56.159939
-13.1952,50,56.194153
-9.76686,50,56.231951
-10.767234,50,56.272065
-6.727069,50,56.30935
-7.937409,50,56.348119
-9.66994,50,56.385641
-6.983725,50,56.424432
-10.836303,50,56.462881
-9.763458,50,56.495009
-8.896835,50,56.525635
-7.570053,50,56.554349
-10.718273,50,56.582589
-16.039837,50,56.616026
-10.665433,50,56.648704
-12.676715,50,56.674783
-15.93756,50,56.695599
-9.934748,50,56.721156
-8.107931,50,56.757847
-13.409635,50,56.794967
-12.040843,50,56.825114
-9.960966,50,56.863837
-8.465542,50,56.892898
-10.2459,50,56.922776
-9.681773,50,56.950853
-11.055308,50,56.979106
-7.279203,50,57.009663
-13.390572,50,57.036961
-9.510107,50,57.069453
-8.471893,50,57.099864
-11.530244,50,57.135919
-11.135455,50,57.161933
-10.760222,50,57.197662
-7.392127,50,57.237246
-9.139774,50,57.273006
-8.921695,50,57.30911
-7.896279,50,57.347109
-10.634801,50,57.377506
-9.210838,50,57.410772
-9.90449,50,57.44445
-15.370239,50,57.474292
-8.540558,50,58.200609
-12.59703,50,58.240565
-10.632044,50,58.280366
-12.408308,50,58.31667
-7.497283,50,58.356954
-10.33835,50,58.39573
-8.358079,50,58.433778
-9.024463,50,58.476752
-13.278742,50,58.517501
-11.193869,50,58.55059
-9.473286,50,58.588981
-9.395568,50,58.628387
-8.060099,50,58.659479
-6.765574,50,58.700611
-7.204456,50,58.735877
-11.318676,50,58.764028
-7.82233,50,58.797829
-11.156035,50,58.822392
-7.069576,50,58.844625
-11.432066,50,58.8764
-10.467724,50,58.900868
-11.28736,50,58.936339
-8.254878,50,58.958144
-9.569538,50,58.996503
-9.433532,50,59.037346
-9.307342,50,59.076384
-14.357091,50,59.115472
-11.384586,50,59.159275
-10.1371,50,59.198132
-6.948597,50,59.238375
-6.485519,50,59.278236
-14.434185,50,59.317994
-9.789184,50,59.358266
-6.465,50,59.397969
-8.561289,50,59.432075
-8.879631,50,59.465614
-9.552032,50,59.509534
-13.092969,50,59.546727
-8.571878,50,59.583316
-8.564526,50,59.618397
-8.555526,50,59.655551
-13.076503,50,60.338336
-6.609554,50,60.379582
-8.343094,50,60.417881
-5.956258,50,60.455668
-6.251333,50,60.495047
-10.176927,50,60.532054
-8.369325,50,60.573817
-8.720842,50,60.611146
-9.699041,50,60.641964
-8.771773,50,60.682219
-8.804533,50,60.72132
-10.245402,50,60.753026
-8.579433,50,60.786061
-7.427341,50,60.819928
-11.761158,50,60.860095
-12.24425,50,60.895681
-10.137984,50,60.931992
-8.915354,50,60.95685
-6.798006,50,61.00007
-7.665637,50,61.035646
-8.821673,50,61.074079
-8.028512,50,61.097208
-8.072879,50,61.125558
-8.747785,50,61.151557
-9.190385,50,61.185814
-7.978606,50,61.217733
-9.938432,50,61.255194
-9.988916,50,61.293537
-7.439333,50,61.329768
-7.361705,50,61.35885
-9.067041,50,61.401012
-11.989065,50,61.441998
-8.485478,50,61.480436
-6.41376,50,61.510412
-12.254577,50,61.544837
-9.010019,50,61.573442
-10.857035,50,61.602266
-9.669138,50,61.630134
-12.973806,50,61.66628
-7.022231,50,61.700094
-8.679775,50,61.734979
-7.623908,50,62.40776
-8.075941,50,62.449223
-9.315582,50,62.484764
-7.977124,50,62.524573
-6.459405,50,62.56351
-7.8116,50,62.593951
-8.32051,50,62.627857
-9.4213,50,62.651181
-11.609041,50,62.675506
-9.310531,50,62.700544
-7.802776,50,62.741413
-9.771706,50,62.777572
-10.120457,50,62.8147
-10.625573,50,62.841968
-5.818364,50,62.874815
-9.752622,50,62.906554
-9.598553,50,62.932041
-8.698976,50,62.9632
-8.102467,50,63.003129
-5.977848,50,63.035787
-8.394997,50,63.059054
-11.910066,50,63.099931
-8.309497,50,63.133131
-8.026623,50,63.169264
-15.814207,50,63.204213
-7.596099,50,63.242868
-8.556504,50,63.278741
-9.340158,50,63.311974
-6.372306,50,63.354613
-7.988377,50,63.388061
-9.31879,50,63.416055
-6.580417,50,63.437714
-9.408943,50,63.467505
-8.63376,50,63.496446
-8.071332,50,63.523216
-8.023738,50,63.555068
-8.116411,50,63.578917
-9.552092,50,63.604897
-9.944404,50,63.638874
-7.179334,50,63.669293
-11.273805,50,63.694125
-12.617124,50,64.450233
-9.249072,50,64.489132
-13.159052,50,64.526446
-6.852058,50,64.563833
-6.770216,50,64.603193
-9.772755,50,64.64186
-5.476818,50,64.680013
-8.005263,50,64.718212
-6.686326,50,64.752231
-5.884167,50,64.792417
-7.34635,50,64.833129
-13.168121,50,64.867567
-7.149931,50,64.906099
-7.224213,50,64.943942
-7.667016,50,64.982285
-12.046447,50,65.016129
-8.404103,50,65.044663
-12.65787,50,65.086616
-11.593779,50,65.126479
-7.065289,50,65.165498
-4.883075,50,65.193303
-8.61923,50,65.229717
-9.21808,50,65.268091
-6.23609,50,65.30943
-7.699289,50,65.3449
-7.982626,50,65.375041
-6.925188,50,65.40699
-7.545741,50,65.427964
-10.222601,50,65.469723
-5.212623,50,65.506167
-8.132206,50,65.543971
-5.539619,50,65.568619
-7.887244,50,65.604178
-11.343518,50,65.641405
-7.379927,50,65.680283
-9.293694,50,65.717046
-11.36274,50,65.756521
-11.795091,50,65.787545
-6.970199,50,65.827905
-6.806131,50,65.858669
-9.485259,50,65.900426
-8.082754,50,66.677966
-4.349504,50,66.711577
-6.402991,50,66.753224
-9.203192,50,66.790194
-11.098659,50,66.829525
-8.769286,50,66.86829
-4.398713,50,66.906392
-7.171468,50,66.935122
-8.660461,50,66.972023
-7.753164,50,67.00602
-5.328943,50,67.035585
-7.83127,50,67.073684
-7.066476,50,67.109726
-6.717675,50,67.13678
-4.966952,50,67.162716
-5.774169,50,67.195492
-7.085247,50,67.22916
-7.577802,50,67.267511
-10.697859,50,67.307513
-6.148961,50,67.34319
-11.778728,50,67.381643
-10.811375,50,67.418864
-7.547885,50,67.453515
-6.809907,50,67.486509
-10.037115,50,67.522529
-7.355637,50,67.563087
-9.023069,50,67.59956
-10.895627,50,67.637061
-7.767965,50,67.678527
-13.940786,50,67.716013
-7.260529,50,67.756007
-7.207179,50,67.796143
-10.090151,50,67.831417
-7.860523,50,67.87297
-8.614388,50,67.909477
-10.463493,50,67.938645
-7.856905,50,67.974818
-12.060793,50,68.008885
-11.664052,50,68.04903
-7.720025,50,68.08448
-6.964575,50,68.11502
-12.373576,50,68.838101
-11.409313,50,68.875475
-6.585875,50,68.914239
-8.810332,50,68.951773
-6.635181,50,68.991163
-8.964642,50,69.029786
-9.090638,50,69.066902
-10.652782,50,69.10758
-7.402191,50,69.146422
-9.486993,50,69.184314
-10.440255,50,69.213907
-7.097068,50,69.243078
-9.189142,50,69.269908
-6.743357,50,69.298133
-8.074654,50,69.323745
-9.924981,50,69.352049
-6.661224,50,69.380527
-6.789278,50,69.412751
-6.38015,50,69.452915
-9.128624,50,69.493032
-8.904378,50,69.533078
-7.433425,50,69.570225
-6.342104,50,69.604746
-9.389285,50,69.631278
-13.357371,50,69.653524
-8.671204,50,69.679056
-5.980881,50,69.703978
-9.968935,50,69.734736
-6.849567,50,69.76786
-8.963088,50,69.800858
-6.367348,50,69.832428
-6.477257,50,69.865254
-6.125857,50,69.902552
-7.852411,50,69.944592
-8.717601,50,69.985296
-10.331008,50,70.025445
-6.608164,50,70.086546
-9.402036,50,70.13493
-9.800833,50,70.178306
-8.067494,50,70.216532
-9.728152,50,70.25382
-10.565333,50,71.130082
-8.0675,50,71.163215
-8.630114,50,71.203341
-7.582857,50,71.239438
-6.826235,50,71.273792
-13.135225,50,71.314493
-4.914943,50,71.351175
-7.811533,50,71.391775
-7.847755,50,71.428846
-9.253822,50,71.46875
-8.382622,50,71.508125
-5.942763,50,71.548573
-7.158994,50,71.586531
-6.955652,50,71.621997
-6.616762,50,71.663956
-8.481188,50,71.70213
-6.296853,50,71.741901
-8.383582,50,71.779974
-7.166952,50,71.813421
-4.991719,50,71.850445
-7.121841,50,71.890795
-6.667324,50,71.92959
-8.275567,50,71.960949
-7.687718,50,71.994992
-6.723589,50,72.032245
-3.76764,50,72.071101
-11.545601,50,72.109008
-7.746163,50,72.136129
-7.270357,50,72.178553
-6.877013,50,72.221696
-4.366263,50,72.258182
-10.383581,50,72.297427
-6.882205,50,72.33602
-4.062586,50,72.377162
-10.493939,50,72.402097
-8.193135,50,72.436712
-5.754092,50,72.464295
-9.45528,50,72.494603
-4.378719,50,72.533904
-10.552668,50,72.561942
-15.020986,50,72.597571
-4.300178,50,73.572837
-6.784277,50,73.611058
-7.152231,50,73.650143
-6.970758,50,73.686018
-7.091212,50,73.712197
-10.632343,50,73.74532
-7.985944,50,73.773182
-6.151715,50,73.816497
-5.523516,50,73.852722
-4.017641,50,73.888356
-7.060937,50,73.928519
-10.681356,50,73.962437
-7.532776,50,73.997886
-7.413577,50,74.034323
-7.697861,50,74.069116
-7.373803,50,74.103016
-6.349023,50,74.130516
-6.787115,50,74.159887
-5.946921,50,74.192619
-7.196094,50,74.21871
-7.418229,50,74.239662
-5.519574,50,74.260956
-7.600602,50,74.292506
-5.134403,50,74.322778
-4.7397,50,74.353385
-7.035077,50,74.374864
-5.560338,50,74.407904
-7.214208,50,74.438664
-5.958525,50,74.470957
-6.435512,50,74.504985
-7.625654,50,74.544711
-6.649455,50,74.580121
-7.249855,50,74.621612
-7.612377,50,74.650184
-5.168719,50,74.680082
-7.69964,50,74.70962
-7.354285,50,74.751992
-11.124063,50,74.779726
-5.514756,50,74.813954
-6.609508,50,74.841637
-6.849625,50,74.877858
-7.088281,50,75.688022
-6.206946,50,75.725659
-5.882981,50,75.764977
-7.920278,50,75.802971
-3.110717,50,75.841754
-6.062578,50,75.882425
-8.182638,50,75.918355
-7.750296,50,75.956907
-6.309391,50,75.998712
-5.0579,50,76.038333
-6.09935,50,76.076988
-10.442572,50,76.108724
-11.13973,50,76.132923
-4.863282,50,76.16421
-6.362873,50,76.194649
-8.054189,50,76.218521
-6.648223,50,76.250108
-6.541884,50,76.287563
-7.915412,50,76.317276
-4.560873,50,76.35557
-8.246643,50,76.391919
-7.38776,50,76.424965
-7.241902,50,76.4627
-6.547607,50,76.489303
-6.10413,50,76.523151
-7.454051,50,76.566746
-9.132154,50,76.60607
-7.951586,50,76.641485
-6.599668,50,76.680905
-9.811627,50,76.715761
-6.702695,50,76.75803
-5.561453,50,76.798566
-7.526412,50,76.82987
-6.352769,50,76.856086
-6.358338,50,76.882058
-9.09285,50,76.912771
-3.797363,50,76.94106
-6.730561,50,76.97006
-8.365101,50,76.994648
-8.436572,50,77.017455
-9.572415,50,77.042218
-6.480252,50,78.004979
-6.470985,50,78.044208
-4.417977,50,78.082624
-8.727731,50,78.118941
-6.725176,50,78.157805
-6.250061,50,78.195037
-6.234188,50,78.228936
-7.577585,50,78.269571
-7.904944,50,78.294883
-6.456252,50,78.325758
-8.952877,50,78.362576
-9.140059,50,78.399678
-6.413907,50,78.426535
-7.041385,50,78.463146
-11.079699,50,78.502753
-6.378925,50,78.540867
-5.882868,50,78.578073
-5.681775,50,78.615721
-8.969645,50,78.650431
-4.454182,50,78.685185
-11.3597,50,78.723192
-7.518883,50,78.754909
-7.833993,50,78.776199
-7.556137,50,78.811717
-5.456957,50,78.844622
-6.948915,50,78.877875
-8.387329,50,78.916536
-8.514558,50,78.955267
-6.946844,50,78.98988
-6.44245,50,79.02982
-6.354802,50,79.070803
-7.329102,50,79.108467
-6.867749,50,79.144847
-10.106478,50,79.175092
-7.088679,50,79.200056
-6.388398,50,79.238675
-7.934821,50,79.268179
-6.139572,50,79.303032
-5.533784,50,79.333036
-6.588863,50,79.372607
-6.527617,50,79.404165
-12.181684,50,80.149989
-6.319602,50,80.189188
-5.808046,50,80.230755
-11.959441,50,80.267147
-5.303966,50,80.308166
-5.819722,50,80.346179
-6.985324,50,80.387139
-6.394724,50,80.413754
-6.362891,50,80.454058
-4.932077,50,80.494321
-5.266689,50,80.536796
-7.110921,50,80.580262
-7.769578,50,80.618485
-3.7284,50,80.645851
-5.651329,50,80.681124
-5.087879,50,80.711221
-6.715228,50,80.74113
-5.836542,50,80.772907
-7.218542,50,80.804029
-7.391112,50,80.833119
-5.742882,50,80.862489
-3.625797,50,80.885584
-7.180051,50,80.917442
-7.202599,50,80.949229
-4.084203,50,80.976462
-5.175207,50,81.016878
-6.891667,50,81.042298
-6.569471,50,81.070558
-7.043296,50,81.092128
-6.731485,50,81.130733
-5.705168,50,81.171275
-6.646865,50,81.208914
-5.263942,50,81.251223
-6.844203,50,81.284118
-6.708856,50,81.322799
-7.632539,50,81.358991
-6.888884,50,81.384845
-5.165938,50,81.412747
-6.206026,50,81.4434
-5.664647,50,81.472829
-7.521152,50,81.508147
-8.73387,50,82.337449
-6.66384,50,82.376642
-3.891986,50,82.413502
-6.276572,50,82.451752
-5.597008,50,82.49314
-5.56671,50,82.53219
-5.183415,50,82.57154
-5.702802,50,82.609732
-6.627577,50,82.646712
-6.24266,50,82.684959
-5.828986,50,82.723118
-5.902308,50,82.805825
-7.33527,50,82.84109
-6.145864,50,82.883576
-6.678316,50,82.916397
-6.787845,50,82.955399
-6.316469,50,82.996489
-7.412197,50,83.021958
-6.316036,50,83.064039
-5.767344,50,83.101627
-6.544787,50,83.129552
-7.97513,50,83.150908
-7.862838,50,83.177128
-5.390234,50,83.216071
-5.791033,50,83.257454
-4.706931,50,83.283005
-5.056017,50,83.307874
-6.172223,50,83.349495
-4.976922,50,83.391479
-8.018294,50,83.419116
-5.960102,50,83.451611
-8.653246,50,83.480944
-5.690777,50,83.518941
-4.37772,50,83.558982
-9.38499,50,83.583466
-6.104864,50,83.622891
-5.856492,50,83.657135
-5.848246,50,83.687447
-6.896293,50,83.724745
-3.957885,50,83.764673
-7.91224,50,83.800269
-4.936007,50,84.69245
-5.852299,50,84.730898
-4.598215,50,84.757744
-6.24103,50,84.796357
-11.222841,50,84.831104
-6.77327,50,84.863868
-4.120365,50,84.886034
-5.991345,50,84.918319
-8.164976,50,84.944241
-8.108468,50,84.974782
-7.351355,50,85.010809
-9.141684,50,85.045637
-10.780277,50,85.07836
-3.410809,50,85.109014
-6.852124,50,85.133306
-6.049887,50,85.160001
-6.604733,50,85.198945
-9.157301,50,85.231024
-2.508642,50,85.262927
-8.325405,50,85.303474
-6.024463,50,85.340129
-9.923176,50,85.369212
-6.98016,50,85.405456
-4.371885,50,85.444128
-7.271522,50,85.481012
-6.427254,50,85.519012
-5.617362,50,85.552619
-6.038136,50,85.59315
-5.622461,50,85.628657
-7.660856,50,85.654658
-5.84385,50,85.694985
-5.262399,50,85.731464
-5.403264,50,85.771237
-5.052958,50,85.808957
-6.219511,50,85.846311
-7.247323,50,85.879107
-5.982708,50,85.907573
-6.36348,50,85.934399
-6.815749,50,85.959249
-4.854527,50,85.996745
-9.139697,50,86.034938
-6.125076,50,86.769835
-5.598991,50,86.80895
-5.372515,50,86.847834
-5.466809,50,86.885588
-7.583509,50,86.922049
-6.206687,50,86.963671
-6.506189,50,86.999265
-6.679856,50,87.038845
-6.733759,50,87.076449
-4.695943,50,87.10472
-4.993097,50,87.140117
-6.267274,50,87.180123
-7.308906,50,87.214816
-5.90464,50,87.243456
-10.37813,50,87.284731
-4.25216,50,87.308591
-6.62717,50,87.350173
-6.908772,50,87.384731
-4.634161,50,87.414741
-5.490105,50,87.440222
-6.193764,50,87.460977
-7.352599,50,87.482268
-5.660802,50,87.523549
-7.908745,50,87.562923
-5.641297,50,87.600009
-6.456629,50,87.629143
-6.890306,50,87.667282
-2.789761,50,87.692086
-6.974001,50,87.723326
-5.537859,50,87.765077
-4.377849,50,87.80253
-4.609747,50,87.83708
-7.195877,50,87.864075
-6.677981,50,87.89733
-7.929821,50,87.927886
-9.930991,50,87.967779
-4.53797,50,87.996753
-3.295349,50,88.037252
-6.956245,50,88.066978
-5.6623,50,88.106006
-6.483163,50,88.145797
-4.572699,50,88.882459
-6.417069,50,88.918975
-4.441282,50,88.958057
-5.138512,50,88.99477
-5.961599,50,89.032764
-8.990816,50,89.070535
-9.294084,50,89.095348
-5.8188,50,89.129777
-5.173756,50,89.168274
-6.361807,50,89.197337
-4.877332,50,89.228282
-6.372308,50,89.256778
-5.329064,50,89.281341
-7.309056,50,89.307018
-5.52461,50,89.338756
-5.918258,50,89.379842
-6.246451,50,89.412968
-6.137631,50,89.445074
-3.868282,50,89.484062
-6.106783,50,89.511818
-6.630793,50,89.539324
-3.867603,50,89.576602
-5.84223,50,89.602229
-4.879938,50,89.636877
-5.319271,50,89.670803
-4.20047,50,89.706359
-5.900873,50,89.741883
-5.34554,50,89.778539
-7.349338,50,89.807211
-6.596594,50,89.845592
-3.648523,50,89.881838
-5.971816,50,89.921483
-6.702867,50,89.95406
-6.463623,50,89.988533
-6.729955,50,90.02845
-5.513645,50,90.064612
-5.59345,50,90.097827
-6.65001,50,90.121888
-6.62034,50,90.159391
-7.105423,50,90.191867
-6.818654,50,90.22677
-7.174383,50,91.224144
-5.039917,50,91.264569
-5.533847,50,91.301498
-5.936796,50,91.339148
-3.129236,50,91.376558
-6.27973,50,91.413271
-8.131177,50,91.45325
-6.194759,50,91.49293
-5.883422,50,91.531935
-6.163223,50,91.571913
-7.952684,50,91.614191
-8.434023,50,91.652465
-5.430183,50,91.686812
-4.313114,50,91.721838
-7.81726,50,91.762602
-5.726569,50,91.796302
-6.767857,50,91.83338
-3.038515,50,91.856672
-6.588887,50,91.88107
-3.759119,50,91.903961
-5.004603,50,91.929181
-6.423964,50,91.966287
-5.619384,50,92.004042
-5.585886,50,92.034291
-4.906917,50,92.0611
-5.824056,50,92.09247
-5.265388,50,92.133958
-9.773571,50,92.161042
-5.163116,50,92.191822
-6.604611,50,92.232978
-8.339029,50,92.270875
-5.572191,50,92.312747
-4.003011,50,92.348435
-7.307266,50,92.387313
-5.886809,50,92.421029
-5.430943,50,92.462426
-6.55408,50,92.490756
-5.517885,50,92.518609
-3.709161,50,92.545026
-6.148127,50,92.573062
-5.07917,50,92.606383
-6.602958,50,93.45423
-4.374384,50,93.492456
-7.584081,50,93.532446
-5.410018,50,93.572478
-5.656988,50,93.61074
-10.261376,50,93.64966
-6.063465,50,93.686944
-6.610467,50,93.728932
-6.447766,50,93.759359
-5.575531,50,93.789016
-7.35549,50,93.824016
-7.156475,50,93.864046
-2.544258,50,93.888118
-10.256495,50,93.916117
-8.022093,50,93.948904
-8.138227,50,93.978401
-6.857107,50,94.00902
-4.913775,50,94.036669
-5.582068,50,94.061859
-5.597371,50,94.098773
-6.493517,50,94.124691
-4.287147,50,94.165223
-7.904348,50,94.184625
-6.555732,50,94.226728
-6.253746,50,94.269289
-3.581863,50,94.297657
-6.054672,50,94.319502
-5.557296,50,94.34411
-4.583945,50,94.367202
-4.407122,50,94.401245
-2.428987,50,94.43629
-5.707849,50,94.475955
-5.66903,50,94.513265
-5.652093,50,94.54048
-4.393678,50,94.576103
-6.855557,50,94.607633
-7.838816,50,94.646534
-7.37463,50,94.684955
-7.065161,50,94.721588
-5.594385,50,94.75565
-6.312544,50,94.79004
-5.388926,50,95.41764
-4.351084,50,95.455346
-9.434648,50,95.493011
-6.697179,50,95.530823
-4.306094,50,95.57007
-6.231713,50,95.607044
-5.774109,50,95.646326
-5.368446,50,95.682873
-8.36096,50,95.722421
-3.252984,50,95.757421
-6.208086,50,95.783473
-7.582296,50,95.819019
-4.415086,50,95.841993
-7.077368,50,95.86914
-8.271925,50,95.90414
-6.366218,50,95.931636
-6.276002,50,95.961377
-6.243709,50,96.003364
-5.09321,50,96.040743
-5.969793,50,96.065509
-5.610212,50,96.089066
-5.779883,50,96.115171
-5.718265,50,96.138545
-5.721232,50,96.17788
-5.652186,50,96.215902
-6.753897,50,96.246422
-6.331599,50,96.280601
-7.753007,50,96.317534
-5.493252,50,96.352365
-5.422274,50,96.388903
-2.65887,50,96.424347
-6.306486,50,96.461059
-5.136774,50,96.503848
-5.448227,50,96.544935
-2.27554,50,96.581917
-5.382508,50,96.612587
-7.582916,50,96.651491
-6.231379,50,96.688565
-5.806838,50,96.7146
-3.087257,50,96.754867
-5.210643,50,96.792681
-4.759298,50,97.606391
-5.957185,50,97.644933
-5.325663,50,97.681639
-7.811975,50,97.720869
-5.203766,50,97.759116
-6.27683,50,97.798824
-5.823293,50,97.844683
-6.452099,50,97.908249
-8.208233,50,97.948401
-3.862555,50,97.992571
-4.321845,50,98.026473
-3.867405,50,98.068988
-2.956632,50,98.100992
-5.982257,50,98.139382
-6.524634,50,98.172125
-5.65853,50,98.205423
-6.332454,50,98.242004
-7.475501,50,98.271999
-5.434472,50,98.305346
-5.430479,50,98.332116
-8.358641,50,98.36207
-5.577714,50,98.383827
-6.449664,50,98.423002
-4.244632,50,98.451813
-4.098452,50,98.490758
-4.179326,50,98.53073
-6.082179,50,98.568572
-6.553426,50,98.609577
-5.611125,50,98.647166
-7.314195,50,98.685117
-5.550882,50,98.724272
-13.820337,50,98.761895
-5.530853,50,98.801202
-5.040585,50,98.833711
-6.522772,50,98.865685
-3.120389,50,98.903618
-5.797128,50,98.93866
-4.875108,50,98.977591
-4.443243,50,99.017004
-6.266801,50,99.056452
-4.99812,50,99.085685
-6.305794,50,99.900513
-5.749742,50,99.939891
-4.527244,50,99.978119
-1.931803,50,100.018477
-5.628327,50,100.056639
-5.341939,50,100.099777
-6.032222,50,100.132652
-5.688099,50,100.167168
-6.660064,50,100.199795
-3.34199,50,100.23252
-5.048939,50,100.25909
-5.058492,50,100.286294
-2.096034,50,100.324678
-5.914679,50,100.364047
-6.120764,50,100.396782
-6.291579,50,100.423894
-9.509353,50,100.445348
-4.703538,50,100.488469
-7.095874,50,100.525936
-8.285493,50,100.553895
-5.329545,50,100.580507
-3.991845,50,100.607876
-4.763117,50,100.64872
-4.21889,50,100.686601
-2.009325,50,100.71735
-3.204047,50,100.747299
-6.679806,50,100.773118
-6.341411,50,100.806823
-5.656557,50,100.833428
-6.561565,50,100.859024
-3.309639,50,100.884742
-7.332757,50,100.9227
-5.171884,50,100.96029
-10.612492,50,100.997504
-5.745981,50,101.035632
-5.539681,50,101.068123
-5.42582,50,101.100692
-5.761639,50,101.127889
-6.5502,50,101.154735
-5.135105,50,101.181115
-5.624096,50,101.209104
-2.175321,50,101.959924
-6.042635,50,101.999321
-5.381353,50,102.037486
-6.172357,50,102.072583
-5.951345,50,102.11241
-4.070619,50,102.150412
-4.980378,50,102.188971
-5.580098,50,102.227159
-4.723173,50,102.267452
-8.306266,50,102.304868
-5.503182,50,102.338107
-8.488488,50,102.365076
-5.894269,50,102.39803
-4.71446,50,102.423288
-5.381157,50,102.454893
-6.059223,50,102.489302
-5.74633,50,102.523805
-5.216868,50,102.560631
-6.002944,50,102.595355
-2.958537,50,102.63061
-2.920748,50,102.670089
-5.497752,50,102.702481
-3.279034,50,102.733244
-2.751401,50,102.765597
-5.235391,50,102.789655
-3.671301,50,102.827122
-5.501755,50,102.855624
-5.254749,50,102.893734
-4.87599,50,102.921247
-5.027816,50,102.953151
-5.097009,50,102.991959
-4.530847,50,103.031591
-3.412738,50,103.067724
-4.863807,50,103.10749
-5.661865,50,103.142591
-5.287988,50,103.178941
-5.531184,50,103.209909
-5.24157,50,103.239998
-4.206199,50,103.278243
-3.385189,50,103.301895
-5.461405,50,103.331557
-5.954582,50,103.940958
-3.95635,50,103.980606
-3.177067,50,104.018941
-5.212944,50,104.058665
-4.959487,50,104.092972
-5.773804,50,104.127602
-4.442358,50,104.168298
-5.576456,50,104.193881
-5.540049,50,104.223169
-6.04421,50,104.254224
-4.058089,50,104.289929
-5.443913,50,104.317534
-6.920052,50,104.359232
-5.916677,50,104.389558
-5.634759,50,104.4287
-5.200905,50,104.461798
-4.545878,50,104.496362
-5.489559,50,104.529227
-7.076561,50,104.560944
-5.421265,50,104.589713
-6.522369,50,104.62864
-5.937898,50,104.671262
-3.635615,50,104.70246
-4.515758,50,104.727527
-5.078942,50,104.764802
-4.127158,50,104.793274
-4.758273,50,104.819221
-7.788856,50,104.850115
-5.254597,50,104.886393
-5.061933,50,104.917572
-4.700352,50,104.949969
-5.118739,50,104.992609
-3.488958,50,105.026956
-6.873399,50,105.063427
-4.599144,50,105.096653
-5.815855,50,105.136441
-6.766427,50,105.166491
-6.094059,50,105.199443
-5.675218,50,105.230193
-4.322025,50,105.264704
-2.975849,50,105.294914
-6.689616,50,106.165498
-6.852022,50,106.214787
-6.903251,50,106.255225
-5.443265,50,106.297089
-7.860152,50,106.335652
-3.240083,50,106.375187
-7.439261,50,106.415898
-9.333507,50,106.448847
-6.789193,50,106.484529
-4.529815,50,106.518987
-5.441663,50,106.553341
-5.338937,50,106.59117
-5.835567,50,106.624485
-4.834208,50,106.659126
-7.18374,50,106.697186
-5.410611,50,106.727695
-5.819325,50,106.754024
-6.23906,50,106.79847
-3.714456,50,106.832511
-7.285482,50,106.869038
-4.471208,50,106.890063
-5.968181,50,106.914224
-6.739514,50,106.948491
-6.907654,50,106.983103
-4.432129,50,107.021542
-6.424326,50,107.059408
-6.238328,50,107.094827
-5.344593,50,107.136065
-5.940956,50,107.176113
-6.611068,50,107.21745
-5.117967,50,107.253075
-6.594831,50,107.295083
-4.814754,50,107.333404
-5.03232,50,107.371567
-4.767369,50,107.405314
-5.440381,50,107.44255
-4.149826,50,107.471156
-5.207719,50,107.510404
-4.610527,50,107.54954
-6.882784,50,107.576217
-3.765421,50,107.596873
-6.927148,50,108.32881
-8.367583,50,108.363961
-7.105392,50,108.403312
-4.818815,50,108.44447
-6.923113,50,108.484757
-4.35416,50,108.524645
-6.594082,50,108.562529
-7.635013,50,108.598863
-4.784093,50,108.638006
-4.115295,50,108.678019
-5.746174,50,108.712361
-6.390716,50,108.749857
-2.855992,50,108.785339
-4.464525,50,108.81888
-4.170133,50,108.849462
-5.371607,50,108.881474
-7.674589,50,108.917858
-7.457509,50,108.958626
-5.247307,50,108.994
-4.684313,50,109.02725
-5.481709,50,109.061749
-3.459729,50,109.098329
-2.531901,50,109.128324
-10.559735,50,109.160873
-5.831213,50,109.19472
-5.166847,50,109.221964
-6.406884,50,109.256824
-3.018574,50,109.296741
-3.587461,50,109.33827
-7.180334,50,109.37519
-5.124191,50,109.41206
-3.025152,50,109.451836
-4.671561,50,109.476161
-5.652399,50,109.512714
-4.953841,50,109.541763
-6.956132,50,109.570522
-5.088148,50,109.610387
-6.383211,50,109.642053
-5.47382,50,109.678787
-5.541251,50,109.704696
-5.162713,50,110.392615
-3.441077,50,110.430691
-4.595275,50,110.471817
-5.196565,50,110.506684
-8.436496,50,110.547564
-4.467645,50,110.586035
-3.616194,50,110.626525
-4.875994,50,110.665624
-3.39387,50,110.702895
-5.030839,50,110.741405
-9.998997,50,110.782541
-5.910904,50,110.813274
-6.014566,50,110.838243
-4.723923,50,110.872044
-6.759909,50,110.908181
-5.900586,50,110.938937
-5.089551,50,110.968247
-4.333621,50,111.004391
-3.315581,50,111.031862
-4.503665,50,111.056525
-4.494866,50,111.086292
-6.716452,50,111.111326
-9.825504,50,111.136469
-4.933911,50,111.164549
-2.887591,50,111.199128
-5.476449,50,111.227781
-6.704141,50,111.255006
-7.002612,50,111.291583
-4.283006,50,111.315843
-6.072866,50,111.35401
-5.001897,50,111.38202
-5.649751,50,111.405035
-2.806606,50,111.447887
-3.200754,50,111.486936
-3.371985,50,111.527714
-5.500848,50,111.568928
-3.362208,50,111.606337
-6.726116,50,111.640157
-6.880173,50,111.673883
-1.981264,50,111.701627
-6.916761,50,111.72993
-2.328146,50,112.610946
-3.966414,50,112.644571
-6.263969,50,112.685038
-7.712073,50,112.727017
-6.159353,50,112.764571
-5.810621,50,112.806359
-5.343684,50,112.847104
-5.780643,50,112.887182
-6.750891,50,112.926258
-4.078035,50,112.965914
-2.557526,50,113.005315
-7.229008,50,113.042061
-6.249503,50,113.08126
-1.664657,50,113.122634
-3.569458,50,113.159322
-4.764226,50,113.199656
-3.924703,50,113.235203
-6.160439,50,113.262078
-3.174309,50,113.303984
-6.308446,50,113.344422
-3.090128,50,113.382857
-7.211919,50,113.419896
-5.945632,50,113.457197
-2.793235,50,113.493878
-4.995738,50,113.529698
-5.244568,50,113.553855
-2.060146,50,113.57964
-2.981352,50,113.622486
-5.08821,50,113.660819
-5.526873,50,113.697326
-4.951678,50,113.726346
-3.030022,50,113.749893
-5.538254,50,113.776366
-6.627871,50,113.806066
-5.289403,50,113.844948
-5.913094,50,113.884665
-3.715889,50,113.918278
-2.159008,50,113.959636
-4.857486,50,113.993048
-4.390178,50,114.023635
-5.028938,50,114.057874
-2.429803,50,114.844318
-3.786067,50,114.876575
-16.440639,50,114.918191
-4.40127,50,114.954651
-5.013922,50,114.994103
-4.975548,50,115.032566
-6.772817,50,115.063312
-6.552249,50,115.092242
-6.381302,50,115.121516
-5.427325,50,115.156483
-1.894617,50,115.188595
-3.309862,50,115.224949
-6.771823,50,115.256142
-4.91302,50,115.284111
-5.784373,50,115.323421
-6.771503,50,115.361356
-4.957208,50,115.402394
-6.782884,50,115.442133
-3.632423,50,115.467818
-6.796309,50,115.511087
-5.08196,50,115.546196
-6.556623,50,115.574972
-6.721265,50,115.615166
-9.230179,50,115.656462
-7.557207,50,115.683056
-5.95334,50,115.719582
-4.812937,50,115.756744
-4.233489,50,115.798024
-6.803538,50,115.833628
-4.289194,50,115.872682
-7.115403,50,115.914039
-7.223746,50,115.948056
-6.196337,50,115.988552
-5.667924,50,116.026961
-3.539924,50,116.067182
-3.863444,50,116.101417
-4.804703,50,116.131108
-5.841298,50,116.161185
-5.520769,50,116.1927
-7.251002,50,116.215394
-4.425987,50,116.259671
-4.794044,50,117.263849
-5.411766,50,117.29879
-5.146083,50,117.338749
-5.262736,50,117.380213
-4.818769,50,117.417064
-3.596685,50,117.456391
-4.514217,50,117.497196
-4.298083,50,117.535944
-3.566354,50,117.574825
-4.707767,50,117.602906
-4.813747,50,117.639431
-5.132481,50,117.664555
-3.931162,50,117.69786
-6.782229,50,117.740313
-4.58982,50,117.776176
-6.523378,50,117.807629
-5.473629,50,117.829005
-2.894755,50,117.856986
-3.847021,50,117.878569
-4.059983,50,117.911925
-4.118225,50,117.948638
-2.400691,50,117.982485
-4.483652,50,118.00615
-7.397924,50,118.036894
-5.534371,50,118.062322
-3.969905,50,118.093293
-6.556114,50,118.121888
-7.105078,50,118.146019
-6.422384,50,118.169986
-6.557006,50,118.197293
-4.135554,50,118.233271
-1.863393,50,118.260425
-6.045023,50,118.30226
-5.404053,50,118.339882
-6.953539,50,118.378641
-4.108951,50,118.415009
-3.655078,50,118.455203
-4.510399,50,118.489222
-5.832762,50,118.514618
-7.460953,50,118.549846
-4.578568,50,118.588245
-5.724524,50,119.313834
-5.2459,50,119.349521
-4.976567,50,119.386683
-5.41433,50,119.426125
-5.256343,50,119.461109
-5.678854,50,119.498394
-5.397459,50,119.541128
-4.568559,50,119.578123
-4.973521,50,119.615364
-1.805231,50,119.656177
-5.667396,50,119.69527
-4.87669,50,119.72357
-2.962302,50,119.7548
-5.553859,50,119.796026
-6.575213,50,119.833606
-2.264721,50,119.87381
-5.007371,50,119.911869
-5.581642,50,119.946012
-6.424599,50,119.984754
-4.814077,50,120.020502
-5.542214,50,120.059751
-2.350375,50,120.099914
-5.093222,50,120.135062
-6.855542,50,120.174633
-2.072487,50,120.214427
-6.012602,50,120.247643
-4.147952,50,120.284906
-5.302674,50,120.323938
-5.624173,50,120.357613
-4.377159,50,120.399368
-4.798983,50,120.43384
-1.657018,50,120.470792
-6.23396,50,120.5016
-5.243836,50,120.526993
-4.946928,50,120.558563
-3.099816,50,120.591358
-5.391029,50,120.618506
-3.209857,50,120.648754
-3.202365,50,120.676743
-4.246577,50,120.713044
-6.426987,50,120.74503
-4.715471,50,121.415135
-6.157651,50,121.446957
-5.038644,50,121.487995
-4.718225,50,121.524702
-4.063195,50,121.564679
-3.766062,50,121.600173
-5.479474,50,121.641266
-1.843101,50,121.678906
-3.783704,50,121.720193
-6.328229,50,121.757469
-6.787388,50,121.79283
-5.159798,50,121.830396
-5.837159,50,121.871453
-5.484046,50,121.910843
-1.637444,50,121.951024
-2.798344,50,121.991335
-4.572025,50,122.026721
-3.729709,50,122.065395
-3.241981,50,122.103212
-6.951383,50,122.145097
-6.534644,50,122.183891
-5.852819,50,122.225984
-3.024044,50,122.253955
-4.32593,50,122.291805
-2.781175,50,122.3189
-6.484417,50,122.344422
-7.589428,50,122.383385
-3.991572,50,122.410023
-3.526926,50,122.450596
-5.740474,50,122.490735
-4.627956,50,122.528237
-2.677902,50,122.566078
-5.340181,50,122.607763
-4.62319,50,122.647941
-5.347424,50,122.680333
-2.153023,50,122.706444
-6.196208,50,122.744378
-3.239429,50,122.780921
-3.983693,50,122.813972
-3.965134,50,122.841881
-5.018297,50,122.865588
-7.801334,50,123.451924
-7.183973,50,123.488797
-4.218139,50,123.527166
-4.336812,50,123.564426
-5.064684,50,123.601569
-5.396493,50,123.639526
-4.257546,50,123.676283
-3.655642,50,123.712343
-5.80141,50,123.753758
-4.333658,50,123.79179
-4.629606,50,123.824245
-4.028829,50,123.852411
-4.027579,50,123.890533
-2.618191,50,123.930999
-5.788422,50,123.963167
-3.00004,50,124.002267
-5.282267,50,124.041501
-5.156167,50,124.072778
-4.928351,50,124.106967
-6.997056,50,124.13673
-6.728535,50,124.172389
-5.508141,50,124.208089
-5.716177,50,124.237624
-4.826706,50,124.270821
-7.241983,50,124.311101
-4.284198,50,124.3444
-6.540093,50,124.381423
-3.924637,50,124.41122
-5.744164,50,124.446455
-5.750425,50,124.488626
-5.597034,50,124.518657
-5.085903,50,124.542776
-6.233589,50,124.575083
-4.988125,50,124.609345
-4.46189,50,124.647568
-5.125168,50,124.687588
-5.535367,50,124.726159
-6.596186,50,124.763198
-4.845107,50,124.796386
-2.0941,50,124.817267
-2.592428,50,124.842375
-4.676543,50,125.730177
-4.531316,50,125.767058
-3.458873,50,125.805082
-5.297207,50,125.843632
-3.821743,50,125.879496
-2.23956,50,125.919808
-4.651384,50,125.958877
-4.146574,50,125.995066
-4.667364,50,126.027407
-6.262434,50,126.060738
-4.169944,50,126.099613
-2.602479,50,126.137965
-5.2922,50,126.172758
-4.619465,50,126.209487
-3.615697,50,126.244864
-2.332255,50,126.285777
-5.130025,50,126.322646
-2.442369,50,126.358624
-5.200083,50,126.398032
-5.385319,50,126.436582
-5.265879,50,126.476063
-5.329379,50,126.518555
-5.612727,50,126.555553
-6.534091,50,126.580812
-4.662726,50,126.614592
-3.414118,50,126.643507
-6.969977,50,126.672328
-3.352029,50,126.710535
-4.24537,50,126.748818
-4.85175,50,126.78971
-6.368797,50,126.828135
-1.275988,50,126.864902
-2.473154,50,126.903049
-4.385481,50,126.941418
-6.310686,50,126.978858
-5.022409,50,127.015532
-4.847601,50,127.051872
-2.060748,50,127.09095
-4.24463,50,127.124647
-5.337215,50,127.159106
-5.737821,50,127.19548
-7.345412,50,128.169911
-7.708802,50,128.207555
-4.563484,50,128.246372
-3.849159,50,128.287608
-4.833684,50,128.320498
-5.713486,50,128.349403
-5.342494,50,128.379505
-4.373167,50,128.408744
-5.342466,50,128.438019
-5.457762,50,128.472782
-4.116225,50,128.51244
-3.59135,50,128.540475
-1.951486,50,128.568218
-3.267437,50,128.598595
-2.367848,50,128.638624
-3.017763,50,128.672412
-5.433916,50,128.703021
-2.917323,50,128.738939
-3.35776,50,128.775512
-4.765744,50,128.814447
-6.844622,50,128.847322
-6.604257,50,128.875083
-5.736083,50,128.899936
-5.573788,50,128.922272
-5.845095,50,128.942967
-4.603838,50,128.963699
-4.120882,50,128.98914
-2.426418,50,129.022899
-3.402806,50,129.050941
-4.842068,50,129.076201
-3.334859,50,129.119637
-5.568562,50,129.143666
-8.053025,50,129.184027
-3.976015,50,129.226326
-5.523826,50,129.265979
-6.78129,50,129.306277
-6.667834,50,129.346108
-4.252573,50,129.37303
-4.954927,50,129.397018
-3.920834,50,129.427964
-5.954825,50,129.454121
-4.330529,50,130.164575
-4.33561,50,130.198151
-3.984828,50,130.238041
-3.276965,50,130.278234
-3.808046,50,130.30893
-3.036858,50,130.348526
-3.603524,50,130.384905
-2.428745,50,130.423759
-3.566053,50,130.461199
-6.632584,50,130.497513
-7.912951,50,130.533238
-4.962969,50,130.568197
-4.796927,50,130.597722
-6.803572,50,130.628013
-2.351038,50,130.662813
-5.720523,50,130.690884
-7.136319,50,130.728376
-6.507662,50,130.758191
-4.833154,50,130.782012
-2.413818,50,130.808546
-3.729912,50,130.830027
-5.437592,50,130.862566
-5.750364,50,130.90282
-5.131762,50,130.942383
-4.760013,50,130.963426
-3.774253,50,131.007444
-5.2948,50,131.042759
-3.176886,50,131.077641
-5.347684,50,131.118624
-5.747941,50,131.156742
-3.310984,50,131.191883
-3.538329,50,131.231964
-5.238669,50,131.271277
-5.219034,50,131.310518
-6.461464,50,131.345132
-6.942677,50,131.380997
-3.448723,50,131.40258
-4.479176,50,131.442522
-3.372451,50,131.479401
-5.978644,50,131.514853
-3.813163,50,131.543206
-5.83645,50,132.301784
-2.162341,50,132.341351
-2.756342,50,132.3782
-7.084905,50,132.419204
-6.16822,50,132.456983
-5.019571,50,132.494334
-2.5543,50,132.529135
-2.749795,50,132.563875
-9.017481,50,132.597468
-6.736223,50,132.632893
-5.376235,50,132.665991
-3.842755,50,132.703805
-3.94252,50,132.737981
-8.938395,50,132.775405
-1.616844,50,132.806327
-6.584933,50,132.843664
-6.240619,50,132.881258
-7.254731,50,132.920377
-5.589986,50,132.951186
-5.578508,50,132.988086
-4.973641,50,133.011517
-4.014709,50,133.036973
-6.740836,50,133.065644
-4.762835,50,133.100531
-5.071891,50,133.138293
-2.548307,50,133.179934
-5.547063,50,133.22105
-6.222029,50,133.258218
-5.792024,50,133.295682
-5.158867,50,133.337703
-4.933115,50,133.377683
-4.913794,50,133.405058
-4.817154,50,133.444773
-1.733927,50,133.480386
-2.886124,50,133.511345
-3.085611,50,133.551852
-5.435186,50,133.589873
-4.58553,50,133.625359
-2.80628,50,133.66413
-6.490539,50,133.687434
-3.182306,50,133.71556
