#{"t_start": 1759318013.70288, "env_id": "BipedalWalker-v3"}
r,l,t
-115.844556,1600,0.494861
-101.764987,1600,1.372348
-107.139284,1600,2.279596
-108.27428,71,2.29962
-92.997267,1600,3.216293
-101.040478,91,3.242653
-98.872543,1600,3.691775
-103.752113,1600,4.607578
-95.882019,1600,5.515577
-87.813109,1600,6.433002
-115.821582,67,6.452686
-78.454055,1600,7.376565
-79.372053,1600,7.831746
-78.879323,1600,8.736397
-113.588787,68,8.754992
-102.274532,58,8.771467
-101.145906,66,8.789797
-105.047752,38,8.801498
-113.234126,96,8.82721
-76.751751,1600,9.73371
-112.468963,67,9.752677
-106.81607,63,9.770663
-111.751049,125,9.806838
-80.397505,1600,10.707394
-79.08196,1600,11.588917
-75.516422,1600,12.481097
-113.547597,54,12.496223
-102.91459,64,12.514016
-103.602064,52,12.528477
-115.228752,408,14.128986
-121.393534,160,14.174879
-105.888473,40,14.186702
-104.517096,57,14.202775
-101.685502,55,14.218472
-71.272943,1600,15.091339
-74.294711,1600,15.98724
-77.995488,1600,16.429401
-73.733983,1600,17.35038
-86.571119,1600,18.237805
-116.637768,58,18.254596
-106.563155,39,18.265975
-77.678354,1600,19.17563
-78.564925,1600,20.08976
-87.012926,1600,20.531749
-107.332918,61,20.549033
-78.647437,1600,21.416986
-103.464651,81,21.439256
-125.469581,85,21.465841
-105.764954,66,21.484355
-88.338926,1600,22.402975
-108.27721,38,22.415126
-107.003304,45,22.431901
-110.912384,67,22.45057
-85.398564,1600,23.332841
-74.886207,1600,24.197118
-71.310124,1600,24.668695
-70.523838,1600,25.533559
-72.223287,1600,28.290807
-80.761434,1600,29.182948
-72.327525,1600,30.044278
-73.005604,1600,30.502821
-114.159641,53,30.518336
-57.194281,1600,31.399948
-116.133687,49,31.416563
-69.000656,1600,32.305993
-56.254558,1600,33.161168
-45.916854,1600,34.047766
-59.110918,1600,34.479621
-53.625452,1600,35.362269
-44.97087,1600,36.237282
-32.722582,1600,37.088367
-27.920185,1600,37.548241
-107.086358,185,38.052682
-112.267896,41,38.064718
-114.40515,435,38.182635
-28.454298,1600,39.055496
-26.83645,1600,39.500915
-121.282341,779,40.146288
-108.660344,79,40.167479
-18.382623,1600,42.74502
-38.919686,1600,43.175164
-5.350785,1600,44.047599
-12.205302,1600,44.899751
0.278558,1600,45.773158
-104.991446,83,45.796416
20.840474,1600,46.215029
-4.025296,1600,47.089198
30.860375,1600,47.938862
33.947984,1600,48.824104
-89.605549,563,48.971056
37.867203,1600,49.843832
38.15592,1600,50.690734
22.074519,1600,51.134834
-72.096104,1416,51.93437
48.591245,1600,52.809465
58.135759,1600,53.681454
56.766059,1600,55.959172
48.648027,1600,56.834348
49.766877,1600,57.706149
49.21663,1600,58.553407
66.511088,1600,59.424193
69.590756,1600,59.846334
101.260074,1600,60.718499
96.158419,1600,61.560471
-29.131406,1152,62.327262
-96.389012,144,62.366938
-108.978232,87,62.395644
-79.277685,358,62.492429
81.63306,1600,63.375037
105.353771,1600,63.787951
-68.246132,668,64.395225
-99.683299,153,64.437349
102.132656,1600,65.307103
94.675001,1600,65.725528
-98.082409,158,65.769109
93.743237,1600,66.639425
110.096247,1600,67.518053
105.158143,1600,70.245107
111.550839,1600,71.122568
90.632049,1600,71.537404
103.043711,1600,72.405949
106.677968,1600,73.250324
120.881171,1600,74.118716
-90.976405,197,74.169736
129.254354,1600,75.044807
130.429416,1600,75.458733
5.239075,1291,76.249548
137.662725,1600,77.089391
147.920903,1600,77.934263
-66.169853,310,78.01765
43.478258,1541,78.441694
-62.301508,362,78.968886
8.078472,1099,79.250893
-120.619924,67,79.273073
-115.06614,52,79.288081
-90.602935,104,79.31585
26.450556,1034,80.034048
-2.272677,1116,80.324915
-106.36682,54,80.339831
-109.588319,56,80.355899
-88.394298,140,80.391954
-83.442488,665,81.012094
-30.779993,766,81.212013
-102.9282,67,81.230256
-96.978823,169,81.278131
167.015308,1600,82.450483
-87.281798,309,82.529395
-101.869104,82,82.554731
-96.767667,262,82.622816
-81.262797,304,82.704334
-86.972051,185,83.179394
-73.728705,363,83.2754
-90.641781,105,83.306617
-24.032436,853,83.55279
-52.037455,564,83.698696
5.257493,973,84.383962
-117.156557,63,84.40222
-99.941817,112,84.431881
-94.624653,169,84.480301
-15.247585,902,85.165138
162.569347,1600,85.582442
146.474214,1600,86.424968
-119.501719,98,86.450777
152.253579,1600,87.323664
43.186864,1532,88.148425
166.67254,1600,88.56731
128.3067,1600,89.46395
139.404374,1600,90.314764
-100.050538,124,90.346783
-109.672188,56,90.361787
-92.140041,152,90.426758
139.974356,1600,91.276973
-19.125122,883,91.506521
-97.55427,145,91.548074
144.162671,1600,92.417721
-22.479706,775,93.052029
-109.92142,48,93.065885
43.749591,1494,93.456924
166.902957,1600,96.227768
149.187892,1600,97.08061
-102.635393,124,97.113477
145.496321,1600,97.988592
117.940142,1600,98.870724
169.996143,1600,99.290775
-63.517901,331,99.826085
-2.355796,1023,100.092849
164.310644,1600,100.938846
-119.440822,67,100.957473
160.369953,1600,101.856243
152.97704,1600,102.279472
176.680147,1600,103.172854
175.220609,1600,104.053665
160.42349,1600,104.925811
69.317983,1544,105.757189
-118.224341,53,105.772856
-49.935076,509,105.90677
175.617491,1600,106.780962
198.483016,1600,107.199023
204.776514,1600,108.071634
-56.312353,426,109.630824
210.633692,1600,110.499332
211.270758,1600,111.372896
-54.329007,613,111.530883
-91.933353,237,111.59489
-109.202339,49,111.608879
-95.065348,96,111.633707
217.287251,1600,112.476486
-83.283929,198,112.531332
-52.574029,469,112.655772
212.780492,1600,113.523182
-21.445726,791,114.184233
-92.294473,115,114.218288
215.803704,1600,114.636511
188.023838,1600,115.499615
-108.740621,57,115.515999
-62.379789,378,115.636558
218.241415,1600,116.482448
-114.320538,60,116.499248
200.653504,1600,117.368917
-98.696989,137,117.408958
204.567562,1600,118.292893
11.775513,997,118.555784
194.462771,1600,119.429366
209.503867,1600,120.272976
208.846731,1600,121.148138
70.750949,1289,123.260474
201.429205,1600,124.141337
-88.842692,163,124.1887
-123.668756,102,124.217023
224.32306,1600,125.100558
-130.302436,133,125.138882
204.958618,1600,126.010969
218.472055,1600,126.859892
220.355411,1600,127.28408
227.616053,1600,128.184963
-111.477631,34,128.197748
-133.48653,116,128.22897
205.856736,1600,129.10205
226.093447,1600,129.963406
234.923856,1600,130.834451
-122.514406,66,130.856292
-93.413453,100,130.883232
-105.169534,56,130.898993
215.072094,1600,131.783323
212.540401,1600,132.20987
-102.56532,108,132.241957
235.162676,1600,133.115174
235.882836,1600,133.956306
-111.327024,58,133.972612
231.118239,1600,134.846059
239.844068,1600,135.693127
-144.700288,136,137.55405
247.400103,1600,137.995364
211.19147,1600,138.838466
246.964999,1600,139.710162
230.175286,1600,140.554133
126.438799,1513,140.94995
243.433899,1600,141.810973
226.290944,1600,142.675117
248.995883,1600,143.551266
-132.280616,427,143.663366
-119.980018,49,143.676908
244.85258,1600,144.547959
246.123391,1600,145.392423
251.323629,1600,145.835153
250.340855,1600,146.680574
261.419057,1557,147.542314
-54.366655,433,147.655166
259.327314,1577,148.492148
-99.805489,126,148.529003
260.113231,1555,149.387359
265.272074,1447,151.388059
260.893336,1553,152.246418
258.563495,1590,153.094952
-111.534,38,153.105903
261.981517,1553,153.968215
264.781887,1522,154.824451
256.195987,1600,155.245485
-103.32104,69,155.264212
261.26369,1574,156.102625
263.146451,1515,156.954199
261.297399,1549,157.801349
261.176035,1558,158.208981
-110.13634,39,158.220623
259.392426,1598,159.09437
240.208295,1600,159.956956
-111.653078,41,159.969251
257.748765,1591,160.814383
262.764944,1488,161.226006
-115.280008,97,161.6809
257.622992,1573,162.095564
263.663611,1504,164.560707
261.831573,1491,165.406529
260.72249,1526,165.808586
256.728093,1600,166.68257
265.684405,1498,167.502051
262.892642,1512,168.353044
267.148799,1459,168.733688
144.907533,1353,169.538884
68.084842,1064,170.243534
263.178058,1493,170.633784
254.677252,1600,171.5051
256.390572,1593,172.373506
262.305753,1436,173.187046
258.501938,1519,173.606096
-97.768683,137,173.640862
71.348994,948,174.311775
122.722542,1256,175.067338
269.750554,1399,175.467788
-120.475828,71,175.48697
261.279388,1515,176.314535
-15.343895,588,177.206645
267.564887,1409,178.007242
99.630271,1243,178.790814
259.980642,1511,179.184689
260.235872,1476,180.021973
-113.755034,44,180.034332
269.072156,1399,180.831512
-106.668741,54,180.846829
256.469565,1579,181.702976
260.55827,1487,182.089884
262.932566,1450,182.921651
268.557275,1417,183.738433
271.537616,1379,184.100369
265.152813,1423,184.899042
-110.585648,204,184.954616
-113.629859,48,184.967866
4.297649,565,185.143019
-119.101843,47,185.156033
265.078816,1460,185.961392
264.196104,1467,186.800138
19.488427,968,187.054487
265.588287,1417,187.88191
-110.521781,43,187.894345
263.750696,1418,188.700558
85.803765,1100,188.988826
264.384416,1430,191.416603
264.760469,1424,192.21654
-127.659131,179,192.26248
268.403076,1417,192.658468
267.222948,1427,193.459354
-63.57695,236,193.524042
71.870592,988,194.226798
-86.483155,163,194.272593
-125.592089,99,194.300631
96.394635,1076,194.58729
-68.728274,225,194.645758
263.905113,1458,195.479901
25.630144,707,196.092969
-48.133695,521,196.227887
267.271081,1400,196.620217
156.626077,1379,197.408735
264.508366,1471,198.247144
268.396871,1428,199.076623
263.445921,1498,199.469748
261.423037,1492,200.303523
-91.059446,134,200.337903
265.82515,1457,201.147626
260.623651,1538,202.002638
-123.490127,122,202.035077
265.900797,1440,202.415302
83.81269,1199,204.775339
260.357101,1478,205.621527
265.581137,1448,206.005858
62.894049,948,206.704015
-128.554721,171,206.751051
-124.368917,92,206.776622
36.057549,898,207.010631
-70.062716,277,207.518011
-113.492035,50,207.531826
265.146459,1444,207.93992
262.860344,1490,208.755903
-97.129692,186,208.807724
67.010045,974,209.514597
264.579741,1442,209.890241
262.005874,1492,210.734014
267.257318,1416,211.536154
-33.111965,415,211.647716
258.831497,1581,212.511817
264.440537,1474,212.895417
267.539391,1430,213.718721
257.895352,1497,214.537244
260.66105,1461,214.92102
261.470428,1489,215.765388
35.961547,917,216.438666
262.211341,1459,218.464148
67.97856,919,219.133218
266.771365,1411,219.96944
-40.648402,367,220.067261
237.602675,1600,220.486585
270.054656,1377,221.303458
261.060932,1466,222.116151
266.980099,1388,222.935112
-51.156885,456,223.054754
40.328975,830,223.276029
265.360088,1442,224.103989
265.357259,1442,224.930382
269.003353,1381,225.29183
-94.55077,119,225.324447
270.828451,1388,226.117482
-64.194434,268,226.190739
269.877467,1406,227.018346
71.554833,910,227.257514
-43.229005,337,227.348252
-136.474248,104,227.375376
-91.468145,123,227.86552
265.573315,1462,228.243878
264.666117,1474,229.090658
109.316982,1233,229.87093
271.075595,1366,230.403963
59.124067,812,231.074044
84.501374,1002,231.338173
-112.277643,65,231.35674
266.639374,1386,232.168921
-116.566469,64,232.189577
276.582347,1302,232.529242
270.581809,1409,233.354831
271.461906,1380,234.144404
68.513872,968,234.407317
262.117752,1509,235.253931
-92.915003,121,235.289425
-15.414623,555,235.432717
266.459195,1439,236.267129
0.615241,588,236.421046
-96.302363,117,236.45614
-9.705983,601,237.042045
267.508971,1418,237.440361
263.294597,1432,238.239486
270.061609,1399,239.057012
265.361006,1455,239.895669
-76.029425,299,239.975396
-67.257121,456,240.094712
272.520939,1394,240.887297
-98.256342,108,240.91574
269.366471,1445,241.314787
-46.728019,477,241.865722
-3.618546,639,242.029829
-61.659576,287,242.106046
269.915001,1408,244.521949
263.397071,1512,244.911774
58.326872,869,245.596702
266.542286,1481,246.409066
270.357749,1390,246.798637
-93.831343,127,246.832648
274.110678,1399,247.627156
270.491138,1407,248.445406
-96.902716,212,248.49902
273.030307,1428,248.874194
275.679764,1374,249.660359
-121.783711,69,249.679619
-117.440258,64,249.700167
273.380015,1411,250.539734
268.412524,1488,251.36088
270.766912,1431,251.759627
268.854259,1440,252.597226
272.784741,1430,253.400636
-96.358204,115,253.431221
141.957737,1348,253.801955
270.792469,1414,254.602185
271.673983,1367,255.416338
272.437451,1414,257.835301
-92.266574,153,257.878598
271.966309,1439,258.252488
-111.517102,211,258.309421
72.040223,1006,259.030799
274.245844,1394,259.826733
272.342661,1411,260.216721
53.561148,820,260.856471
274.962258,1367,261.211643
268.75767,1445,262.018697
271.62863,1431,262.837685
267.901233,1421,263.206282
270.930869,1440,264.037635
-135.960922,135,264.073484
267.983413,1446,264.878262
266.525645,1493,265.722951
103.266525,1106,266.009831
274.161426,1412,266.84569
275.055448,1370,267.636396
269.505009,1402,268.002205
270.691171,1457,268.829697
271.48808,1438,269.655641
19.261335,713,271.401023
-95.045125,128,271.438677
279.129042,1329,272.23486
2.623139,583,272.391782
6.133428,656,272.559755
265.799971,1484,273.407872
270.843839,1432,274.218318
-60.846752,416,274.349326
270.406431,1434,275.160329
273.997974,1401,275.524852
271.659464,1444,276.361959
48.833478,918,276.601893
33.574616,735,277.225666
97.297246,1241,277.583124
-99.733741,124,277.616354
66.894397,942,278.295125
264.504623,1510,279.174167
273.059342,1431,279.548211
-91.992662,152,279.590406
-93.88362,120,279.623319
-100.330277,115,280.116228
268.720647,1440,280.491757
25.539324,754,281.115751
274.573596,1398,281.511887
274.791678,1409,282.31874
270.878522,1429,283.145827
269.298089,1462,285.084524
274.653685,1371,285.904067
71.404721,947,286.607588
279.346861,1364,286.961701
276.549019,1406,287.75871
276.640814,1410,288.577538
279.718441,1380,288.936914
-93.257593,156,288.978498
131.48164,1297,289.773024
31.057709,693,289.949549
275.93546,1402,290.768764
30.486427,733,290.958835
263.541566,1600,291.804007
275.624254,1378,292.609245
280.795092,1356,292.965075
277.702064,1377,293.772216
282.592746,1338,294.5723
279.471408,1342,294.921323
145.775207,1240,295.676199
276.451004,1364,296.484774
-102.662271,87,296.507724
3.179166,637,298.037577
279.242023,1364,298.850789
63.01314,948,299.099649
263.136492,1584,299.945225
275.732618,1373,300.731907
269.773348,1472,301.115154
139.312853,1200,301.881481
276.152112,1400,302.695932
-104.622625,201,302.746946
148.284202,1226,303.063176
-38.122295,431,303.625609
276.746794,1363,303.982088
278.651168,1329,304.75596
273.541611,1416,305.576296
278.315621,1339,305.921244
146.154889,1233,306.666085
278.976271,1339,307.01213
278.538819,1346,307.813835
157.15605,1313,308.610728
-78.05346,253,308.675363
-106.175524,201,308.729932
281.738723,1332,309.500108
286.549128,1232,309.818437
-136.024755,135,310.953645
274.95975,1363,311.73743
277.886746,1355,312.540045
279.617365,1290,312.873238
-52.963557,250,312.93621
280.51967,1308,313.733692
107.158655,1145,314.458859
-117.744124,84,314.482218
-64.979164,281,314.55586
277.982558,1334,314.902236
-122.672474,96,314.927787
283.970034,1249,315.73006
-120.836864,104,315.757006
279.304673,1293,316.520223
38.834794,756,316.717571
279.037623,1311,317.504029
284.571496,1253,317.831708
279.704678,1328,318.625937
-61.790393,413,318.732773
281.47588,1297,319.494923
-90.395049,138,319.533669
-116.467986,88,319.55749
-104.769636,79,319.579094
-63.005557,337,319.667528
-144.571717,202,319.719405
-22.518776,426,319.828815
-111.11077,287,320.352468
-130.160745,115,320.38667
76.340081,958,320.633982
-49.626068,319,320.719197
-116.796318,69,320.738016
156.968688,1241,321.512245
279.126608,1306,322.280913
281.080002,1261,322.60613
284.963842,1241,324.861868
-83.918738,179,324.907037
279.992188,1304,325.673695
280.458173,1341,326.020608
275.904707,1377,326.833326
280.535222,1327,327.179165
275.173584,1364,327.964318
279.338849,1359,328.778723
280.026909,1294,329.111381
264.374643,1504,329.951248
-26.677084,410,330.057884
-33.314464,383,330.584172
-97.30287,137,330.620583
119.686857,1009,330.883789
283.490559,1276,331.667139
-142.338608,193,331.715375
-24.264142,483,331.841091
-114.750042,70,331.861094
276.162133,1394,332.673728
282.837063,1282,333.007119
274.633877,1388,333.797301
274.212729,1410,334.612701
278.774628,1295,334.9461
282.218703,1266,335.724794
282.535768,1291,336.497492
279.841492,1340,338.314094
283.681358,1254,339.090914
280.814973,1305,339.898989
283.236021,1302,340.264451
276.600613,1332,341.075895
283.471146,1274,341.417552
281.584435,1310,342.211858
284.453622,1220,343.004232
285.606946,1249,343.339965
158.652075,1254,344.173561
286.825545,1238,344.960981
73.45333,879,345.192201
279.693936,1311,346.011036
287.012023,1234,346.337016
280.387924,1331,347.158155
283.950285,1271,347.495468
278.818101,1375,348.337996
289.643921,1166,349.112683
276.565496,1372,349.4764
278.157171,1345,351.738209
110.505111,928,351.98399
282.41605,1271,352.790124
288.35764,1209,353.576827
275.219859,1386,353.944239
281.509131,1309,354.84771
274.40417,1419,355.744711
285.01997,1274,356.117134
23.286794,545,356.760172
281.804517,1285,357.091228
284.651671,1266,357.869337
32.988083,639,358.036192
283.471687,1246,358.771637
285.851892,1220,359.114342
285.590113,1243,359.870989
284.90546,1242,360.664402
149.401437,1152,360.962594
286.768164,1200,361.74911
282.298937,1274,362.084948
126.232887,1128,362.820637
-110.476953,64,362.838612
286.508897,1193,363.627585
285.489989,1219,365.354965
-112.692033,66,365.373621
284.586829,1209,366.170232
-115.812703,99,366.198135
275.642782,1301,366.542144
166.534904,1180,367.326662
284.945974,1231,368.123878
-139.387478,178,368.170101
-135.799578,119,368.20736
284.55077,1228,368.532727
286.885864,1184,369.320188
279.626741,1294,370.136115
286.72673,1207,370.455685
284.199699,1234,371.256169
44.027649,609,371.416285
281.054759,1267,372.223282
279.220396,1256,372.555305
284.158577,1235,373.352823
286.588579,1198,373.669587
282.697371,1264,374.478272
288.541948,1142,375.253902
274.231231,1357,375.625573
281.844075,1236,376.430273
280.88988,1271,377.236544
289.477332,1150,377.543662
284.111374,1235,379.767766
284.603932,1216,380.087435
282.569052,1242,380.891125
285.679119,1185,381.205122
147.64837,1046,381.954132
145.233912,1053,382.230809
283.313185,1228,383.023601
285.098655,1195,383.810851
286.143715,1202,384.124229
-114.579915,66,384.142918
287.462239,1185,384.956672
23.806899,501,385.087552
-59.027082,242,385.155108
287.989858,1153,385.938775
-17.686159,365,386.036815
-110.196535,198,386.092618
31.733672,591,386.249529
-117.682803,82,386.272208
-117.614358,147,386.313997
173.283933,1185,387.107609
280.516091,1231,387.891206
288.272846,1159,388.197319
286.069685,1190,388.998648
39.801473,767,389.200405
-111.928368,69,389.219587
-112.665184,69,389.239511
283.616427,1256,390.031508
286.743064,1167,390.337048
283.636508,1213,391.13059
286.110042,1189,393.289443
21.10662,584,393.445926
286.371261,1198,393.761537
285.049009,1200,394.509082
284.991377,1212,395.279059
279.667846,1250,395.608364
281.178675,1243,396.39871
286.152249,1188,396.711611
282.598488,1240,397.500789
-117.221088,91,397.525038
287.873903,1167,398.266706
288.306676,1166,398.595061
279.446267,1311,399.368892
287.456813,1167,399.67621
27.027115,601,400.289702
130.414752,1196,400.602143
282.945252,1239,401.400962
283.103939,1264,402.196742
291.837,1122,402.49052
283.935784,1222,403.274549
284.810882,1192,403.593119
-137.137014,178,403.639409
-118.629989,72,403.659386
288.504622,1173,404.432677
-116.562076,101,404.459387
288.877149,1155,405.192876
-77.551305,242,405.255996
287.761107,1191,406.917845
287.372628,1197,407.69751
287.719506,1208,408.012844
287.343719,1200,408.782457
288.977702,1169,409.514528
34.841642,585,409.664609
284.130472,1258,410.447676
287.967369,1163,410.74752
288.872516,1165,411.541267
281.965363,1261,411.869321
284.538897,1237,412.647505
-2.735177,431,412.75973
287.6423,1200,413.533261
287.458428,1198,413.845187
54.024232,679,414.454044
283.689257,1210,414.773527
282.689342,1241,415.559186
284.728975,1228,415.883212
285.189542,1203,416.660598
284.620332,1221,417.423914
283.415281,1222,417.745284
285.974267,1194,418.505967
-110.107167,66,418.524348
285.395491,1205,420.223079
288.339072,1172,420.987927
280.453788,1279,421.786967
282.307599,1253,422.143957
284.724715,1226,422.935054
289.511424,1160,423.237719
282.271871,1269,424.027153
281.052084,1258,424.783539
280.329871,1206,425.10087
278.975938,1281,425.894694
281.226103,1236,426.214487
284.450808,1245,427.004192
-88.957774,167,427.047252
284.973133,1234,427.863749
286.756119,1216,428.183189
282.187923,1277,428.973001
287.925076,1181,429.283333
283.183774,1247,430.068566
283.429599,1244,430.826868
284.895338,1215,431.141795
21.734644,636,431.770118
272.630311,1409,433.474782
-59.043582,263,433.547255
277.572101,1236,434.336762
45.39235,700,434.524163
283.333425,1257,435.316507
133.972351,1051,435.593585
285.00625,1184,436.3637
153.475188,1229,437.12603
-24.730793,426,437.241888
99.035095,838,437.462434
285.977752,1201,438.270918
287.637138,1179,438.609142
172.941917,1148,439.375131
113.673051,954,439.627572
282.93778,1245,440.419211
-19.16184,399,440.524719
282.388387,1263,441.314924
279.314653,1326,442.094211
281.147753,1264,442.440991
284.109358,1200,443.250561
-110.234516,61,443.267613
285.586006,1178,443.57475
282.302436,1247,444.354251
132.257581,1045,444.628412
100.324252,1017,445.327217
129.327537,1037,446.957795
287.355466,1171,447.756453
286.005942,1215,448.533048
286.636687,1172,448.836341
285.752488,1222,449.611198
285.167562,1205,449.926857
287.20243,1176,450.668984
-110.951462,55,450.685029
289.363429,1153,451.439311
-113.505479,63,451.457468
-111.419088,54,451.475981
284.267676,1229,451.794689
288.686795,1141,452.567497
287.389148,1192,452.882366
-146.476253,205,452.935171
288.333645,1152,453.707709
287.818326,1150,454.460179
288.260672,1149,454.761658
-36.487827,566,454.907118
287.854441,1194,455.646597
89.716571,792,455.852496
129.743214,887,456.540158
283.077065,1244,456.866371
288.462177,1197,457.635569
286.626032,1131,458.422416
158.824917,1113,458.71483
-20.480891,388,458.818455
-12.936038,416,458.927708
-105.948276,75,459.383781
272.626915,1407,461.122569
45.781529,679,461.765873
151.005993,1069,462.042724
-48.109801,305,462.125185
285.974932,1238,462.979474
-9.595877,532,463.120068
-66.026962,256,463.188955
291.423496,1161,464.019014
139.737492,1059,464.294368
-48.498002,335,464.379174
290.89581,1163,465.162675
-31.486566,379,465.262816
3.137707,445,465.377465
291.17051,1157,466.131434
289.428675,1128,466.849425
294.247619,1096,467.130405
290.769317,1176,467.890868
22.010124,577,468.04346
284.892334,1278,468.835316
284.546861,1284,469.172529
287.548302,1195,469.976377
287.255893,1215,470.297114
290.591933,1163,471.101254
287.982095,1191,471.42145
290.588476,1185,472.204418
285.42364,1241,472.994836
288.222409,1209,474.483986
289.148528,1208,475.278451
289.253287,1176,475.591315
165.031473,1210,476.378536
293.052984,1141,477.134309
282.515275,1296,477.490011
-44.725451,281,477.566246
-5.551597,493,478.17923
34.962371,667,478.357315
291.746904,1149,478.656689
-24.990849,453,479.242664
288.4764,1207,479.562415
124.847846,995,480.255924
290.632421,1153,480.594574
291.331249,1166,481.334943
-6.882879,478,481.469472
291.18481,1163,482.333839
291.654041,1138,482.630997
291.012428,1146,483.407544
-4.763597,433,483.52297
289.522455,1155,484.323132
287.193024,1193,484.680517
286.418754,1214,485.475494
290.643176,1132,485.788701
289.684865,1175,486.581445
117.744311,907,488.256497
-107.72726,63,488.274728
177.43732,1149,489.064162
290.942674,1131,489.374982
282.566143,1259,490.222917
290.515629,1150,491.030167
288.978789,1150,491.376894
292.304816,1113,492.15126
289.467234,1162,492.460989
-20.091129,694,493.107908
19.54855,569,493.258236
285.897809,1205,494.018455
36.448497,787,494.254664
-34.452988,332,494.380406
291.043633,1137,495.178394
-112.042075,62,495.199443
62.183848,801,495.41526
55.504039,690,495.635616
74.835917,785,496.374403
-36.571401,363,496.475919
289.403072,1156,497.35613
288.194032,1162,497.676165
282.739538,1200,498.511384
284.040134,1220,498.88582
288.274133,1168,499.69015
290.140586,1134,499.989471
283.569165,1242,500.760015
286.341802,1186,503.020535
286.494714,1195,503.34719
285.788637,1195,504.217264
285.941957,1178,504.533319
47.192938,645,505.158918
287.786214,1165,505.48562
285.93895,1198,506.266296
-25.445432,357,506.378029
289.665417,1152,507.224868
288.629181,1153,507.544321
289.196587,1148,508.315946
-101.635529,81,508.338474
126.045622,948,508.649232
-9.884899,462,508.774174
139.710661,995,509.516867
291.34648,1135,509.820434
287.762985,1173,510.604796
288.602836,1172,511.434241
291.620255,1128,511.732096
284.702754,1266,512.551175
280.573771,1284,512.884739
-113.002339,51,512.898683
-87.138953,198,512.947803
285.741569,1217,513.715908
290.352531,1157,514.434898
288.972693,1188,514.741931
288.10478,1192,516.893306
288.892633,1179,517.20792
79.615381,788,517.873362
288.559698,1199,518.219836
292.007944,1132,518.967171
-110.157293,39,518.978713
285.060313,1254,519.76476
292.092678,1177,520.075951
289.611585,1181,520.859924
290.568727,1180,521.180532
284.302487,1259,521.962669
289.524841,1189,522.277717
290.44416,1175,523.050002
289.543714,1181,523.808304
290.538194,1167,524.169106
287.771278,1176,524.965825
290.924332,1151,525.273688
287.989938,1198,526.080258
94.989383,913,526.330451
287.042249,1178,527.144542
285.632514,1209,527.950626
288.688442,1177,528.275844
288.797825,1156,530.140139
289.00779,1161,530.448575
290.876371,1121,531.185959
285.785114,1222,531.510966
288.31562,1168,532.23427
286.538835,1180,533.032898
292.721245,1102,533.360622
290.553933,1152,534.14168
288.286593,1170,534.465861
292.775275,1113,535.231631
291.991785,1149,535.532393
290.399903,1169,536.296346
37.88742,643,536.46417
131.742447,922,537.121396
293.086457,1103,537.406147
289.664508,1169,538.159311
289.936683,1170,538.461629
83.181194,761,539.120534
289.141997,1171,539.422532
286.75182,1182,540.15023
291.877856,1113,540.458935
290.007609,1149,541.205126
290.447212,1153,541.547158
286.388037,1202,543.761132
290.712594,1144,544.515455
291.57093,1124,544.86748
293.622697,1109,545.664713
292.597758,1141,545.981489
293.217182,1119,546.787344
288.292465,1148,547.110892
289.200223,1128,547.912224
-110.811317,67,547.933258
292.784334,1109,548.741672
291.722982,1115,549.054593
290.703611,1146,549.852369
284.984504,1248,550.198751
288.169093,1160,551.031908
292.870571,1106,551.343154
292.215283,1109,552.139721
289.42012,1149,552.461941
-33.034651,380,553.061635
120.245757,919,553.324981
-10.221671,442,553.451683
92.200942,877,554.204449
289.827738,1150,554.530449
289.026966,1165,555.388849
288.11555,1167,555.717976
291.892078,1108,556.516648
291.309597,1137,558.772604
289.418653,1177,559.104478
292.824138,1121,559.898742
284.275747,1236,560.248921
286.405482,1207,561.095014
289.310718,1182,561.457712
287.984208,1202,562.307614
291.33317,1145,563.120852
290.729248,1145,563.443844
287.366664,1197,564.269699
292.688573,1124,564.580441
291.799011,1151,565.402519
293.560432,1104,565.718788
291.602426,1138,566.514813
290.072087,1146,566.827427
289.928533,1154,567.62602
291.341421,1135,568.405639
292.239884,1145,568.716688
107.333273,830,569.419994
290.628988,1162,569.724315
293.601017,1132,570.501816
295.604273,1126,571.942965
293.917706,1112,572.743654
294.926368,1096,573.049301
294.176871,1128,573.843263
294.357904,1122,574.132781
297.30984,1069,574.875073
291.343545,1160,575.180648
293.071564,1130,575.931129
290.140371,1153,576.651044
294.143031,1124,576.939829
292.992098,1123,577.682963
292.4248,1139,577.979792
293.049102,1151,578.702875
294.100175,1140,579.020841
293.117381,1100,579.71932
291.449936,1127,580.014695
289.387524,1176,580.769323
291.850654,1109,581.471458
-27.04246,344,581.561577
295.134637,1069,581.857042
293.14811,1100,582.560174
149.179913,978,582.809849
159.114298,995,583.511397
294.989109,1082,583.791649
285.821072,1220,585.571127
290.277722,1129,585.859852
293.947253,1106,586.558259
291.70326,1124,587.282976
286.883767,1171,587.582107
296.305797,1062,588.295673
290.248609,1148,588.589074
290.187752,1150,589.2976
293.912866,1095,589.615958
295.035094,1078,590.307238
295.095229,1100,590.591432
293.729145,1104,591.362815
290.892044,1152,591.657396
290.842174,1141,592.418817
294.174227,1104,593.125813
292.594957,1109,593.413866
292.245298,1136,594.149915
291.119179,1144,594.444549
293.99959,1112,595.167714
290.594087,1148,595.465494
290.748725,1155,596.186297
291.167689,1158,596.517507
291.233457,1154,598.463938
282.849713,1246,599.197696
288.871566,1203,599.50872
292.817798,1132,600.237964
295.315151,1104,600.524178
291.723777,1164,601.268441
291.569081,1155,601.563077
293.921258,1106,602.289136
294.469935,1106,602.572638
294.168414,1098,603.284263
295.675225,1099,604.011453
294.983584,1125,604.300204
292.134508,1125,605.005889
291.876159,1146,605.321916
293.246349,1109,606.037788
292.398193,1124,606.326668
291.695672,1141,607.064611
296.055798,1095,607.344557
292.094345,1119,608.086432
290.077287,1138,608.800463
-36.82435,323,608.883749
296.296094,1083,609.163524
292.308902,1130,609.898717
293.252945,1102,611.423244
291.012836,1148,612.167481
292.128073,1132,612.460292
296.045772,1078,613.180391
293.213853,1124,613.493234
294.916543,1111,614.202196
294.224428,1120,614.939905
289.230623,1182,615.243736
291.068572,1168,615.957796
294.090547,1110,616.266742
291.287403,1128,616.975897
293.919107,1139,617.269774
293.988099,1118,618.002064
292.277869,1144,618.292583
292.099965,1138,619.024532
292.643251,1139,619.739633
292.254366,1129,620.049719
290.180221,1159,620.764666
292.101483,1131,621.059157
294.725941,1087,621.846348
293.806792,1108,622.131791
292.043774,1130,622.907988
289.853326,1141,624.453518
291.463947,1140,625.198072
294.311845,1101,625.909705
294.940713,1092,626.212947
292.723138,1129,626.929638
289.179789,1185,627.228821
294.704303,1103,627.969114
289.842105,1165,628.269581
295.84502,1078,629.007205
292.067897,1125,629.294499
294.211824,1101,630.027579
295.827405,1082,630.35911
127.719279,915,631.095682
293.658221,1109,631.382679
298.669526,1047,632.110143
293.154785,1111,632.406663
288.711677,1165,633.158194
5.869548,481,633.28329
291.448986,1127,633.989794
292.451453,1119,634.299758
293.824646,1108,635.004816
286.191823,1190,635.30961
292.954321,1099,636.035955
294.526871,1104,637.949558
294.484969,1085,638.250675
293.64457,1137,638.992947
294.925859,1110,639.274304
293.572556,1094,639.992985
295.548283,1069,640.28396
292.144091,1129,640.995479
291.485155,1119,641.298309
294.153118,1097,641.98738
296.825803,1063,642.257082
68.867456,655,642.866269
292.321886,1102,643.145871
299.022117,1021,643.847322
297.796029,1051,644.115277
130.717292,883,644.760764
297.882597,1040,645.044704
56.083292,616,645.618704
293.993585,1071,645.893085
298.491085,1026,646.60889
290.882419,1134,646.89665
27.738828,591,647.072287
292.780246,1095,647.807102
118.978706,852,648.02739
296.098845,1062,648.718523
50.666853,598,648.872106
293.383475,1076,650.710234
294.493242,1091,650.998879
294.198083,1066,651.724003
294.292658,1067,651.994683
295.326811,1073,652.712264
293.771416,1081,652.986917
289.530943,1110,653.705942
295.076853,1069,653.998841
295.289148,1048,654.682037
292.394935,1102,654.963378
292.038104,1098,655.714816
292.426692,1080,655.991979
10.342035,455,656.536655
290.853184,1109,656.843654
-82.170137,164,656.88781
292.677523,1082,657.583954
294.484445,1060,657.857905
292.459355,1073,658.577309
291.034793,1095,658.858015
289.302246,1101,659.586459
126.499191,955,659.82845
291.133012,1074,660.522798
292.280707,1057,660.791814
291.027433,1109,661.548351
99.710738,824,661.758931
76.722262,668,663.577234
294.160697,1060,663.850503
293.407693,1073,664.569976
291.283678,1092,664.847705
292.20477,1075,665.571618
-25.999076,359,665.6649
292.318874,1101,666.368697
292.430201,1077,666.653984
289.853223,1104,667.392986
292.942644,1050,667.66823
291.863243,1092,668.432368
292.525132,1103,668.723099
292.986163,1090,669.475631
294.446114,1052,669.750529
293.48148,1045,670.438718
293.64634,1050,670.729328
292.067459,1085,671.435522
291.345405,1099,671.726701
292.963876,1072,672.463584
288.081893,1140,672.754409
292.958759,1083,673.481372
294.174646,1064,673.75976
291.958611,1063,674.463954
24.378193,542,674.624136
288.823836,1126,675.364259
293.867057,1034,676.716082
292.791632,1063,677.426492
293.496068,1057,677.724573
290.917572,1091,678.446396
292.970415,1054,678.727446
292.98784,1057,679.498111
292.525693,1056,679.77535
287.143369,1160,680.546713
294.023159,1050,680.824475
289.428949,1090,681.573034
286.929395,1128,682.300098
292.861733,1041,682.572433
165.816803,997,683.319212
291.618345,1061,683.597533
292.087876,1064,684.34301
291.184613,1074,684.625611
288.887047,1111,685.369313
291.036792,1055,685.678046
289.376631,1088,686.432761
291.363027,1063,686.717928
284.216393,1162,687.479265
287.774647,1124,687.776174
291.385696,1057,688.500729
293.97768,1029,689.972743
170.586944,968,690.681215
289.616497,1063,690.959288
287.571176,1088,691.674923
288.750237,1097,691.954939
290.652357,1053,692.645082
-107.513593,70,692.66785
286.440295,1112,693.388682
289.641843,1050,693.656266
284.185165,1113,694.414164
282.860991,1167,694.708986
290.002772,1058,695.41878
-126.722717,100,695.462796
-31.705624,293,695.553409
-30.018652,416,695.666632
282.941167,1144,696.440542
289.094701,1058,696.707799
292.962711,1015,697.428717
290.905974,1057,697.699456
-19.014034,347,697.789256
287.337898,1093,698.492947
-128.272189,221,698.550688
285.571273,1115,698.854038
-125.597868,116,699.303799
286.123989,1120,699.585737
157.380071,1109,700.309225
292.155363,1022,700.565718
289.203743,1080,701.261205
288.753076,1084,701.534055
60.007055,709,702.902602
-103.728543,73,702.924704
-112.32909,63,702.94333
287.39022,1106,703.219548
4.96709,532,703.356309
-68.619085,197,703.851139
-119.916269,88,703.87418
-57.16009,220,703.932442
-116.545416,80,703.953372
287.394409,1103,704.23153
153.619195,1047,704.909965
288.539792,1095,705.209266
-32.623693,321,705.292618
145.236199,904,705.938453
295.035824,1011,706.191757
85.996037,749,706.825479
-38.602547,326,706.909493
-29.909424,327,706.992604
285.926862,1144,707.720403
-22.743056,376,707.816129
-52.108872,301,707.893501
287.289825,1097,708.169796
130.677954,897,708.813807
159.32443,1003,709.084462
290.314759,1051,709.771179
153.355486,959,710.009503
289.795402,1085,710.733738
291.607828,1060,711.005755
291.235447,1085,711.698192
-28.202766,320,711.776556
288.224906,1107,712.49859
293.514064,1054,712.762144
286.570052,1141,713.489045
289.620104,1088,713.764102
294.162038,1036,715.5743
-111.678262,65,715.591657
-121.191949,134,715.62478
293.953319,1042,715.888334
-49.734432,310,716.418885
287.77397,1115,716.696697
289.259417,1076,717.384191
290.577672,1052,717.645127
292.240359,1063,718.352827
-113.664022,62,718.369265
-115.328581,64,718.385825
-61.389297,203,718.439914
143.393522,884,718.661744
289.814125,1077,719.372273
19.511783,482,719.496114
293.890298,1028,719.751185
20.85435,565,720.30809
290.500445,1077,720.603749
290.446297,1073,721.285382
-74.324495,174,721.33267
-120.077032,97,721.357404
47.6663,565,721.498316
-105.695523,57,721.516156
59.52461,626,722.117302
293.285239,1013,722.373283
293.376146,1038,723.078224
66.941555,603,723.231511
-115.343013,66,723.249286
-126.906849,100,723.274416
295.229863,1030,723.529849
-117.707096,103,723.559544
133.176585,913,724.208587
-127.508914,113,724.237069
-106.412422,102,724.262865
296.140718,1025,724.957702
184.68104,1033,725.215684
291.849399,1060,725.927754
140.758566,911,726.15538
41.415309,562,726.297009
-48.996018,266,726.368763
-38.669286,301,726.866193
293.413579,1052,728.295705
294.572447,1026,729.000868
288.401698,1099,729.275234
17.241744,468,729.393305
293.250628,1052,730.10323
285.804214,1157,730.396196
291.225882,1085,731.088217
288.904379,1119,731.371135
-20.875646,418,731.92797
290.782509,1086,732.202363
-24.068877,364,732.292814
292.365647,1063,732.981238
290.535482,1093,733.277628
290.861865,1084,733.968862
292.706436,1053,734.234351
290.401664,1103,734.953079
-45.97785,252,735.019662
288.201563,1133,735.719766
288.187345,1125,736.023784
295.69394,1027,736.70365
288.536526,1117,736.98139
292.411618,1064,737.691564
291.034572,1080,737.962711
293.031714,1060,738.64667
291.389024,1084,738.940069
289.059237,1105,740.851171
289.628547,1124,741.136753
291.037862,1066,741.846666
294.787294,1042,742.525349
293.725692,1068,742.817384
292.988708,1078,743.503336
294.201896,1056,743.766741
295.396708,1044,744.487684
289.060427,1127,744.766936
292.478044,1062,745.456627
-17.296771,361,745.570665
-96.213615,118,745.601333
-18.415605,336,745.688985
131.010626,871,745.909423
295.09533,1032,746.615641
-45.908165,299,746.68931
295.613791,1047,747.40255
-28.304711,324,747.487066
291.461077,1098,747.762809
162.370112,974,748.453367
293.790597,1058,748.717278
292.355402,1080,749.409289
292.108812,1072,749.677065
292.931995,1069,750.395661
50.704289,630,750.557268
293.769713,1042,751.274882
294.289015,1050,751.553973
292.866515,1050,752.252983
105.818892,775,753.63252
62.079586,617,753.79066
292.329789,1070,754.51025
99.765393,793,754.713827
290.001864,1094,755.437405
293.59347,1045,755.703078
292.341944,1077,756.403634
285.17488,1163,756.69423
294.711708,1033,757.409627
293.561616,1054,757.686535
294.063061,1053,758.403142
293.91406,1045,759.104269
293.748841,1033,759.364503
38.159883,545,759.522903
69.578068,634,760.104789
294.128056,1041,760.368358
294.392174,1058,761.073711
-106.471154,59,761.092912
292.990003,1055,761.357801
292.289148,1080,762.085112
295.90903,1019,762.340505
294.941083,1029,763.023156
14.320272,483,763.15572
291.563324,1076,763.468368
294.673187,1044,764.2687
-104.984539,79,764.295321
-22.806433,333,764.38447
291.123842,1077,765.212976
292.835734,1078,765.503264
294.793014,1031,767.525702
296.780934,1034,767.79027
292.105811,1100,768.531901
-82.518391,125,768.56758
294.194189,1066,768.835477
293.673792,1056,769.606591
293.421358,1060,769.87553
294.144528,1037,770.666561
293.645595,1048,770.952265
293.738992,1050,771.653092
295.576884,1042,771.925223
293.293048,1048,772.663315
114.566796,796,772.875925
293.09641,1055,773.644388
294.259864,1042,773.92497
294.086171,1037,774.704903
293.565347,1038,775.139384
292.635619,1062,775.896649
110.794542,801,776.120481
-112.157694,67,776.140101
294.085615,1032,776.865408
293.000812,1069,777.183144
294.353989,1060,777.943965
293.501384,1070,778.230279
292.860649,1070,778.9568
-111.511139,68,778.978008
-108.709582,60,778.995995
176.167486,1008,779.270819
-108.934377,50,779.285606
294.196998,1040,781.226363
-114.48613,123,781.258237
286.622034,1162,782.021327
293.677285,1055,782.308953
-110.20203,77,782.330515
292.397111,1086,783.089981
293.332882,1072,783.383146
296.341005,1051,784.141274
294.564542,1056,784.428968
-105.994832,57,784.446251
7.841199,445,784.566649
296.643212,1040,785.317733
296.681786,1026,785.59359
293.635119,1067,786.340539
-44.669747,285,786.419818
292.417791,1094,787.17098
295.951736,1056,787.449329
293.612816,1069,788.200729
164.488013,1007,788.47161
291.993171,1099,789.230724
292.548654,1080,789.523253
290.622545,1117,790.298014
293.107352,1067,790.585334
293.491862,1057,791.358353
291.684118,1101,791.652383
80.584143,693,792.297136
294.466082,1072,792.584658
290.38969,1105,794.573956
292.027008,1087,794.895146
292.238255,1086,795.623849
292.224479,1108,795.947382
290.68069,1128,796.712284
292.575559,1097,797.001972
294.20967,1090,797.756325
81.083704,720,797.96364
294.322313,1067,798.716546
295.442412,1067,799.002423
295.324001,1059,799.755478
296.438875,1064,800.04071
295.03082,1065,800.794944
293.247473,1103,801.564456
295.141825,1073,801.854128
282.834002,1245,802.650093
294.732786,1065,802.934075
295.27711,1044,803.674262
294.459699,1070,803.960321
295.79995,1053,804.71363
292.855062,1079,805.03016
295.459065,1062,805.791098
294.138962,1076,806.076278
294.147458,1066,806.819991
292.894409,1099,808.325623
-108.439239,90,808.354298
293.443509,1078,809.104801
297.943511,1020,809.378418
-114.581324,75,809.402883
296.273891,1045,810.160203
295.967963,1057,810.443972
295.924096,1058,811.194233
297.306327,1029,811.470441
7.345651,475,812.091679
294.579573,1076,812.379287
292.776676,1098,813.146739
94.610382,810,813.362308
295.730283,1046,814.105775
296.650904,1058,814.386371
295.491316,1062,815.135104
297.756892,1037,815.410102
291.085755,1137,816.172781
296.893679,1057,816.456316
294.777709,1081,817.209741
297.098137,1056,817.495918
292.372289,1126,818.32227
296.709502,1040,818.596136
297.781343,1039,819.332358
298.254123,1034,819.609133
294.332337,1087,820.393676
296.461248,1064,821.939363
294.230959,1089,822.667121
296.908988,1060,823.422171
299.095622,1041,823.724914
295.409945,1066,824.499475
297.232436,1081,824.788398
295.81063,1092,825.570818
291.94468,1149,825.883415
295.873616,1091,826.646777
293.992613,1097,826.948033
-113.862338,77,826.969673
295.698641,1086,827.765333
295.241117,1109,828.066033
295.538477,1097,828.851673
296.092448,1082,829.169361
296.888085,1064,829.96474
293.215737,1109,830.264712
293.61446,1119,831.031143
295.410867,1091,831.802661
292.903815,1147,832.113393
297.505988,1069,832.880312
294.968713,1101,833.191703
296.899453,1051,833.951141
295.432094,1098,834.319952
295.900617,1094,836.34472
297.169532,1092,836.647102
296.79354,1083,837.435332
294.171887,1107,837.735848
297.817589,1061,838.498952
295.309609,1093,838.798946
296.10694,1087,839.584351
294.072249,1119,839.882837
296.185506,1097,840.682766
294.756413,1111,841.459722
297.315465,1066,841.750891
295.712582,1081,842.524846
297.480584,1080,842.819854
297.673041,1063,843.585017
295.484653,1077,843.875066
296.417057,1066,844.641963
296.354898,1068,844.940153
295.080691,1094,845.707259
296.97335,1063,845.988735
295.72832,1074,846.745812
295.387018,1102,847.042538
296.540801,1062,847.795456
48.124456,589,847.955905
298.551633,1043,849.904934
290.999897,1128,850.238479
295.841676,1074,850.988333
297.437504,1041,851.301377
297.080727,1046,852.060104
295.555921,1076,852.351785
296.829102,1046,853.094995
104.316528,775,853.301561
296.660694,1033,854.042441
298.08045,1027,854.314632
178.511494,1124,855.096996
-2.115216,431,855.214949
298.428141,1030,855.487511
298.841823,1027,856.231879
297.901103,1036,856.508216
10.576475,493,857.108027
297.368607,1038,857.382915
297.98954,1049,858.129248
296.607063,1042,858.406783
293.709963,1080,859.189569
90.28985,719,859.385909
297.71866,1037,860.132539
295.802972,1052,860.410782
296.678603,1053,861.168432
297.053708,1032,861.442979
295.456732,1055,862.185444
296.268746,1051,863.623287
296.915315,1046,864.36317
294.346323,1092,864.654057
296.801967,1049,865.400018
298.784155,1035,865.676738
297.008076,1031,866.414756
298.361426,1026,866.701172
37.616344,584,867.322391
294.914898,1083,867.609878
141.834149,890,867.843325
294.46881,1070,868.599229
296.028183,1054,869.340401
-18.066876,352,869.438501
299.471822,1005,869.710367
296.995552,1042,870.452941
78.66437,787,870.662451
297.155336,1046,871.405377
13.130127,500,871.539019
295.544777,1083,871.826946
296.139582,1047,872.576021
298.061797,1032,872.856189
297.738502,1050,873.597133
295.098041,1051,873.872995
291.950182,1116,874.650843
293.819609,1087,874.942526
299.713087,1006,875.684452
292.685715,1106,877.044606
295.664756,1055,877.794808
296.181669,1040,878.534661
295.621431,1054,878.818285
109.890374,803,879.030866
292.450393,1098,879.791864
299.570005,1003,880.062057
298.602124,1032,880.818261
293.678485,1080,881.10597
-16.297721,370,881.718137
-117.061712,115,881.752272
117.998102,796,881.963448
297.283222,1038,882.705386
299.302893,1021,882.974197
296.553418,1016,883.709573
294.905881,1039,883.988264
13.779595,435,884.103849
295.22735,1047,884.892904
298.79529,1005,885.187825
-120.520428,118,885.218785
-68.200129,195,885.27431
298.644327,1019,886.010855
38.505718,570,886.16162
297.40485,1014,886.897427
298.429768,1005,887.166009
292.31803,1100,887.926034
297.81489,1028,888.200939
296.560987,1031,888.941333
293.235016,1071,890.432572
24.887617,504,891.048666
296.160573,1023,891.337705
294.682358,1038,892.122583
71.744537,671,892.303196
-102.123963,139,892.339762
296.012315,1038,892.619243
300.353423,987,893.351651
288.329734,1148,894.121142
296.719747,1014,894.393878
296.603601,1026,894.669232
297.54501,1010,895.421474
-112.465298,87,895.445306
294.447469,1058,896.208547
298.348262,1013,896.477844
37.380407,506,896.617017
-104.7623,58,896.638727
67.92879,629,897.287678
-57.178636,230,897.348327
300.392031,974,897.610098
182.64815,998,898.360255
299.851428,1011,898.634799
-109.290655,100,898.665653
298.124497,1023,899.416426
296.131961,1056,899.692803
297.491634,1027,900.458113
295.45897,1051,900.741346
-3.594775,406,900.850704
296.574645,1043,901.598164
297.579319,1035,901.880003
296.47667,1023,902.629522
297.879965,1012,904.075843
296.423058,1019,904.814264
297.529997,1002,905.081141
294.261441,1052,905.8308
296.741964,1013,906.103326
295.672587,1025,906.838873
296.288905,1012,907.10586
296.1114,1023,907.854029
295.622203,1028,908.135952
294.543258,1040,908.891874
295.739142,1024,909.16495
-105.140648,100,909.658397
293.909463,1039,909.935174
292.629005,1057,910.699074
294.711448,1056,910.985966
292.575024,1073,911.738425
294.663924,1060,912.020146
-107.935589,104,912.052685
296.038397,1029,912.806099
291.841457,1092,913.099542
295.280909,1025,913.836758
-106.319877,146,913.878606
295.957723,1029,914.152035
293.424602,1068,914.945371
295.49045,1045,915.22477
294.396085,1066,915.975486
295.607147,1038,916.253231
295.734195,1073,918.205135
295.243078,1062,918.484722
-43.269644,298,919.042595
294.128559,1076,919.329955
297.151094,1028,920.073575
296.09638,1067,920.359394
295.386762,1045,921.118783
295.209246,1068,921.404494
294.692491,1077,922.159569
296.038701,1048,922.436581
295.407856,1049,923.197262
295.518913,1054,923.476793
-112.222063,139,923.515472
-103.680513,135,923.55152
295.789074,1041,924.295896
296.83701,1048,924.587248
296.701834,1031,925.331232
297.295745,1005,925.59728
293.923656,1078,926.35588
296.220151,1039,926.634622
296.712298,1038,927.393695
297.939761,1034,927.690332
299.074402,1033,928.425849
295.965726,1063,928.708871
297.672207,1042,929.46152
295.702814,1055,929.74234
295.855754,1056,931.639553
-105.306924,63,931.65761
299.213901,1000,931.922804
300.337154,985,932.670548
298.547051,1021,932.936643
300.154248,1013,933.672104
297.513108,1037,933.948992
299.028924,1002,934.691646
297.664931,1032,934.962571
296.544432,1010,935.697333
298.094264,1011,935.964061
300.945301,977,936.686495
298.806393,1031,936.959178
302.145361,972,937.688127
294.202006,1058,937.964629
295.299779,1056,938.707219
299.374507,1008,938.976189
301.212052,985,939.703579
299.438899,989,939.978568
299.097221,989,940.708566
14.694708,473,940.835416
300.017876,996,941.563344
295.249603,1036,941.840873
298.94259,1000,942.571483
296.279665,1025,942.841124
298.740613,1005,943.574861
297.79291,1014,944.975799
297.632144,1011,945.701298
297.213358,1017,945.967812
299.209284,1003,946.694042
165.263551,979,946.956563
291.278864,1021,947.236565
295.753192,1024,947.966087
295.93373,1022,948.237514
35.8637,528,948.838715
185.591852,1004,949.102803
-15.479742,315,949.187461
301.279015,962,949.893877
296.681452,1005,950.161736
55.903213,565,950.775946
23.649181,468,950.902465
186.356216,963,951.162072
139.98634,830,951.849901
14.061659,487,951.980487
296.989209,1001,952.249271
301.649463,967,952.963254
299.391608,984,953.226473
300.524421,966,953.95201
303.07217,951,954.204943
302.163881,956,954.946297
115.963414,757,955.148952
298.629187,980,955.875601
297.71077,1001,956.143054
299.188001,968,956.874159
301.318384,950,957.130487
299.243359,973,959.018143
297.739693,989,959.282026
59.453804,565,959.43106
298.946632,962,960.157372
295.216556,1032,960.432501
61.2193,623,961.062796
297.40426,995,961.340689
298.394913,977,962.064163
38.005968,509,962.201395
296.476635,984,962.460126
296.472758,1022,963.193265
13.85258,457,963.314379
299.782318,968,963.569235
299.835866,970,964.291524
-102.415378,63,964.309257
297.158117,982,964.574416
300.529098,973,965.306219
299.690833,973,965.562663
46.208944,504,966.163894
292.836145,1053,966.442308
297.777909,981,967.167616
299.303327,979,967.424311
299.186267,972,968.150489
297.27903,983,968.425617
299.574921,982,969.153031
299.184176,975,969.410406
297.262902,997,970.13227
293.126665,1033,970.406118
44.609543,534,970.551837
299.742053,967,972.419224
298.438462,997,972.684365
299.161192,971,973.409647
299.113937,977,973.669224
299.053077,997,974.407047
-34.537814,299,974.488954
295.490881,1038,974.759078
300.200227,964,975.47881
-95.06312,86,975.502536
297.328348,989,975.781163
125.011627,788,976.453314
-91.825864,98,976.483179
298.787646,966,976.738751
298.492174,990,977.46748
298.944525,974,977.725264
-105.876417,88,977.752869
-101.431731,80,977.775197
296.671094,1014,978.510821
300.351724,979,978.768797
299.373009,984,979.496288
300.481192,957,979.747954
296.349532,1027,980.489424
293.540456,1044,980.775791
294.384075,1043,981.515277
61.107248,581,981.671379
297.161217,992,981.933139
100.833029,785,982.623027
299.097152,984,982.882527
298.436166,982,983.60466
295.116974,1024,983.873473
298.136553,971,985.610778
296.950696,993,985.872399
296.733272,1012,986.60359
134.959592,846,986.827432
-103.420543,64,986.848762
299.222712,974,987.569617
295.364936,1015,987.838267
296.5741,999,988.570457
166.892917,948,988.822425
298.086206,987,989.568284
294.329705,1020,989.84071
-0.551989,388,989.94503
191.481861,976,990.693373
294.171553,1039,990.965387
299.031901,941,991.681218
295.954471,1014,991.95293
298.051618,970,992.672202
145.785209,835,992.893559
297.795228,987,993.614522
64.569255,582,993.771523
296.762207,977,994.028738
295.44752,991,994.757202
293.650041,1015,995.023083
29.465431,495,995.618817
151.823695,825,995.839919
296.412878,989,996.105311
163.895144,919,996.827818
292.644672,1037,997.105563
297.464838,978,998.932382
-8.626946,366,999.031507
129.801668,799,999.243422
38.999343,489,999.835843
296.6237,988,1000.096694
289.703905,1057,1000.84641
295.683927,999,1001.116552
294.605621,1001,1001.847414
293.872119,1008,1002.115369
296.346059,967,1002.840398
292.206234,1024,1003.115024
296.718174,948,1003.853035
294.366925,984,1004.114315
292.933814,1005,1004.850236
108.33145,747,1005.050462
295.938454,963,1005.303765
296.1286,979,1006.03271
296.597575,970,1006.290983
-105.405236,57,1006.307816
291.995244,997,1007.034865
16.15478,443,1007.15647
135.882712,828,1007.842036
-105.335953,47,1007.856204
296.669048,952,1008.112146
-14.953933,350,1008.203378
295.428093,972,1008.927946
297.163274,951,1009.180155
294.876835,977,1009.910219
292.742479,997,1010.178105
294.372712,1007,1010.926582
293.817293,982,1012.306943
294.461923,988,1013.040282
296.078819,968,1013.297114
291.681018,1009,1014.052354
294.821912,986,1014.315784
296.752692,964,1014.571901
290.686292,1024,1015.307848
295.07433,993,1015.576915
-105.268624,125,1016.08673
-106.943223,64,1016.104436
294.268862,991,1016.403983
295.104069,1004,1017.138191
294.270368,1002,1017.403907
297.321973,970,1017.659165
-103.741023,64,1018.149283
297.680038,960,1018.420234
297.055339,982,1018.677232
294.844154,1009,1019.422196
299.036883,948,1019.671167
295.987451,982,1020.397353
287.78268,1092,1020.685644
164.879474,926,1021.396128
297.559129,973,1021.651139
295.158863,978,1022.372748
297.81842,966,1022.627118
295.830043,989,1023.362062
156.876926,859,1023.58801
-115.811191,65,1023.608925
298.3596,950,1024.321385
70.463563,617,1024.486694
296.440201,969,1025.852393
296.846217,970,1026.57591
-110.036291,125,1026.608503
297.00463,977,1026.864978
293.29927,1006,1027.602843
161.655758,881,1027.833617
292.706723,1013,1028.565456
293.863234,991,1028.828654
290.842973,1030,1029.568493
297.492813,943,1029.816315
291.043258,1045,1030.559365
295.719956,980,1030.822653
289.527099,1050,1031.593162
291.85841,1026,1031.860562
294.23273,991,1032.588127
294.137816,989,1032.851276
296.971963,974,1033.588592
293.823,996,1033.852385
293.425416,1002,1034.589011
75.452528,628,1034.757496
152.858954,863,1034.984859
137.136073,840,1035.671771
294.832183,986,1035.936406
296.802996,981,1036.657253
294.917479,979,1036.916839
296.563069,974,1037.639624
296.065106,980,1037.900785
291.521067,1018,1039.830186
295.795112,980,1040.090244
-95.693305,121,1040.122245
295.541116,968,1040.84482
296.757199,952,1041.105754
294.899623,990,1041.859827
-104.511511,62,1041.877108
-5.26376,410,1041.988266
295.085879,973,1042.244253
294.864722,978,1042.971236
295.718688,978,1043.231939
296.909257,973,1043.961759
296.191356,967,1044.221431
123.768294,748,1044.891169
293.795061,986,1045.155198
-102.776707,168,1045.199095
294.357825,994,1045.928519
297.917715,945,1046.178045
295.549653,978,1046.901954
291.09554,1036,1047.17353
-113.433749,113,1047.207328
296.435695,960,1047.927435
296.070397,967,1048.182356
293.882052,995,1048.919438
296.112361,972,1049.175641
294.742698,979,1049.908513
-33.828375,268,1049.982268
155.349949,851,1050.206731
291.910964,1015,1050.944141
296.141769,965,1051.197782
295.353972,987,1051.924399
289.504751,1071,1053.301385
291.80192,1007,1054.034418
174.745069,1001,1054.297894
293.955674,994,1055.032348
-109.655977,85,1055.056164
293.808716,1005,1055.324907
294.04154,999,1056.059188
293.252006,993,1056.322492
294.995016,971,1057.059866
294.270395,986,1057.324295
-110.296703,124,1057.357004
293.240185,992,1058.085293
295.383586,978,1058.344745
293.752739,974,1059.060436
293.846462,989,1059.32582
287.19084,1055,1060.0669
295.048377,974,1060.322615
187.005436,1020,1061.060725
295.498132,982,1061.322997
-22.67527,368,1061.418002
295.931058,961,1062.13882
294.856998,963,1062.395948
293.006867,992,1063.127405
294.922783,969,1063.385284
-12.639021,329,1063.474101
294.501738,968,1064.21672
31.272219,507,1064.352514
292.228659,999,1064.618172
295.77102,971,1066.500704
-43.83171,250,1066.570282
294.144409,977,1067.296609
293.416503,976,1067.555045
293.911422,981,1068.283045
291.386845,986,1068.544435
288.611053,1061,1069.291115
292.823517,988,1069.555757
-100.250957,99,1069.582617
294.084527,967,1070.328631
-89.441836,202,1070.386976
294.758577,978,1070.649868
293.882279,975,1071.356156
294.058251,978,1071.610657
294.532413,963,1072.350217
293.649921,992,1072.618689
293.975391,984,1072.879807
290.075506,1029,1073.620004
-106.585276,127,1073.656193
291.976985,1013,1074.383973
291.759731,1019,1074.656198
159.538104,901,1074.894258
295.039208,982,1075.615678
295.138653,963,1075.869829
293.067334,1008,1076.603156
-13.431708,360,1076.701006
294.450717,983,1077.434354
294.351872,993,1077.699357
296.375166,965,1078.415112
295.120492,996,1078.680824
