#{"t_start": 1765918546.2607453, "env_id": "Reacher-v4"}
r,l,t
-62.183695,50,0.972382
-67.150853,50,1.041177
-59.052495,50,1.102375
-65.11257,50,1.168074
-72.760857,50,1.228739
-52.143334,50,1.295198
-64.366789,50,1.358443
-55.763421,50,1.426128
-65.089459,50,1.496444
-65.965062,50,1.554661
-66.699611,50,1.624464
-69.525022,50,1.698932
-60.623597,50,1.76255
-58.48862,50,1.827393
-60.012448,50,1.896886
-56.864027,50,1.969672
-61.511078,50,2.036053
-61.709778,50,2.102499
-66.384075,50,2.172659
-66.415973,50,2.239612
-55.894459,50,2.306519
-56.00275,50,2.370066
-64.996028,50,2.439501
-63.538588,50,2.496355
-63.15704,50,2.564965
-61.263822,50,2.631217
-57.662982,50,2.704
-58.612944,50,2.765953
-51.368717,50,2.838122
-64.872114,50,2.909407
-59.212148,50,2.97902
-59.838688,50,3.052308
-53.618854,50,3.123667
-55.001394,50,3.195051
-69.233655,50,3.259169
-57.58079,50,3.32832
-54.275194,50,3.389655
-61.738049,50,3.45917
-58.181965,50,3.524414
-63.644348,50,3.588525
-62.366526,50,4.609639
-63.310509,50,4.681742
-51.729533,50,4.750134
-72.070181,50,4.815546
-66.411663,50,4.883296
-61.799878,50,4.958588
-60.11507,50,5.027326
-56.584063,50,5.089751
-60.845543,50,5.153814
-67.185683,50,5.21237
-56.870452,50,5.27644
-62.207919,50,5.344199
-63.662256,50,5.409189
-58.060778,50,5.473525
-62.757328,50,5.539302
-57.914063,50,5.598171
-62.932224,50,5.67014
-61.223926,50,5.735551
-57.791085,50,5.809171
-64.491152,50,5.869111
-69.495302,50,5.932516
-55.733416,50,6.004431
-68.618556,50,6.066609
-61.136439,50,6.132909
-62.709204,50,6.203056
-69.338563,50,6.262843
-56.298175,50,6.333235
-62.708658,50,6.403154
-70.504882,50,6.473082
-63.928033,50,6.544381
-61.094008,50,6.616494
-53.496447,50,6.668305
-63.266983,50,6.725792
-61.970656,50,6.790449
-59.74537,50,6.851245
-64.901191,50,6.922716
-58.398225,50,6.990726
-53.149031,50,7.056124
-64.490556,50,7.118157
-63.95032,50,7.184596
-63.74649,50,7.253292
-58.284652,50,8.159955
-53.238351,50,8.236239
-49.095069,50,8.307261
-46.809968,50,8.375209
-52.123313,50,8.448344
-67.755772,50,8.516086
-60.557455,50,8.591845
-56.816104,50,8.666048
-58.091567,50,8.735889
-57.709496,50,8.810554
-58.767935,50,8.883522
-54.163856,50,8.959751
-65.526921,50,9.033866
-58.603342,50,9.09894
-59.925708,50,9.171556
-59.286991,50,9.241511
-60.446095,50,9.308324
-60.302936,50,9.369407
-61.569523,50,9.43105
-59.009697,50,9.504869
-66.331539,50,9.571946
-50.986777,50,9.631604
-53.030601,50,9.697206
-54.181234,50,9.768882
-68.511845,50,9.828488
-60.817985,50,9.901767
-56.853397,50,9.968353
-58.904275,50,10.037509
-60.082549,50,10.104732
-56.071266,50,10.168716
-58.327064,50,10.235405
-62.815605,50,10.303812
-58.179184,50,10.372882
-53.345051,50,10.437135
-54.282534,50,10.504092
-61.111932,50,10.570176
-60.155416,50,10.628343
-48.674103,50,10.699536
-61.095918,50,10.762038
-56.476532,50,10.825255
-58.534809,50,10.890967
-60.630557,50,11.804067
-55.730168,50,11.879732
-53.10081,50,11.956227
-58.171811,50,12.02487
-59.002826,50,12.099472
-55.152465,50,12.174254
-43.289393,50,12.245146
-54.819543,50,12.315107
-56.278916,50,12.381447
-49.438709,50,12.450908
-62.982852,50,12.520105
-50.083509,50,12.584146
-56.933809,50,12.648946
-56.828533,50,12.712708
-51.099457,50,12.775705
-55.692119,50,12.84026
-58.110416,50,12.905977
-51.313126,50,12.966707
-52.372551,50,13.032594
-50.366901,50,13.103887
-54.159413,50,13.166342
-60.943238,50,13.229178
-47.782922,50,13.302528
-58.05738,50,13.365114
-47.014074,50,13.442941
-55.692598,50,13.513983
-52.554143,50,13.579875
-51.980691,50,13.649224
-50.516007,50,13.713562
-59.770308,50,13.788821
-58.256333,50,13.859889
-53.905719,50,13.920016
-49.979418,50,13.988912
-66.43255,50,14.054298
-57.986767,50,14.11898
-55.710788,50,14.183737
-55.975927,50,14.251801
-55.355154,50,14.323472
-53.625132,50,14.395955
-67.132558,50,14.466178
-56.653278,50,14.534705
-52.817627,50,15.432527
-54.55484,50,15.507963
-51.924059,50,15.578107
-56.874346,50,15.653615
-55.3775,50,15.728065
-57.424562,50,15.799419
-53.019299,50,15.86918
-57.218719,50,15.938802
-49.945458,50,15.995903
-59.344417,50,16.067881
-49.388728,50,16.13429
-48.354801,50,16.196795
-55.050751,50,16.266399
-54.324491,50,16.334025
-52.732566,50,16.39925
-51.578011,50,16.474173
-51.726778,50,16.544198
-60.839335,50,16.612853
-51.073335,50,16.682233
-48.432575,50,16.749471
-54.784568,50,16.816104
-48.004798,50,16.879678
-52.368291,50,16.951299
-48.527921,50,17.0104
-55.135191,50,17.073697
-54.217377,50,17.142653
-52.908648,50,17.205009
-51.572081,50,17.272402
-55.610186,50,17.344314
-55.32066,50,17.404114
-51.626663,50,17.477701
-43.759928,50,17.545421
-51.60049,50,17.616111
-48.37092,50,17.683171
-56.40151,50,17.743679
-46.197598,50,17.812244
-47.707229,50,17.883928
-52.958321,50,17.956033
-55.549047,50,18.017099
-50.847034,50,18.087041
-58.154663,50,18.158799
-51.366297,50,19.06256
-47.539097,50,19.13276
-45.657789,50,19.205334
-52.626445,50,19.275152
-54.062031,50,19.34515
-51.96989,50,19.416592
-51.607655,50,19.487291
-51.551343,50,19.548106
-40.296574,50,19.614098
-53.556253,50,19.684355
-51.780054,50,19.749692
-58.378711,50,19.813491
-44.964977,50,19.875015
-36.597069,50,19.935697
-57.062258,50,20.004947
-48.950017,50,20.073654
-46.582648,50,20.1389
-45.897953,50,20.209027
-52.687448,50,20.277026
-56.650866,50,20.33695
-43.261874,50,20.399548
-55.161848,50,20.468922
-50.526033,50,20.531475
-54.604576,50,20.602662
-42.104661,50,20.674131
-46.91863,50,20.741076
-47.104803,50,20.806853
-50.49475,50,20.868929
-54.901065,50,20.935559
-49.228923,50,20.99729
-55.793485,50,21.068721
-56.252725,50,21.133379
-50.7164,50,21.201867
-45.954353,50,21.263005
-55.21989,50,21.327656
-49.304498,50,21.386706
-49.076001,50,21.450835
-49.747737,50,21.515887
-46.080261,50,21.581375
-46.613888,50,21.653987
-54.751671,50,21.723863
-43.326822,50,22.628946
-45.628154,50,22.70815
-45.803475,50,22.783669
-52.657536,50,22.860145
-42.614535,50,22.932407
-40.840616,50,23.000195
-55.621431,50,23.073871
-40.33938,50,23.144347
-47.03006,50,23.215168
-53.180451,50,23.282067
-43.403948,50,23.350144
-46.686134,50,23.414449
-44.070584,50,23.487168
-44.475099,50,23.549874
-42.94729,50,23.614298
-50.136518,50,23.689885
-42.963772,50,23.75199
-51.677145,50,23.81635
-51.32665,50,23.888206
-53.704088,50,23.963187
-48.495382,50,24.024262
-44.319453,50,24.088023
-48.90947,50,24.160165
-44.813886,50,24.229295
-43.209429,50,24.298638
-43.800893,50,24.369779
-43.400484,50,24.440552
-54.30032,50,24.508645
-52.273079,50,24.573156
-42.020055,50,24.647091
-45.54921,50,24.718683
-41.25906,50,24.787213
-44.157698,50,24.851246
-49.459892,50,24.911752
-54.47677,50,24.980147
-49.176415,50,25.043232
-45.184703,50,25.109275
-40.035254,50,25.17093
-50.402776,50,25.238322
-49.760099,50,25.299972
-53.025621,50,25.365844
-48.481892,50,26.252664
-44.343609,50,26.326763
-47.779192,50,26.404181
-41.657806,50,26.473089
-42.513988,50,26.544486
-44.840593,50,26.613393
-49.434121,50,26.685642
-44.386161,50,26.745785
-51.785998,50,26.818067
-44.178058,50,26.883123
-56.582997,50,26.953437
-41.732779,50,27.022348
-45.125455,50,27.094986
-43.964993,50,27.162591
-53.173961,50,27.22953
-46.832365,50,27.291318
-43.752746,50,27.356947
-42.63947,50,27.419672
-41.356291,50,27.485294
-37.569389,50,27.555884
-52.129665,50,27.617299
-52.387517,50,27.685355
-41.173548,50,27.747588
-39.888402,50,27.811783
-42.530666,50,27.883271
-45.481627,50,27.953464
-41.795437,50,28.019539
-45.910053,50,28.085213
-40.025606,50,28.153045
-45.5199,50,28.219024
-47.345727,50,28.285965
-41.568966,50,28.354981
-42.925649,50,28.422263
-47.616183,50,28.489135
-46.484152,50,28.552102
-44.778302,50,28.614001
-41.72349,50,28.688545
-42.093257,50,28.752331
-53.382688,50,28.818251
-43.176395,50,28.880828
-35.532044,50,28.93828
-46.946591,50,29.856272
-40.778368,50,29.927425
-42.255071,50,29.997462
-49.694943,50,30.067263
-47.018949,50,30.142358
-44.984881,50,30.21397
-29.643315,50,30.288613
-42.869939,50,30.365635
-53.813359,50,30.429005
-35.975264,50,30.496931
-38.213436,50,30.569068
-37.889969,50,30.638478
-47.099731,50,30.702464
-44.582311,50,30.770161
-48.182389,50,30.833139
-37.579471,50,30.901772
-46.809832,50,30.967473
-42.940335,50,31.037226
-48.545367,50,31.111478
-44.747808,50,31.181697
-39.207362,50,31.239438
-46.302573,50,31.308131
-40.693269,50,31.376299
-40.081519,50,31.442519
-36.776821,50,31.517718
-43.197742,50,31.588461
-50.165863,50,31.658133
-42.139971,50,31.725697
-52.172859,50,31.799733
-40.654844,50,31.871071
-44.674921,50,31.938467
-37.621091,50,32.011115
-48.898296,50,32.084868
-45.323995,50,32.152661
-46.123661,50,32.214213
-48.520999,50,32.275835
-48.937036,50,32.341319
-41.347045,50,32.410021
-40.384045,50,32.475861
-38.83274,50,32.533133
-43.533818,50,32.597055
-46.638275,50,33.488781
-39.073635,50,33.561699
-37.142476,50,33.640153
-38.385712,50,33.713463
-42.814984,50,33.790445
-37.278617,50,33.864504
-32.444486,50,33.938837
-43.996647,50,34.001292
-44.635607,50,34.073825
-42.949451,50,34.139667
-34.750863,50,34.203656
-42.004577,50,34.267502
-42.703033,50,34.335479
-40.798163,50,34.407287
-54.468456,50,34.47624
-44.284542,50,34.540774
-39.454235,50,34.610769
-42.752449,50,34.672344
-33.53861,50,34.74691
-40.426771,50,34.809828
-53.678043,50,34.876075
-39.750722,50,34.941675
-47.403427,50,35.00495
-45.001294,50,35.071858
-42.203097,50,35.145303
-41.264493,50,35.207951
-41.293793,50,35.275419
-43.043977,50,35.341275
-42.501555,50,35.414117
-43.208691,50,35.479468
-34.761703,50,35.540412
-34.816035,50,35.607232
-41.344047,50,35.66925
-45.462379,50,35.738963
-34.016672,50,35.805312
-34.010994,50,35.875972
-39.10674,50,35.938674
-45.619702,50,36.002751
-41.105556,50,36.074113
-41.066523,50,36.138594
-42.561927,50,36.205981
-38.768564,50,37.10815
-33.593827,50,37.174237
-42.625583,50,37.238992
-42.611163,50,37.304549
-33.647504,50,37.378844
-36.358214,50,37.450055
-48.157041,50,37.520003
-40.776338,50,37.59252
-42.170727,50,37.666645
-34.42509,50,37.728295
-37.479632,50,37.797544
-41.344927,50,37.859215
-37.589206,50,37.9195
-46.308543,50,37.988688
-45.939581,50,38.063323
-42.284306,50,38.12912
-31.68366,50,38.190195
-40.912624,50,38.251611
-47.422985,50,38.318595
-40.072786,50,38.385241
-38.42402,50,38.455222
-40.110757,50,38.528047
-40.067576,50,38.598275
-41.943185,50,38.664789
-40.831314,50,38.72827
-41.434434,50,38.794477
-42.5626,50,38.856659
-40.772105,50,38.925007
-35.766742,50,38.991278
-38.16985,50,39.063308
-41.08944,50,39.125847
-38.6211,50,39.200318
-49.587221,50,39.269705
-39.837454,50,39.339478
-38.701387,50,39.403624
-36.713061,50,39.46754
-36.616042,50,39.536986
-34.405103,50,39.599636
-47.28231,50,39.665967
-36.077118,50,39.726969
-42.137295,50,39.793664
-37.369381,50,40.679591
-41.454347,50,40.752659
-37.217065,50,40.820875
-33.118232,50,40.89366
-42.659765,50,40.965909
-34.912893,50,41.036056
-37.011045,50,41.10966
-38.834357,50,41.182604
-38.110188,50,41.251756
-36.497435,50,41.316407
-39.350929,50,41.384669
-37.625761,50,41.456545
-46.944641,50,41.526156
-30.605586,50,41.576711
-40.253577,50,41.649199
-37.495242,50,41.716466
-34.33205,50,41.776189
-38.913962,50,41.848676
-34.764498,50,41.920287
-29.335245,50,41.992243
-41.145254,50,42.065509
-35.000105,50,42.136953
-39.222525,50,42.207282
-43.098378,50,42.269436
-35.304616,50,42.331176
-35.567866,50,42.401703
-37.46407,50,42.468172
-37.861236,50,42.540481
-37.309519,50,42.60543
-41.99914,50,42.673239
-34.190744,50,42.736273
-42.932191,50,42.803201
-35.298073,50,42.866334
-47.797899,50,42.936624
-40.310022,50,43.001926
-38.151284,50,43.068
-35.35577,50,43.131625
-35.64491,50,43.204246
-26.864959,50,43.269593
-36.517772,50,43.33946
-40.050207,50,43.404812
-34.873203,50,44.344377
-39.182724,50,44.420548
-28.427062,50,44.494883
-32.959056,50,44.560876
-36.062491,50,44.633855
-31.86247,50,44.703717
-35.224021,50,44.777549
-31.304768,50,44.841773
-24.675379,50,44.908007
-32.899855,50,44.972139
-39.957309,50,45.034409
-29.343509,50,45.098412
-37.75926,50,45.165269
-32.571949,50,45.229451
-35.919685,50,45.300945
-42.342679,50,45.373498
-35.511296,50,45.448044
-37.88394,50,45.513567
-35.050196,50,45.584131
-33.511841,50,45.648674
-30.028838,50,45.711238
-34.044937,50,45.779746
-29.559008,50,45.841395
-34.103734,50,45.906397
-37.981953,50,45.980601
-36.804866,50,46.05613
-38.928722,50,46.122503
-36.23558,50,46.193113
-35.589378,50,46.26613
-39.519634,50,46.337578
-35.21305,50,46.410216
-28.724794,50,46.478046
-36.305403,50,46.541882
-39.953872,50,46.608797
-37.552619,50,46.677292
-32.633621,50,46.753108
-31.065391,50,46.825629
-32.490959,50,46.891402
-38.613831,50,46.956811
-42.291507,50,47.029007
-38.299757,50,47.091325
-34.274098,50,47.997181
-30.466389,50,48.072404
-37.562074,50,48.142259
-35.438626,50,48.216835
-30.264142,50,48.287485
-35.350295,50,48.350932
-31.808611,50,48.423389
-30.788742,50,48.49091
-42.20127,50,48.552722
-27.070716,50,48.624261
-28.341615,50,48.689657
-31.962559,50,48.749959
-31.451184,50,48.815378
-37.73357,50,48.878549
-34.683489,50,48.950786
-29.304348,50,49.024031
-33.441563,50,49.087761
-45.987547,50,49.158195
-26.041782,50,49.228533
-36.344231,50,49.301823
-36.681882,50,49.374232
-28.812298,50,49.435328
-37.190514,50,49.496522
-28.07762,50,49.559231
-33.398609,50,49.633764
-28.66217,50,49.703765
-39.361188,50,49.765255
-42.492332,50,49.832114
-30.315273,50,49.901744
-33.072103,50,49.969675
-27.70332,50,50.036725
-38.520681,50,50.103755
-32.486223,50,50.169123
-35.141254,50,50.227859
-35.143889,50,50.290894
-35.024771,50,50.364197
-37.970998,50,50.433559
-33.844206,50,50.499327
-29.559719,50,50.562426
-38.488653,50,50.622681
-33.703041,50,50.69496
-37.067131,50,51.570354
-33.531715,50,51.645247
-34.833029,50,51.717692
-34.577469,50,51.786334
-32.29214,50,51.857581
-31.72441,50,51.928431
-31.994554,50,51.996887
-27.465145,50,52.070065
-32.207091,50,52.144669
-27.207927,50,52.216936
-31.070721,50,52.285519
-32.865612,50,52.353696
-35.331743,50,52.421381
-35.499389,50,52.490396
-35.355034,50,52.556674
-31.868712,50,52.621231
-33.148976,50,52.692284
-27.349056,50,52.761147
-32.51631,50,52.83229
-30.005142,50,52.90672
-31.835948,50,52.97464
-32.687249,50,53.036862
-32.827359,50,53.098507
-37.371893,50,53.161473
-31.955661,50,53.223291
-34.42654,50,53.294521
-27.88735,50,53.366151
-34.933169,50,53.429482
-37.376605,50,53.500258
-32.013312,50,53.56288
-31.174971,50,53.625827
-37.785491,50,53.694734
-34.575285,50,53.759227
-28.356967,50,53.824967
-39.226278,50,53.893937
-34.613464,50,53.96138
-29.851705,50,54.025015
-36.259946,50,54.09559
-31.060505,50,54.156221
-34.528167,50,54.226341
-35.615093,50,54.299063
-31.047523,50,55.185366
-35.36314,50,55.257954
-36.009712,50,55.328419
-37.675616,50,55.394066
-24.664905,50,55.46353
-35.119082,50,55.532332
-33.647099,50,55.59806
-30.614878,50,55.665601
-36.032349,50,55.731244
-24.550904,50,55.794896
-36.012613,50,55.869344
-37.797432,50,55.930407
-30.931925,50,55.988389
-23.96408,50,56.055701
-31.909539,50,56.125525
-36.900812,50,56.191158
-37.599149,50,56.261307
-24.765879,50,56.325196
-29.862103,50,56.398791
-33.189079,50,56.471221
-36.203804,50,56.542394
-29.292521,50,56.606966
-38.052293,50,56.672148
-34.702175,50,56.742726
-34.380644,50,56.800751
-28.868938,50,56.874068
-37.437384,50,56.945272
-31.210816,50,57.018374
-35.011226,50,57.090867
-33.368117,50,57.15845
-22.351198,50,57.222764
-37.612714,50,57.282717
-33.428273,50,57.354734
-36.501347,50,57.427154
-30.549409,50,57.490543
-27.695559,50,57.564237
-23.592005,50,57.637927
-30.70858,50,57.704668
-32.474004,50,57.766099
-32.958063,50,57.840703
-36.94801,50,57.899694
-34.751759,50,58.790355
-31.25198,50,58.864479
-36.407776,50,58.926969
-34.939217,50,58.996474
-39.329622,50,59.062627
-27.4815,50,59.130503
-40.941207,50,59.197648
-28.383423,50,59.258273
-29.87421,50,59.323518
-32.166331,50,59.393661
-29.627344,50,59.468223
-30.632236,50,59.538347
-31.395809,50,59.602772
-28.881752,50,59.669006
-30.726402,50,59.737554
-33.247783,50,59.802551
-33.337469,50,59.874132
-35.440975,50,59.938015
-29.808769,50,60.000502
-25.193806,50,60.06018
-30.69945,50,60.11703
-34.47321,50,60.179244
-42.59431,50,60.246313
-28.338883,50,60.309237
-32.347499,50,60.378783
-31.741922,50,60.446685
-27.838088,50,60.509498
-33.15194,50,60.582166
-24.969771,50,60.647266
-35.952219,50,60.716196
-35.491509,50,60.773233
-27.574992,50,60.840912
-29.574286,50,60.900048
-32.254033,50,60.96293
-38.611929,50,61.026693
-33.956753,50,61.101328
-29.675637,50,61.162914
-28.102464,50,61.224606
-25.937134,50,61.292847
-30.62253,50,61.354413
-39.037604,50,61.426754
-38.070895,50,62.316494
-31.05257,50,62.380005
-37.73672,50,62.45007
-35.90125,50,62.516868
-36.78805,50,62.582364
-37.081142,50,62.645253
-28.561107,50,62.719338
-31.474769,50,62.785619
-26.072264,50,62.850934
-27.562143,50,62.919364
-25.393439,50,62.987776
-31.119524,50,63.055999
-31.876185,50,63.12228
-29.02581,50,63.194812
-31.165124,50,63.253509
-35.858625,50,63.320027
-28.055545,50,63.388256
-30.168082,50,63.449666
-26.324063,50,63.511591
-33.842238,50,63.574493
-29.242412,50,63.639062
-29.803004,50,63.70004
-30.915411,50,63.764681
-22.613215,50,63.828754
-29.604344,50,63.884705
-31.183308,50,63.953907
-26.313951,50,64.01784
-34.90167,50,64.085864
-31.45115,50,64.155339
-33.715335,50,64.218349
-22.638624,50,64.290704
-28.340806,50,64.37206
-29.104273,50,64.456609
-28.339039,50,64.529778
-27.719272,50,64.603728
-24.858427,50,64.664814
-27.293827,50,64.735063
-28.470172,50,64.799671
-30.359947,50,64.86734
-47.687638,50,64.93848
-29.374043,50,65.006391
-32.892396,50,65.911556
-29.249746,50,65.985392
-29.539309,50,66.050046
-37.983198,50,66.121414
-34.551046,50,66.19199
-34.373614,50,66.257167
-32.186242,50,66.331179
-25.209945,50,66.403784
-24.773184,50,66.475718
-34.613215,50,66.545956
-33.663279,50,66.620216
-36.450824,50,66.693279
-28.939957,50,66.758996
-28.552442,50,66.822531
-27.483727,50,66.894147
-25.135918,50,66.961621
-30.324619,50,67.023798
-28.30962,50,67.087753
-26.734409,50,67.160454
-32.640089,50,67.219258
-31.83777,50,67.291034
-25.609427,50,67.357006
-32.660239,50,67.418889
-21.071811,50,67.490896
-29.828692,50,67.561592
-33.705805,50,67.629671
-19.292336,50,67.69905
-34.408658,50,67.77112
-28.526143,50,67.833462
-26.777658,50,67.906718
-35.956478,50,67.979085
-26.353272,50,68.035577
-31.804614,50,68.106516
-32.456817,50,68.178535
-25.5702,50,68.244423
-26.998064,50,68.31007
-32.409124,50,68.38026
-33.902322,50,68.44266
-28.383316,50,68.513393
-25.743119,50,68.576385
-39.850677,50,68.650047
-35.161237,50,69.565928
-31.359332,50,69.633246
-27.908095,50,69.707414
-28.407935,50,69.777489
-33.89939,50,69.843744
-24.805474,50,69.916982
-34.876131,50,69.983244
-28.62744,50,70.047314
-32.758473,50,70.109585
-27.849414,50,70.175891
-30.496713,50,70.249199
-29.289203,50,70.315251
-36.790106,50,70.376794
-29.952981,50,70.443862
-25.60026,50,70.516588
-31.953121,50,70.579856
-26.049322,50,70.649349
-27.765406,50,70.724195
-29.512542,50,70.786246
-25.880408,50,70.858486
-27.434723,50,70.92625
-34.702861,50,71.00023
-26.708949,50,71.071538
-26.946673,50,71.144182
-30.488918,50,71.215414
-26.89094,50,71.280871
-32.111169,50,71.347818
-26.706932,50,71.423343
-29.219409,50,71.490823
-33.326765,50,71.562358
-22.26014,50,71.633647
-32.178456,50,71.703035
-30.474336,50,71.759283
-32.105867,50,71.829546
-32.106306,50,71.901249
-35.132686,50,71.971195
-31.257603,50,72.043142
-26.527384,50,72.114337
-23.407134,50,72.181364
-24.676804,50,72.25299
-25.820486,50,72.321728
-24.719557,50,73.234287
-27.303801,50,73.307467
-37.460076,50,73.372001
-30.69698,50,73.447068
-28.992745,50,73.516378
-33.415585,50,73.580945
-28.541049,50,73.655041
-27.182807,50,73.727405
-28.191562,50,73.793026
-31.593594,50,73.864249
-29.536844,50,73.925451
-36.73537,50,73.986386
-36.229513,50,74.054278
-29.714576,50,74.114903
-25.807937,50,74.179531
-33.733534,50,74.245749
-22.162555,50,74.313363
-30.784699,50,74.380795
-31.51938,50,74.441142
-25.930846,50,74.506673
-34.661917,50,74.576963
-30.91293,50,74.648085
-36.682493,50,74.715802
-39.396768,50,74.774529
-30.377947,50,74.84071
-24.167077,50,74.912126
-38.837846,50,74.97716
-25.374528,50,75.042141
-34.029097,50,75.112866
-27.212291,50,75.174734
-33.660597,50,75.236756
-31.416131,50,75.30179
-34.461194,50,75.368365
-32.791604,50,75.435132
-31.495312,50,75.507412
-36.10573,50,75.573798
-28.340863,50,75.636454
-33.511069,50,75.707508
-20.691585,50,75.777247
-24.973436,50,75.837273
-34.67596,50,75.90731
-35.012545,50,76.802687
-25.442502,50,76.87246
-32.954756,50,76.942443
-35.514862,50,77.013627
-28.167526,50,77.084224
-30.966625,50,77.156723
-28.012323,50,77.228749
-31.01335,50,77.297459
-30.777153,50,77.364156
-24.21607,50,77.432882
-27.085911,50,77.494387
-29.265544,50,77.563948
-32.471908,50,77.639264
-25.344075,50,77.713036
-26.287219,50,77.776248
-25.585143,50,77.848827
-27.605219,50,77.916062
-27.313985,50,77.981766
-25.214135,50,78.054556
-15.815515,50,78.122475
-18.922964,50,78.182802
-32.080363,50,78.247868
-28.647972,50,78.306581
-28.06527,50,78.376069
-23.57831,50,78.444247
-26.968666,50,78.504042
-24.168976,50,78.570072
-27.676188,50,78.638806
-26.569688,50,78.702856
-32.755195,50,78.769394
-32.250918,50,78.835221
-22.042973,50,78.89947
-26.135548,50,78.969572
-32.018966,50,79.029615
-26.198792,50,79.09572
-32.776792,50,79.163782
-20.274141,50,79.228282
-29.74728,50,79.298037
-25.64335,50,79.358999
-18.125515,50,79.42912
-31.884584,50,79.496436
-19.98791,50,80.441692
-20.323461,50,80.514622
-30.383389,50,80.592207
-26.749129,50,80.66534
-27.771879,50,80.743492
-23.448769,50,80.818848
-30.324676,50,80.890957
-30.932607,50,80.964111
-31.851285,50,81.036557
-20.637428,50,81.100284
-27.926472,50,81.166723
-28.201494,50,81.23227
-31.969556,50,81.291822
-20.807594,50,81.360349
-27.813419,50,81.425283
-30.94952,50,81.5
-24.629073,50,81.573224
-19.998011,50,81.644413
-20.860829,50,81.714114
-26.068226,50,81.770396
-36.333654,50,81.83505
-25.372025,50,81.907861
-33.131576,50,81.975204
-42.8763,50,82.03992
-26.769857,50,82.10754
-28.862997,50,82.17528
-21.949822,50,82.247926
-25.277919,50,82.312362
-27.982453,50,82.378511
-33.389824,50,82.442862
-28.728497,50,82.512268
-23.729244,50,82.581219
-22.597026,50,82.65357
-27.927669,50,82.727468
-26.050855,50,82.793422
-18.433974,50,82.858978
-27.682934,50,82.917097
-28.00114,50,82.992839
-35.085164,50,83.065121
-26.433817,50,83.125112
-26.713144,50,83.198035
-34.199074,50,84.161377
-31.400559,50,84.228201
-26.058575,50,84.294458
-27.383847,50,84.36021
-32.224385,50,84.429469
-33.785406,50,84.501732
-23.510795,50,84.5738
-37.019142,50,84.646242
-28.003568,50,84.7187
-15.846959,50,84.791611
-30.447131,50,84.858765
-23.451025,50,84.921841
-32.310915,50,84.996366
-36.164639,50,85.066591
-29.602391,50,85.134362
-21.213285,50,85.203145
-32.239602,50,85.268287
-24.797807,50,85.340371
-31.768978,50,85.396322
-25.584225,50,85.463682
-27.77143,50,85.533276
-30.031105,50,85.601131
-31.809125,50,85.677162
-26.758511,50,85.746347
-34.533556,50,85.810395
-34.491182,50,85.882444
-31.116458,50,85.957134
-24.019682,50,86.018982
-31.518676,50,86.083916
-36.378623,50,86.14609
-21.464445,50,86.210426
-27.647933,50,86.276056
-32.313632,50,86.346571
-27.140665,50,86.418793
-30.777256,50,86.485136
-29.822505,50,86.553502
-22.788648,50,86.616974
-36.036625,50,86.691044
-28.108196,50,86.756409
-25.684839,50,86.8214
-24.795947,50,86.885978
-30.527185,50,87.848678
-22.498286,50,87.923089
-27.453155,50,87.984429
-30.076614,50,88.04743
-30.167896,50,88.122547
-27.021556,50,88.196069
-32.259056,50,88.26792
-29.31787,50,88.334476
-34.505226,50,88.399299
-24.313194,50,88.467754
-26.857058,50,88.533508
-20.046787,50,88.592712
-17.251074,50,88.660495
-18.855277,50,88.728955
-28.503964,50,88.796895
-23.839142,50,88.860234
-25.360937,50,88.935333
-29.03896,50,88.997766
-25.884399,50,89.058345
-21.604618,50,89.124303
-34.139588,50,89.186069
-24.161208,50,89.254175
-26.601829,50,89.314425
-36.015955,50,89.37485
-31.79221,50,89.444223
-33.921263,50,89.517059
-26.8433,50,89.58369
-25.177491,50,89.652096
-26.404558,50,89.714053
-30.223027,50,89.788751
-33.491037,50,89.860119
-29.697451,50,89.927278
-26.881843,50,89.994803
-24.587985,50,90.063771
-33.083676,50,90.132025
-26.388788,50,90.200213
-25.609852,50,90.266486
-20.399008,50,90.330233
-32.16443,50,90.392981
-25.705212,50,90.460328
-31.855118,50,90.527446
-19.127859,50,91.483979
-20.939043,50,91.559416
-21.813888,50,91.627314
-25.412046,50,91.695027
-35.375957,50,91.760997
-19.872688,50,91.829781
-30.179054,50,91.893449
-35.16636,50,91.957691
-26.470086,50,92.02071
-28.335864,50,92.084049
-30.227217,50,92.147966
-30.886722,50,92.206797
-19.204682,50,92.281702
-21.043604,50,92.352792
-31.877629,50,92.422307
-15.043269,50,92.495784
-21.545379,50,92.562101
-18.222888,50,92.632168
-32.136143,50,92.7019
-26.642148,50,92.770373
-27.888459,50,92.844983
-21.650281,50,92.918695
-29.727514,50,92.984901
-35.746891,50,93.052532
-17.016101,50,93.112907
-25.816883,50,93.17738
-29.003677,50,93.23552
-19.133212,50,93.301744
-31.130932,50,93.361176
-18.8422,50,93.433081
-30.117242,50,93.495668
-18.727688,50,93.558493
-18.2703,50,93.624131
-23.1679,50,93.692572
-23.320115,50,93.753617
-32.256144,50,93.812948
-31.574608,50,93.875895
-33.171454,50,93.9431
-17.958452,50,94.009292
-21.217471,50,94.068819
-27.090213,50,95.018672
-33.309066,50,95.092781
-18.565037,50,95.16801
-24.762666,50,95.245989
-29.068439,50,95.313728
-29.413391,50,95.387098
-23.614405,50,95.453378
-20.133916,50,95.519714
-20.880325,50,95.57869
-21.29656,50,95.650774
-27.482381,50,95.717396
-18.375007,50,95.781847
-24.686996,50,95.854379
-21.146298,50,95.925457
-21.258583,50,95.984861
-30.146171,50,96.056075
-27.127534,50,96.128105
-29.807264,50,96.193355
-23.260174,50,96.263695
-30.44704,50,96.336005
-25.424718,50,96.408046
-18.856555,50,96.471736
-18.851388,50,96.546467
-23.317434,50,96.607162
-26.416344,50,96.67854
-21.415196,50,96.749186
-30.393081,50,96.809429
-34.856787,50,96.876104
-29.460101,50,96.94328
-29.660596,50,97.010606
-34.37234,50,97.072738
-21.38865,50,97.141805
-28.095089,50,97.215766
-33.368375,50,97.288908
-22.964822,50,97.360502
-27.682419,50,97.431608
-27.437094,50,97.492807
-24.886455,50,97.564172
-27.725659,50,97.62605
-32.554401,50,97.690166
-21.633904,50,97.763149
-18.606009,50,98.734199
-34.079057,50,98.809305
-26.155339,50,98.884716
-19.347335,50,98.957989
-24.90785,50,99.025034
-16.709004,50,99.092527
-30.091089,50,99.158642
-23.253464,50,99.229009
-21.428727,50,99.290534
-25.454778,50,99.364592
-28.710179,50,99.429989
-31.439738,50,99.496799
-20.158058,50,99.563788
-29.035288,50,99.624468
-25.294511,50,99.695585
-20.194629,50,99.755745
-23.568037,50,99.817261
-27.535547,50,99.882318
-34.15004,50,99.949388
-31.371223,50,100.005254
-30.439257,50,100.074983
-34.231812,50,100.13369
-30.044132,50,100.19893
-33.756925,50,100.259184
-35.784938,50,100.322245
-29.472588,50,100.389119
-26.482175,50,100.45968
-23.924922,50,100.527541
-33.257286,50,100.596652
-28.218908,50,100.670664
-18.646527,50,100.742277
-28.911558,50,100.808993
-28.834342,50,100.867576
-25.093491,50,100.930805
-19.988258,50,100.996373
-21.873668,50,101.063787
-27.768294,50,101.129185
-26.971941,50,101.187216
-30.802096,50,101.249525
-34.93091,50,101.318493
-26.653431,50,101.378709
-28.852462,50,102.276491
-23.76709,50,102.349318
-32.929987,50,102.418045
-21.106411,50,102.490489
-13.791654,50,102.566389
-26.184071,50,102.63851
-28.084879,50,102.70985
-30.268523,50,102.778243
-31.199666,50,102.843687
-29.646357,50,102.910913
-27.05626,50,102.975335
-16.818904,50,103.045762
-28.031892,50,103.107622
-33.997819,50,103.163718
-20.554191,50,103.231699
-34.239597,50,103.29455
-27.244534,50,103.359648
-18.403653,50,103.423117
-26.796988,50,103.47969
-23.049187,50,103.552779
-21.366326,50,103.619093
-20.919001,50,103.68422
-30.301344,50,103.752892
-32.452839,50,103.814345
-23.426385,50,103.882235
-17.908648,50,103.947764
-22.941067,50,104.010556
-30.153127,50,104.076652
-19.728563,50,104.147304
-21.862495,50,104.215376
-20.542456,50,104.280062
-21.542803,50,104.349774
-32.429158,50,104.411186
-21.613378,50,104.484435
-28.148957,50,104.550044
-29.74842,50,104.618124
-15.320538,50,104.692022
-31.070498,50,104.753088
-28.857451,50,104.824131
-29.785998,50,104.893114
-26.089247,50,104.952748
-22.510049,50,105.835057
-30.027207,50,105.902726
-26.053542,50,105.971968
-27.888775,50,106.049846
-24.70807,50,106.122171
-23.087688,50,106.1953
-20.526436,50,106.264111
-17.62772,50,106.337075
-27.549345,50,106.410781
-21.088155,50,106.478646
-15.106174,50,106.552501
-34.131959,50,106.617526
-17.269608,50,106.690439
-34.458924,50,106.763507
-21.39288,50,106.836779
-20.356967,50,106.907403
-31.936573,50,106.984073
-22.415345,50,107.058236
-26.301076,50,107.13028
-25.327017,50,107.2011
-23.226996,50,107.262178
-27.140266,50,107.332426
-29.904871,50,107.395028
-22.98998,50,107.452732
-27.298791,50,107.525858
-21.393185,50,107.593482
-32.891625,50,107.655553
-20.12636,50,107.727403
-24.131121,50,107.800066
-29.23847,50,107.875211
-22.936967,50,107.944772
-26.407767,50,108.006243
-26.169242,50,108.074928
-25.406226,50,108.136806
-23.523653,50,108.209301
-26.699632,50,108.269565
-18.231607,50,108.334876
-27.817835,50,108.404585
-30.80427,50,108.463377
-29.456609,50,108.532634
-32.334257,50,108.603245
-19.090813,50,109.500245
-22.235151,50,109.573679
-16.55984,50,109.646341
-15.109704,50,109.719376
-31.294088,50,109.784711
-24.671481,50,109.85654
-20.866446,50,109.926194
-19.096503,50,109.988041
-23.133302,50,110.056209
-16.369787,50,110.120891
-34.314165,50,110.176043
-27.915463,50,110.238194
-19.313363,50,110.312957
-16.903809,50,110.3836
-23.254706,50,110.453466
-16.891677,50,110.52712
-12.849661,50,110.595694
-23.407313,50,110.651743
-28.164377,50,110.71836
-25.092088,50,110.792559
-29.373521,50,110.865493
-21.138084,50,110.939228
-30.730127,50,111.005124
-13.180232,50,111.077052
-26.302716,50,111.142149
-16.486159,50,111.211362
-35.778072,50,111.274235
-29.828691,50,111.339862
-33.882686,50,111.400536
-25.335394,50,111.47314
-16.422049,50,111.538069
-21.621673,50,111.611124
-25.189736,50,111.675134
-23.750692,50,111.741234
-34.353551,50,111.799734
-23.249918,50,111.865963
-20.876912,50,111.933023
-26.799318,50,112.007184
-33.013121,50,112.076541
-16.970511,50,112.149675
-19.198334,50,112.209262
-13.688884,50,113.100929
-31.834676,50,113.164175
-28.570052,50,113.23741
-20.926826,50,113.300675
-16.993216,50,113.36895
-24.686968,50,113.440607
-31.789435,50,113.503708
-31.875521,50,113.570145
-19.341369,50,113.633141
-30.345922,50,113.698795
-29.965267,50,113.765376
-19.945464,50,113.825907
-23.53829,50,113.896948
-19.165673,50,113.961605
-31.860598,50,114.026389
-24.662105,50,114.09567
-27.538627,50,114.154644
-20.54885,50,114.229429
-23.681986,50,114.29006
-31.433727,50,114.354055
-26.022643,50,114.428413
-25.992804,50,114.50226
-13.314952,50,114.576946
-22.198146,50,114.646143
-25.518523,50,114.707591
-31.437668,50,114.767982
-22.200254,50,114.839301
-15.803637,50,114.907038
-26.533152,50,114.974301
-20.753845,50,115.04555
-30.152771,50,115.110279
-21.476972,50,115.170947
-19.583498,50,115.242347
-21.440887,50,115.305794
-30.04133,50,115.373773
-28.53203,50,115.439881
-28.008149,50,115.501543
-18.106921,50,115.568268
-26.626589,50,115.635499
-21.614622,50,115.699313
-32.12156,50,115.771703
-21.303818,50,116.683888
-25.891281,50,116.760872
-20.371571,50,116.83273
-25.039727,50,116.90528
-17.846835,50,116.978025
-16.901224,50,117.054441
-29.09976,50,117.124438
-18.580073,50,117.186893
-29.702204,50,117.258964
-18.31865,50,117.332772
-16.943618,50,117.397165
-26.340225,50,117.468062
-27.965596,50,117.533917
-15.821658,50,117.596344
-32.259026,50,117.665224
-13.797337,50,117.731664
-27.254051,50,117.806268
-24.003469,50,117.871646
-27.045623,50,117.946501
-19.357536,50,118.021671
-24.985909,50,118.09329
-18.79596,50,118.152511
-24.227145,50,118.219772
-23.30773,50,118.290727
-29.305001,50,118.363751
-25.801042,50,118.42724
-24.430161,50,118.485023
-19.391867,50,118.550345
-17.339986,50,118.617229
-18.525966,50,118.688633
-21.790573,50,118.761016
-27.20007,50,118.834016
-27.913341,50,118.898717
-14.972469,50,118.959707
-18.739201,50,119.026254
-21.534029,50,119.085277
-24.945226,50,119.147307
-22.482505,50,119.216172
-23.829894,50,119.282361
-23.947105,50,119.353121
-19.784723,50,119.422455
-24.645049,50,120.333018
-16.32143,50,120.40301
-24.646571,50,120.475159
-29.57641,50,120.547192
-24.130014,50,120.623386
-26.018339,50,120.689849
-33.943677,50,120.755126
-24.964418,50,120.82599
-24.615681,50,120.89202
-13.112829,50,120.953234
-21.460516,50,121.026393
-28.268353,50,121.097402
-27.859681,50,121.170403
-18.329298,50,121.241697
-33.149668,50,121.312929
-17.955913,50,121.38456
-29.532468,50,121.447871
-24.384301,50,121.512869
-23.175115,50,121.58351
-21.945635,50,121.657434
-23.11243,50,121.730535
-18.83047,50,121.797315
-17.499877,50,121.869262
-20.19844,50,121.941552
-27.227872,50,122.010208
-22.996936,50,122.078654
-16.701183,50,122.141354
-18.261545,50,122.205651
-26.889231,50,122.279997
-16.778336,50,122.352426
-16.147172,50,122.419026
-28.58928,50,122.480058
-22.703941,50,122.554371
-25.67891,50,122.626066
-20.82026,50,122.686659
-20.20302,50,122.752857
-28.954027,50,122.82412
-28.57108,50,122.894529
-16.104169,50,122.958988
-26.666725,50,123.020555
-27.378451,50,123.088474
-24.209705,50,123.981934
-22.403459,50,124.047008
-28.185447,50,124.120287
-15.081231,50,124.193554
-25.125895,50,124.262215
-25.478235,50,124.334373
-21.662245,50,124.408804
-21.483109,50,124.478876
-24.552644,50,124.551777
-23.702427,50,124.624192
-15.08854,50,124.691943
-21.168739,50,124.763417
-19.700706,50,124.833366
-31.546556,50,124.89484
-23.287319,50,124.95471
-13.813532,50,125.029142
-20.268135,50,125.100546
-28.364873,50,125.161364
-15.879306,50,125.227921
-21.561104,50,125.294994
-18.331402,50,125.357931
-18.562701,50,125.425061
-26.881517,50,125.499364
-19.84218,50,125.571852
-21.669221,50,125.638363
-13.457319,50,125.70321
-31.211703,50,125.776679
-23.900355,50,125.839231
-16.330325,50,125.907213
-20.658719,50,125.972737
-27.864671,50,126.038055
-29.012102,50,126.111999
-28.922688,50,126.184837
-25.539037,50,126.25843
-30.645368,50,126.315985
-24.437967,50,126.390358
-27.348105,50,126.461319
-26.374657,50,126.536135
-31.981486,50,126.601244
-20.384401,50,126.662465
-22.475388,50,126.734401
-17.989998,50,127.627426
-27.213662,50,127.699416
-26.960808,50,127.77134
-20.418334,50,127.836538
-29.799471,50,127.906152
-18.134283,50,127.967568
-15.121252,50,128.040507
-13.371847,50,128.116985
-19.986211,50,128.187319
-21.778498,50,128.247236
-14.377468,50,128.317101
-17.269185,50,128.385043
-16.940562,50,128.448312
-17.107541,50,128.515559
-30.394601,50,128.585874
-29.342659,50,128.661125
-18.343563,50,128.72895
-29.02461,50,128.795152
-16.973681,50,128.864427
-18.598255,50,128.925368
-25.971986,50,128.990573
-13.623541,50,129.064068
-19.193934,50,129.123609
-18.097808,50,129.195421
-24.672523,50,129.260367
-24.310381,50,129.323878
-20.992625,50,129.384874
-19.087531,50,129.453543
-30.980529,50,129.523765
-24.878498,50,129.589781
-17.109388,50,129.657443
-20.376509,50,129.715214
-19.965193,50,129.784513
-26.979067,50,129.850845
-24.928259,50,129.921629
-17.843816,50,129.990278
-21.436007,50,130.060249
-17.533481,50,130.134866
-19.589731,50,130.208729
-29.970695,50,130.279346
-28.360841,50,130.344415
-26.637909,50,131.250906
-17.831172,50,131.318756
-26.202075,50,131.383425
-17.009232,50,131.447554
-31.23925,50,131.517837
-29.944803,50,131.584434
-27.258326,50,131.655014
-29.105509,50,131.718009
-29.360317,50,131.783811
-16.75483,50,131.855275
-22.12614,50,131.920877
-20.606545,50,131.989467
-18.267407,50,132.048345
-27.958295,50,132.116789
-18.272101,50,132.187749
-14.994602,50,132.261782
-19.258186,50,132.321524
-25.307794,50,132.386901
-14.26851,50,132.454425
-29.189655,50,132.526688
-31.282586,50,132.592973
-17.940458,50,132.659466
-17.753724,50,132.729742
-20.151837,50,132.793194
-16.314196,50,132.865852
-26.562507,50,132.937596
-20.207833,50,132.997709
-21.717582,50,133.061826
-22.266705,50,133.128972
-25.10665,50,133.197252
-27.335522,50,133.258441
-21.246068,50,133.33373
-27.662902,50,133.401293
-18.229621,50,133.473819
-22.95372,50,133.54494
-13.101165,50,133.607672
-13.900855,50,133.674585
-13.529615,50,133.74307
-25.655957,50,133.810776
-26.34117,50,133.876999
-26.384939,50,133.933682
-26.850672,50,134.83776
-15.958086,50,134.91605
-27.160285,50,134.991132
-29.063063,50,135.068201
-26.0626,50,135.146112
-23.939114,50,135.224926
-27.217525,50,135.292936
-21.264947,50,135.362031
-20.621881,50,135.4352
-18.505719,50,135.507281
-27.103419,50,135.578768
-21.040288,50,135.651359
-23.076962,50,135.722928
-17.719735,50,135.78264
-32.988762,50,135.850545
-22.834964,50,135.921639
-17.897964,50,135.994448
-24.88341,50,136.053812
-17.411267,50,136.128703
-29.80616,50,136.196846
-17.387079,50,136.261124
-24.880413,50,136.323117
-18.354725,50,136.397646
-25.038861,50,136.469343
-22.344711,50,136.540368
-18.411343,50,136.60308
-21.823795,50,136.667108
-22.134774,50,136.740332
-22.332949,50,136.813391
-18.033597,50,136.886112
-18.616084,50,136.959661
-29.937474,50,137.028407
-34.449957,50,137.087075
-25.237532,50,137.155183
-20.560294,50,137.222576
-17.729213,50,137.283497
-23.766612,50,137.352969
-16.786611,50,137.422565
-19.679902,50,137.481333
-19.991262,50,137.551805
-29.103998,50,137.621268
-22.868789,50,138.536231
-19.722683,50,138.602176
-27.034877,50,138.67448
-27.543904,50,138.747234
-22.758786,50,138.819831
-15.757658,50,138.889576
-20.84069,50,138.960011
-23.619674,50,139.024261
-25.775636,50,139.090831
-12.842226,50,139.157475
-18.144122,50,139.226454
-30.812982,50,139.287097
-17.48152,50,139.349345
-12.20139,50,139.41927
-17.095405,50,139.488268
-26.592757,50,139.559499
-28.24553,50,139.627841
-26.349184,50,139.690889
-25.497078,50,139.763247
-12.456877,50,139.833496
-19.437592,50,139.903695
-19.537671,50,139.963702
-22.539168,50,140.025383
-28.697147,50,140.087375
-22.167691,50,140.155007
-24.516307,50,140.216072
-16.520472,50,140.290286
-23.447146,50,140.360491
-16.311131,50,140.42837
-25.353125,50,140.486055
-27.945886,50,140.553256
-25.170187,50,140.618513
-22.126819,50,140.692338
-29.690852,50,140.747862
-23.927202,50,140.809962
-19.103002,50,140.874606
-29.085052,50,140.943003
-28.540009,50,141.005329
-29.689643,50,141.073939
-30.853031,50,141.137736
-18.230436,50,141.206914
-15.512908,50,142.121213
-22.317995,50,142.190121
-28.012649,50,142.262267
-22.153038,50,142.338548
-28.413105,50,142.415144
-30.199722,50,142.488087
-27.751385,50,142.55219
-25.287196,50,142.617654
-22.875139,50,142.677027
-18.673774,50,142.733928
-15.444392,50,142.799489
-21.324317,50,142.873961
-16.919301,50,142.948583
-20.543508,50,143.022261
-24.679771,50,143.096359
-15.338997,50,143.1696
-17.946175,50,143.241579
-19.640699,50,143.304656
-22.762376,50,143.37372
-13.62705,50,143.444385
-26.092114,50,143.51019
-21.223838,50,143.583224
-12.200658,50,143.649204
-28.210989,50,143.711151
-16.889384,50,143.772349
-11.833792,50,143.839443
-26.264815,50,143.897646
-26.302825,50,143.962381
-12.371531,50,144.025058
-30.433118,50,144.096219
-27.896379,50,144.16967
-18.762484,50,144.227239
-11.992687,50,144.289196
-18.918894,50,144.357383
-25.224097,50,144.424659
-22.5881,50,144.496494
-27.933581,50,144.559246
-21.154641,50,144.619418
-29.038188,50,144.681929
-22.306517,50,144.752565
-18.801386,50,144.816217
-16.590044,50,145.732481
-24.190201,50,145.80036
-14.414894,50,145.873688
-15.133743,50,145.936989
-24.968443,50,146.009022
-25.029048,50,146.074923
-20.860513,50,146.144009
-13.274892,50,146.218532
-23.607302,50,146.291589
-14.481339,50,146.361047
-23.316759,50,146.43005
-17.029886,50,146.499503
-23.731752,50,146.561259
-21.805448,50,146.626337
-20.622062,50,146.686724
-25.358258,50,146.754267
-24.603668,50,146.817227
-23.868203,50,146.883535
-25.511237,50,146.945142
-23.823998,50,147.017217
-18.145479,50,147.093569
-27.039983,50,147.161273
-21.401939,50,147.222967
-23.306958,50,147.292965
-14.921093,50,147.354008
-19.582615,50,147.421093
-17.880802,50,147.493683
-28.47686,50,147.553136
-16.097856,50,147.614334
-25.377883,50,147.684829
-19.052927,50,147.758596
-21.860588,50,147.820586
-15.904706,50,147.883405
-20.065361,50,147.95099
-12.602174,50,148.014946
-27.311861,50,148.079622
-25.524235,50,148.152167
-23.304721,50,148.225165
-14.447963,50,148.296466
-28.48826,50,148.369191
-27.928682,50,148.441263
-27.22462,50,149.373713
-22.034393,50,149.434119
-20.641297,50,149.508746
-16.160854,50,149.578823
-16.203986,50,149.637326
-27.375843,50,149.704781
-17.530876,50,149.773758
-20.06647,50,149.833932
-23.017875,50,149.902332
-28.650875,50,149.960996
-29.820188,50,150.0281
-27.567333,50,150.092067
-26.493654,50,150.16069
-26.321878,50,150.224364
-19.08915,50,150.294634
-9.914073,50,150.361664
-12.284,50,150.430268
-23.407077,50,150.498376
-24.930837,50,150.563571
-23.0352,50,150.628362
-14.7892,50,150.68979
-20.690363,50,150.746712
-18.511341,50,150.812064
-24.993768,50,150.872212
-19.805848,50,150.94507
-28.125692,50,151.00983
-17.680806,50,151.075092
-22.911263,50,151.138631
-25.870997,50,151.197998
-23.174506,50,151.26995
-25.120626,50,151.341782
-19.843115,50,151.415587
-24.639031,50,151.484819
-22.757183,50,151.55714
-27.019162,50,151.620535
-29.526599,50,151.684162
-21.148541,50,151.748452
-26.236931,50,151.813843
-25.454756,50,151.882128
-21.674243,50,151.94953
-18.596563,50,152.020525
-22.424443,50,152.92592
-19.748584,50,152.992848
-30.680367,50,153.057678
-30.154713,50,153.128224
-13.945477,50,153.201593
-19.59072,50,153.272488
-23.180265,50,153.33735
-27.595898,50,153.410614
-24.154995,50,153.481655
-20.934406,50,153.554092
-12.7307,50,153.618704
-16.150679,50,153.686694
-15.29795,50,153.755964
-23.374918,50,153.821683
-26.806804,50,153.887114
-26.198891,50,153.955644
-25.095071,50,154.01962
-19.560383,50,154.085887
-22.264563,50,154.147256
-22.659934,50,154.210745
-22.366119,50,154.28364
-21.14672,50,154.355402
-17.834648,50,154.419221
-28.688187,50,154.474316
-24.477052,50,154.538453
-24.697828,50,154.598756
-25.281139,50,154.662508
-20.39323,50,154.722538
-22.245197,50,154.799086
-30.985957,50,154.858261
-26.741767,50,154.918158
-22.500426,50,154.990504
-18.09855,50,155.064116
-11.942183,50,155.135221
-28.421521,50,155.206323
-13.77668,50,155.276904
-18.391105,50,155.33848
-24.889126,50,155.399005
-27.072596,50,155.470585
-15.742457,50,155.541153
-15.661632,50,155.615501
-14.752141,50,156.503336
-24.866862,50,156.569317
-24.403016,50,156.640593
-20.948874,50,156.715244
-17.154862,50,156.787991
-20.082946,50,156.860368
-20.214993,50,156.930936
-25.69372,50,156.994479
-21.43515,50,157.06543
-24.082815,50,157.138085
-17.547528,50,157.209611
-18.400151,50,157.280442
-17.145682,50,157.354325
-24.056576,50,157.420394
-14.189203,50,157.493464
-22.35012,50,157.564631
-27.670549,50,157.637266
-24.461793,50,157.712071
-16.526942,50,157.784024
-14.081685,50,157.846962
-15.044329,50,157.906995
-19.491198,50,157.977669
-28.293724,50,158.043891
-18.797401,50,158.10685
-22.259621,50,158.178081
-23.074284,50,158.247974
-19.989828,50,158.31666
-21.760129,50,158.379033
-25.487531,50,158.444209
-27.47263,50,158.511095
-20.237641,50,158.575813
-21.17443,50,158.635558
-20.010064,50,158.706995
-19.708587,50,158.769551
-14.247728,50,158.84003
-16.50515,50,158.914155
-25.318972,50,158.974229
-10.700383,50,159.041203
-16.368338,50,159.111409
-11.369979,50,159.176543
-24.283644,50,159.243401
-17.220817,50,160.117067
-25.357795,50,160.185014
-25.897582,50,160.258192
-20.396215,50,160.327682
-28.254567,50,160.402873
-14.686623,50,160.476095
-24.920428,50,160.545579
-12.381195,50,160.619611
-25.348863,50,160.691761
-15.562908,50,160.765528
-9.825907,50,160.834878
-25.942932,50,160.910103
-21.274936,50,160.978398
-24.773025,50,161.052943
-29.440241,50,161.126822
-26.486009,50,161.189952
-21.022866,50,161.259275
-14.496922,50,161.329433
-21.2827,50,161.393943
-21.89707,50,161.465364
-24.61705,50,161.530461
-26.193667,50,161.594059
-11.997613,50,161.664867
-22.144502,50,161.723798
-15.59924,50,161.784853
-18.849452,50,161.844314
-20.045234,50,161.915936
-13.915795,50,161.98057
-12.919793,50,162.048087
-25.331635,50,162.120612
-15.211181,50,162.179665
-24.869002,50,162.24237
-18.718439,50,162.312103
-16.02803,50,162.374428
-27.872581,50,162.445777
-14.532513,50,162.524645
-24.001728,50,162.597055
-19.183315,50,162.66737
-18.950532,50,162.731575
-14.000215,50,162.80199
-24.159969,50,162.862272
-19.944887,50,163.747487
-26.415925,50,163.811065
-21.930794,50,163.873148
-21.682899,50,163.937269
-16.70966,50,163.999719
-19.486949,50,164.065228
-23.52081,50,164.131456
-23.51162,50,164.203361
-24.702919,50,164.26809
-25.257409,50,164.338755
-18.513244,50,164.408621
-12.247384,50,164.477233
-26.629524,50,164.542993
-15.171101,50,164.605323
-14.93623,50,164.67651
-13.633223,50,164.745327
-16.878349,50,164.809902
-14.836531,50,164.885078
-12.572855,50,164.949218
-12.626596,50,165.015992
-13.221594,50,165.086524
-23.013855,50,165.150547
-28.632804,50,165.22351
-20.069281,50,165.29654
-25.879917,50,165.359219
-29.645386,50,165.425317
-23.959456,50,165.489875
-26.644797,50,165.561592
-21.218343,50,165.634474
-20.336107,50,165.707001
-24.290385,50,165.77398
-29.931715,50,165.842776
-24.310203,50,165.912295
-18.881531,50,165.986174
-18.822604,50,166.046891
-25.482454,50,166.115551
-24.179669,50,166.181298
-25.790707,50,166.252309
-26.32187,50,166.322359
-19.506578,50,166.387301
-26.188055,50,166.454075
-11.21905,50,167.349391
-16.608226,50,167.411377
-20.77509,50,167.480639
-21.666867,50,167.542699
-16.33901,50,167.615983
-14.733718,50,167.679694
-23.743224,50,167.752963
-21.676899,50,167.817105
-20.320822,50,167.888362
-27.673914,50,167.949131
-15.556281,50,168.021014
-26.783627,50,168.084264
-20.409634,50,168.141749
-13.553188,50,168.210601
-25.609163,50,168.280401
-17.645455,50,168.353946
-19.691734,50,168.420284
-23.325368,50,168.488496
-29.916785,50,168.55662
-23.879039,50,168.617798
-18.301754,50,168.681103
-20.715052,50,168.746811
-12.931855,50,168.810175
-16.755353,50,168.876665
-14.369796,50,168.947417
-24.263597,50,169.01908
-25.240149,50,169.085633
-15.19114,50,169.14641
-24.514947,50,169.22067
-21.52095,50,169.287107
-21.534285,50,169.352852
-17.204248,50,169.419152
-13.934889,50,169.490244
-15.705276,50,169.548098
-15.930473,50,169.612272
-26.733476,50,169.680464
-20.296836,50,169.744603
-21.020426,50,169.807904
-15.792944,50,169.87833
-21.522843,50,169.946729
-20.18801,50,170.009311
-17.252257,50,170.896824
-18.600855,50,170.971017
-16.099733,50,171.042252
-18.782178,50,171.116885
-20.679317,50,171.190506
-19.293436,50,171.263975
-21.877067,50,171.335126
-16.55256,50,171.405681
-10.876197,50,171.475668
-15.850724,50,171.548072
-17.92832,50,171.6217
-21.519768,50,171.681264
-22.923931,50,171.752104
-23.582074,50,171.816214
-12.888495,50,171.890381
-27.754378,50,171.952362
-19.482675,50,172.01533
-15.207566,50,172.075901
-12.993962,50,172.137524
-25.880045,50,172.214495
-24.753218,50,172.281757
-26.683004,50,172.351858
-18.581285,50,172.416153
-15.088697,50,172.487855
-25.884974,50,172.554493
-12.154318,50,172.627127
-12.575655,50,172.699586
-26.054618,50,172.773057
-20.779143,50,172.848417
-20.766985,50,172.919931
-23.645981,50,172.984681
-13.455532,50,173.05596
-22.037361,50,173.116832
-20.81137,50,173.189872
-19.773217,50,173.257111
-26.346533,50,173.320715
-30.342875,50,173.383945
-26.696398,50,173.457083
-22.724988,50,173.514434
-26.682817,50,173.575273
-25.66409,50,173.642022
-21.029155,50,174.564113
-26.558928,50,174.63149
-26.521418,50,174.702242
-22.292425,50,174.775207
-13.148734,50,174.843262
-18.623877,50,174.913825
-20.464392,50,174.986544
-24.5522,50,175.0573
-21.862377,50,175.130894
-24.295895,50,175.197015
-23.796718,50,175.26444
-16.141525,50,175.337338
-24.704988,50,175.398803
-13.250214,50,175.466187
-20.807005,50,175.531119
-25.986917,50,175.601917
-21.218966,50,175.674882
-13.3905,50,175.746292
-10.587729,50,175.817787
-26.790268,50,175.886842
-28.422714,50,175.949682
-25.348357,50,176.015351
-16.787927,50,176.079507
-16.701657,50,176.142096
-18.741864,50,176.216186
-18.062232,50,176.277918
-25.584886,50,176.344245
-17.401042,50,176.403383
-25.595031,50,176.478369
-22.557172,50,176.54312
-16.901623,50,176.61061
-20.846512,50,176.684355
-13.703112,50,176.760118
-28.544342,50,176.823723
-20.483205,50,176.892125
-20.933239,50,176.963914
-24.617112,50,177.025027
-23.7042,50,177.094026
-12.584089,50,177.16412
-8.73442,50,177.238616
-23.524817,50,177.308544
-20.654282,50,178.203005
-24.262516,50,178.267443
-23.701104,50,178.336066
-23.655475,50,178.399919
-21.252894,50,178.465524
-11.521943,50,178.539153
-17.405747,50,178.603785
-18.815305,50,178.673825
-29.304686,50,178.742879
-11.868299,50,178.809894
-15.790255,50,178.87047
-13.190719,50,178.941079
-18.1524,50,179.013265
-12.062779,50,179.081023
-23.127161,50,179.144562
-15.855394,50,179.206146
-21.689582,50,179.274514
-19.376308,50,179.333521
-21.771207,50,179.405626
-22.898703,50,179.473915
-17.297557,50,179.533221
-22.876591,50,179.599479
-14.778284,50,179.665242
-20.577582,50,179.721486
-26.79345,50,179.784216
-15.80364,50,179.846928
-19.108038,50,179.919987
-13.692086,50,179.989791
-16.313067,50,180.046938
-23.89059,50,180.108536
-26.760481,50,180.178724
-18.973078,50,180.245732
-12.437822,50,180.32034
-23.849853,50,180.39208
-23.032408,50,180.455987
-24.630071,50,180.520515
-26.07207,50,180.590782
-25.147693,50,180.647691
-27.193796,50,180.718101
-18.83041,50,180.784567
-21.875814,50,180.855841
-15.936656,50,181.729204
-28.51133,50,181.797916
-25.758147,50,181.86009
-25.650909,50,181.929666
-22.962773,50,181.999957
-23.405015,50,182.073775
-24.697384,50,182.145482
-15.289117,50,182.210277
-23.857842,50,182.278083
-17.304335,50,182.34677
-24.613419,50,182.408408
-13.44533,50,182.476344
-25.979409,50,182.538906
-22.556408,50,182.603323
-15.157005,50,182.66608
-20.842076,50,182.729299
-19.010642,50,182.799434
-20.813198,50,182.867678
-22.587329,50,182.929352
-12.298646,50,182.997438
-21.449646,50,183.066612
-17.191083,50,183.133625
-26.785279,50,183.197934
-10.357725,50,183.26648
-15.301917,50,183.336669
-21.082894,50,183.40907
-21.169613,50,183.48308
-26.570313,50,183.547236
-14.474362,50,183.609182
-24.053,50,183.682033
-28.533971,50,183.753671
-24.631579,50,183.825019
-23.302779,50,183.894948
-17.508644,50,183.969209
-20.373636,50,184.039181
-18.704441,50,184.1011
-25.778607,50,184.169158
-21.687082,50,184.235089
-25.411015,50,184.298599
-21.837799,50,184.365541
-15.823249,50,185.289803
-18.926995,50,185.357213
-14.743589,50,185.421172
-20.409534,50,185.489111
-27.151799,50,185.553243
-21.620623,50,185.620071
-14.868723,50,185.692764
-27.993109,50,185.762385
-17.677542,50,185.821779
-19.936814,50,185.882737
-23.036367,50,185.947435
-14.518454,50,186.011669
-23.27021,50,186.081225
-20.17251,50,186.151757
-25.133025,50,186.225059
-22.489868,50,186.297626
-22.641212,50,186.368549
-23.068483,50,186.436329
-16.648475,50,186.509989
-21.917506,50,186.581304
-16.94119,50,186.64343
-20.949817,50,186.717203
-18.028692,50,186.789924
-14.626313,50,186.854656
-26.362912,50,186.917466
-16.985513,50,186.9819
-26.487132,50,187.047426
-10.67322,50,187.112849
-22.397185,50,187.182027
-25.243051,50,187.24759
-24.322689,50,187.317478
-20.438237,50,187.389139
-23.055979,50,187.460921
-17.756457,50,187.533071
-10.683793,50,187.602878
-21.44535,50,187.660135
-23.118127,50,187.722709
-13.436667,50,187.786162
-19.326576,50,187.849673
-20.174705,50,187.916032
-19.443845,50,187.988232
-17.189435,50,188.859324
-12.609293,50,188.938028
-8.262656,50,189.00014
-20.781932,50,189.067373
-18.02899,50,189.13198
-18.534054,50,189.199804
-11.327517,50,189.262588
-20.676444,50,189.326243
-11.31176,50,189.397973
-24.014825,50,189.463204
-16.837622,50,189.528008
-13.249924,50,189.588983
-20.148225,50,189.659442
-9.918963,50,189.725027
-22.870805,50,189.792077
-20.379318,50,189.856209
-22.861326,50,189.913917
-23.350668,50,189.977133
-27.359418,50,190.040315
-14.809102,50,190.108068
-25.030277,50,190.176346
-13.904833,50,190.243573
-18.392625,50,190.31481
-11.936367,50,190.383583
-9.925246,50,190.453904
-16.176946,50,190.525256
-18.553019,50,190.592407
-17.828758,50,190.662234
-26.997013,50,190.735041
-10.122484,50,190.792438
-25.450081,50,190.85731
-18.504198,50,190.929541
-19.579931,50,190.995271
-11.146663,50,191.06496
-11.126618,50,191.127317
-18.741622,50,191.196794
-22.2329,50,191.262021
-17.335029,50,191.33363
-17.748994,50,191.407622
-25.311309,50,191.46939
-17.869349,50,191.54268
-20.698703,50,192.431094
-22.635354,50,192.505379
-15.116525,50,192.576331
-20.688068,50,192.641969
-9.885291,50,192.695082
-22.214133,50,192.766409
-22.953101,50,192.838152
-11.256831,50,192.904869
-14.378134,50,192.968153
-12.437244,50,193.042316
-17.922915,50,193.109103
-21.026412,50,193.167139
-17.837134,50,193.231695
-11.375359,50,193.294814
-24.885447,50,193.367593
-12.276541,50,193.43243
-17.31489,50,193.496253
-20.850818,50,193.5694
-15.074935,50,193.630095
-16.88018,50,193.704021
-19.944672,50,193.769151
-16.021775,50,193.83587
-18.585967,50,193.907589
-23.541804,50,193.977442
-10.22046,50,194.038203
-25.949952,50,194.10252
-15.493962,50,194.16369
-19.360716,50,194.223824
-23.336601,50,194.285392
-11.22602,50,194.353556
-17.655682,50,194.426193
-25.986877,50,194.499224
-18.335417,50,194.565822
-22.084609,50,194.63517
-26.447745,50,194.705258
-20.235038,50,194.772014
-19.019679,50,194.845304
-18.019408,50,194.918861
-26.80993,50,194.989889
-22.214399,50,195.053161
-26.348251,50,195.124636
-15.264832,50,195.991699
-15.317867,50,196.064388
-15.625697,50,196.132574
-14.702543,50,196.207758
-25.807127,50,196.267451
-12.458538,50,196.335153
-17.483297,50,196.406636
-15.728137,50,196.470185
-23.486051,50,196.530584
-20.911047,50,196.594047
-11.916374,50,196.661561
-15.692194,50,196.736608
-14.490801,50,196.810209
-14.944667,50,196.876732
-21.843939,50,196.950277
-12.020745,50,197.023239
-24.595864,50,197.090738
-23.362966,50,197.161988
-16.989601,50,197.23313
-20.507583,50,197.302019
-25.814246,50,197.36911
-20.40972,50,197.433903
-17.284337,50,197.495874
-23.185923,50,197.568273
-21.405939,50,197.640895
-16.072333,50,197.712203
-10.472153,50,197.785038
-15.58905,50,197.855144
-17.677608,50,197.924666
-19.017096,50,197.98842
-21.783696,50,198.062729
-19.600692,50,198.1239
-15.050698,50,198.190714
-22.257535,50,198.256702
-23.984237,50,198.313094
-13.02267,50,198.37701
-21.45597,50,198.448196
-22.618195,50,198.513272
-9.439332,50,198.571985
-22.154473,50,198.634315
-22.162076,50,198.705604
-16.567083,50,199.584184
-22.286337,50,199.65835
-14.644433,50,199.732144
-18.663134,50,199.806115
-11.873345,50,199.877944
-12.917807,50,199.949522
-9.523334,50,200.018622
-25.740516,50,200.087078
-22.82409,50,200.1576
-19.867251,50,200.218365
-18.04327,50,200.287567
-19.364779,50,200.357153
-18.575367,50,200.421329
-23.708358,50,200.488767
-19.171667,50,200.563459
-20.241694,50,200.631897
-23.584299,50,200.704375
-15.395498,50,200.776217
-20.932742,50,200.840494
-19.880447,50,200.907483
-21.371861,50,200.978713
-12.247256,50,201.050621
-9.51924,50,201.124555
-24.44483,50,201.199648
-23.67139,50,201.267954
-12.240785,50,201.330163
-21.361252,50,201.404578
-17.576298,50,201.476617
-17.340373,50,201.549406
-22.264212,50,201.62239
-16.434749,50,201.693542
-15.744893,50,201.766577
-16.904054,50,201.839347
-20.579236,50,201.911893
-24.159244,50,201.980483
-20.837123,50,202.053043
-10.772907,50,202.129524
-15.169614,50,202.189145
-24.288516,50,202.254868
-22.980523,50,202.319069
-20.527396,50,202.384544
-12.722955,50,203.263736
-11.726928,50,203.337694
-20.357579,50,203.396394
-23.016403,50,203.466119
-19.174632,50,203.539102
-24.519899,50,203.606272
-10.488759,50,203.667954
-19.394281,50,203.738332
-23.168525,50,203.801681
-21.019737,50,203.870961
-20.961733,50,203.940915
-15.375904,50,204.008948
-12.646175,50,204.080208
-20.127968,50,204.143477
-15.901336,50,204.21613
-21.013133,50,204.275245
-17.93221,50,204.340368
-13.368654,50,204.415086
-8.604913,50,204.483169
-21.850134,50,204.550172
-21.876592,50,204.621573
-21.462066,50,204.697439
-24.602942,50,204.764534
-14.764749,50,204.838491
-17.827534,50,204.901724
-28.605289,50,204.972046
-25.634554,50,205.034185
-25.726184,50,205.097622
-21.644621,50,205.160613
-15.143406,50,205.225201
-24.825246,50,205.291625
-21.533441,50,205.356708
-21.508091,50,205.42794
-21.594029,50,205.493684
-25.992122,50,205.561395
-16.275806,50,205.630924
-20.783115,50,205.698393
-19.728388,50,205.770836
-10.615174,50,205.837942
-26.960153,50,205.895419
-19.186713,50,205.967236
-14.097805,50,206.866513
-17.658642,50,206.941315
-17.880576,50,207.007801
-17.832329,50,207.078346
-26.120011,50,207.152327
-13.345782,50,207.212336
-23.675296,50,207.282147
-19.066937,50,207.34117
-10.897148,50,207.400716
-25.300802,50,207.472994
-19.631256,50,207.532328
-24.561812,50,207.604453
-9.246328,50,207.671046
-12.459463,50,207.744391
-25.83278,50,207.816202
-9.438092,50,207.884024
-27.369079,50,207.946746
-17.719263,50,208.016855
-16.653762,50,208.085276
-12.799468,50,208.152147
-12.499213,50,208.215328
-11.011092,50,208.288786
-10.24692,50,208.352811
-22.039196,50,208.423691
-16.701538,50,208.487425
-10.22832,50,208.551705
-25.369115,50,208.609263
-9.482304,50,208.681032
-17.832813,50,208.750245
-21.751165,50,208.817367
-19.831084,50,208.885426
-16.192882,50,208.942351
-14.040625,50,209.006528
-19.489265,50,209.070157
-18.342156,50,209.135168
-17.861011,50,209.204954
-20.59635,50,209.274218
-20.921296,50,209.337893
-18.540101,50,209.411937
-16.293715,50,209.48014
-18.286669,50,209.544334
-25.602668,50,210.456882
-16.118137,50,210.533243
-13.974206,50,210.60439
-20.49498,50,210.671942
-13.146067,50,210.742802
-25.761197,50,210.819101
-11.609548,50,210.889858
-13.682693,50,210.965429
-18.386027,50,211.032233
-11.750334,50,211.1043
-23.530913,50,211.176759
-12.720307,50,211.250391
-21.6669,50,211.322361
-17.527132,50,211.394562
-17.077526,50,211.470893
-20.231582,50,211.542678
-18.274675,50,211.616505
-18.831098,50,211.685053
-17.110291,50,211.759774
-24.873938,50,211.827495
-18.935646,50,211.898079
-13.543463,50,211.971497
-10.063468,50,212.037189
-22.780307,50,212.107053
-22.290278,50,212.177945
-24.15443,50,212.246137
-21.709407,50,212.317224
-15.019081,50,212.37391
-16.907558,50,212.44469
-18.618941,50,212.515943
-21.775641,50,212.582094
-27.564186,50,212.637896
-24.368405,50,212.710854
-18.879399,50,212.777694
-16.203043,50,212.845562
-15.090966,50,212.911976
-10.976178,50,212.982857
-8.329783,50,213.052349
-18.708623,50,213.117444
-9.36014,50,213.187228
-19.588283,50,213.250948
-17.001505,50,214.13646
-24.807256,50,214.211963
-25.39689,50,214.285243
-16.324251,50,214.3585
-22.82967,50,214.420839
-24.530529,50,214.496886
-16.798069,50,214.573353
-15.720249,50,214.639541
-11.452728,50,214.711551
-25.213225,50,214.774419
-22.390661,50,214.835463
-22.793416,50,214.903722
-25.207091,50,214.965986
-17.978411,50,215.036067
-27.881268,50,215.108563
-26.494628,50,215.17289
-21.393491,50,215.239431
-19.784228,50,215.312824
-18.129207,50,215.377399
-15.707878,50,215.442771
-13.174181,50,215.513495
-12.156419,50,215.577737
-23.659749,50,215.639301
-20.575375,50,215.712266
-19.248582,50,215.771195
-21.17983,50,215.837393
-11.318468,50,215.899325
-15.707944,50,215.970112
-18.632833,50,216.034375
-25.207723,50,216.104186
-12.987532,50,216.172256
-12.728255,50,216.244269
-11.13541,50,216.309373
-17.796519,50,216.373327
-22.946959,50,216.444795
-20.137961,50,216.518282
-23.608631,50,216.591319
-19.371147,50,216.665212
-24.537355,50,216.732885
-20.673446,50,216.801149
-17.736881,50,216.866971
-20.088128,50,217.752985
-25.740259,50,217.81884
-18.543006,50,217.887464
-14.94833,50,217.956385
-19.122854,50,218.017391
-19.733331,50,218.082219
-8.301353,50,218.15336
-22.680452,50,218.224351
-16.582352,50,218.294991
-17.740783,50,218.358598
-24.330375,50,218.433214
-19.112348,50,218.495828
-14.819264,50,218.563447
-10.243071,50,218.634372
-11.949041,50,218.705
-24.607839,50,218.770212
-17.012755,50,218.843425
-17.126792,50,218.914488
-12.545279,50,218.977448
-21.456967,50,219.046298
-9.830762,50,219.111739
-18.227621,50,219.182428
-9.217511,50,219.253229
-10.79699,50,219.329093
-22.952768,50,219.387479
-25.058741,50,219.461187
-26.123598,50,219.534574
-21.343802,50,219.607566
-22.585642,50,219.678349
-12.981007,50,219.744245
-16.454504,50,219.817215
-19.519389,50,219.878707
-21.273394,50,219.945195
-20.39147,50,220.010425
-7.601974,50,220.075733
-17.041134,50,220.135461
-24.639175,50,220.198069
-17.540942,50,220.261052
-18.789383,50,220.323587
-18.029889,50,220.389217
-14.332851,50,220.455356
-19.815052,50,221.33139
-13.778759,50,221.399306
-16.828013,50,221.466537
-19.675195,50,221.537872
-23.78078,50,221.60357
-21.25797,50,221.673386
-16.460373,50,221.733654
-19.849815,50,221.795156
-19.871943,50,221.856507
-18.9544,50,221.922795
-23.60967,50,221.98825
-25.157715,50,222.054234
-6.240103,50,222.107017
-22.42469,50,222.172883
-19.177551,50,222.247072
-19.959574,50,222.317388
-23.953784,50,222.376949
-15.316165,50,222.44474
-17.755722,50,222.520061
-26.989824,50,222.591522
-22.183306,50,222.664039
-18.062942,50,222.736032
-13.673366,50,222.799278
-22.154587,50,222.860113
-12.859152,50,222.921736
-20.164258,50,222.993439
-23.507382,50,223.056379
-10.016843,50,223.131085
-21.642086,50,223.200162
-20.319675,50,223.264661
-21.069736,50,223.325763
-22.911824,50,223.395051
-18.338701,50,223.459512
-14.556072,50,223.517538
-21.10114,50,223.58574
-22.638605,50,223.648035
-25.318427,50,223.713261
-15.450183,50,223.783111
-10.629759,50,223.854216
-21.901151,50,223.921195
-15.684779,50,223.988102
