#{"t_start": 1765845432.7612345, "env_id": "Reacher-v5"}
r,l,t
-62.59881,50,0.534937
-64.686675,50,0.578584
-63.238874,50,0.616297
-59.181982,50,0.654764
-53.590073,50,0.694427
-62.017251,50,0.733859
-60.457672,50,0.774303
-62.744645,50,0.813252
-58.858677,50,0.85303
-64.780346,50,0.891343
-60.965157,50,0.932287
-58.288444,50,0.971285
-62.856474,50,1.011183
-49.790695,50,1.047692
-63.07254,50,1.084633
-67.095914,50,1.127105
-60.654807,50,1.166547
-62.345517,50,1.206597
-58.481611,50,1.247608
-62.945062,50,1.285655
-60.494874,50,1.325021
-69.92536,50,1.361539
-64.250747,50,1.402117
-75.298154,50,1.439364
-55.712792,50,1.481159
-69.668757,50,1.520884
-66.401079,50,1.561731
-62.246719,50,1.601888
-61.385082,50,1.642798
-59.578407,50,1.680557
-63.325765,50,1.719711
-69.790636,50,1.759341
-54.330369,50,1.799748
-57.440357,50,1.835116
-69.193853,50,1.875513
-58.673363,50,1.913277
-63.349168,50,1.952541
-57.060211,50,1.990986
-66.419219,50,2.02881
-68.71482,50,2.070156
-60.158828,50,2.896355
-61.554182,50,2.938193
-66.290476,50,2.973646
-59.686827,50,3.009658
-56.373076,50,3.051028
-60.739607,50,3.089322
-61.690845,50,3.128612
-60.953338,50,3.167707
-65.740819,50,3.20669
-63.148416,50,3.246444
-56.192304,50,3.286217
-76.493818,50,3.324748
-58.293772,50,3.363578
-60.941863,50,3.403235
-60.11459,50,3.44533
-60.826087,50,3.481446
-59.449807,50,3.519149
-58.291366,50,3.561159
-60.870178,50,3.599683
-65.300195,50,3.638654
-61.175976,50,3.678085
-62.161912,50,3.715564
-71.545839,50,3.7522
-64.686125,50,3.793825
-63.000254,50,3.832462
-64.267256,50,3.872385
-54.565017,50,3.911313
-54.888437,50,3.951338
-46.961935,50,3.992082
-57.984403,50,4.032558
-68.166408,50,4.071214
-63.779283,50,4.110477
-76.518557,50,4.149014
-59.098089,50,4.190151
-56.933718,50,4.230294
-49.268278,50,4.269407
-56.080766,50,4.311619
-58.396684,50,4.352881
-64.837065,50,4.39132
-67.36524,50,4.432536
-69.610637,50,4.47292
-50.805874,50,5.169964
-59.282871,50,5.210988
-60.558486,50,5.252785
-53.846617,50,5.292982
-63.692715,50,5.332238
-63.262104,50,5.370379
-63.5843,50,5.41105
-47.476926,50,5.451296
-56.821314,50,5.48759
-63.056532,50,5.52762
-64.149973,50,5.570099
-64.572219,50,5.609716
-59.521429,50,5.649997
-67.071694,50,5.686199
-61.096306,50,5.724827
-60.976171,50,5.761533
-52.219302,50,5.802413
-52.571261,50,5.842041
-63.259997,50,5.878284
-61.952296,50,5.915256
-59.665502,50,5.952081
-56.989961,50,5.992531
-66.354014,50,6.025458
-57.66118,50,6.062453
-54.068335,50,6.106145
-57.347612,50,6.142283
-63.871228,50,6.183382
-58.548048,50,6.223432
-54.426008,50,6.26386
-57.561897,50,6.299605
-60.079897,50,6.340354
-57.67688,50,6.380611
-58.939886,50,6.420796
-57.54252,50,6.461712
-58.871067,50,6.502465
-56.448128,50,6.543365
-65.969168,50,6.581717
-57.522455,50,6.617942
-66.759215,50,6.660545
-57.968737,50,6.697645
-59.542179,50,6.737395
-59.255635,50,7.617896
-49.355984,50,7.655135
-56.785387,50,7.695007
-62.852298,50,7.735494
-49.824059,50,7.777759
-56.194681,50,7.816799
-63.706847,50,7.855581
-61.368232,50,7.897717
-56.052303,50,7.936521
-55.189581,50,7.973278
-51.001423,50,8.012099
-63.016211,50,8.051589
-60.717044,50,8.092109
-59.77408,50,8.133229
-60.944098,50,8.170193
-63.253289,50,8.211193
-55.520474,50,8.249236
-55.362158,50,8.292408
-59.883935,50,8.3343
-65.063799,50,8.371979
-53.628403,50,8.407141
-51.725857,50,8.443713
-53.398702,50,8.483876
-54.055456,50,8.524281
-48.968269,50,8.563437
-55.73332,50,8.602967
-59.151279,50,8.641773
-54.235263,50,8.680989
-54.258621,50,8.719784
-58.400137,50,8.759674
-62.331409,50,8.796502
-57.456038,50,8.836469
-58.122322,50,8.874207
-57.773903,50,8.913598
-53.245074,50,8.952741
-61.231276,50,8.990758
-56.74781,50,9.03111
-53.047226,50,9.072061
-54.761309,50,9.112433
-58.111904,50,9.153555
-53.442666,50,9.192392
-52.910029,50,9.994888
-56.446749,50,10.033427
-57.224029,50,10.072574
-49.455899,50,10.112481
-58.356611,50,10.153088
-53.832694,50,10.194882
-59.211241,50,10.233278
-56.974977,50,10.269763
-53.204094,50,10.311106
-55.804335,50,10.348167
-45.21391,50,10.387468
-49.103472,50,10.429879
-56.105934,50,10.46858
-53.8793,50,10.505339
-51.354111,50,10.54274
-57.084457,50,10.584728
-55.015282,50,10.62251
-55.584457,50,10.663083
-61.068513,50,10.703532
-55.761624,50,10.742373
-50.887178,50,10.784424
-54.786307,50,10.822492
-57.986485,50,10.862207
-54.291373,50,10.902164
-52.701247,50,10.940608
-50.583566,50,10.980578
-55.142,50,11.02256
-49.904957,50,11.062156
-61.820139,50,11.100936
-55.571767,50,11.139701
-53.888199,50,11.179777
-66.576812,50,11.219457
-60.503049,50,11.259851
-60.661448,50,11.297981
-50.922638,50,11.33668
-53.24363,50,11.376497
-50.177262,50,11.41836
-50.196121,50,11.457739
-53.658323,50,11.499578
-54.819982,50,11.540725
-59.710405,50,11.578448
-49.834074,50,12.220414
-55.094089,50,12.256086
-52.020001,50,12.29533
-48.863024,50,12.334045
-54.567875,50,12.374963
-51.46611,50,12.411326
-50.061603,50,12.452448
-52.999632,50,12.492183
-61.028944,50,12.534137
-55.261201,50,12.57266
-54.309264,50,12.608164
-61.186557,50,12.646494
-54.084209,50,12.688523
-57.076978,50,12.728034
-57.272816,50,12.766453
-56.106968,50,12.809027
-48.232456,50,12.850403
-51.823949,50,12.889523
-51.68398,50,12.923888
-45.525946,50,12.963585
-54.321934,50,13.003786
-52.275906,50,13.043212
-54.95042,50,13.083107
-47.103443,50,13.123275
-48.022779,50,13.161351
-56.721089,50,13.197953
-49.214691,50,13.236206
-54.875098,50,13.275759
-52.299448,50,13.315564
-50.759323,50,13.353483
-52.51969,50,13.393439
-53.256607,50,13.434375
-45.388737,50,13.473454
-52.890902,50,13.511428
-62.524222,50,13.549469
-50.80108,50,13.590447
-52.071928,50,13.629193
-55.229614,50,13.668528
-46.309157,50,13.707215
-58.594835,50,13.748171
-55.244115,50,13.787647
-50.628962,50,14.476563
-42.821088,50,14.499787
-50.773122,50,14.521386
-48.302542,50,14.551527
-55.438288,50,14.592208
-44.232351,50,14.628304
-50.894337,50,14.667984
-47.851238,50,14.706596
-53.653451,50,14.749085
-51.169883,50,14.789196
-50.263657,50,14.829664
-47.234496,50,14.86754
-50.240687,50,14.908164
-47.200558,50,14.949159
-50.223567,50,14.988862
-41.269261,50,15.028382
-45.034176,50,15.066518
-50.80941,50,15.103644
-48.43767,50,15.1413
-48.247104,50,15.182227
-58.775686,50,15.219964
-49.905437,50,15.257961
-47.42438,50,15.297634
-45.573265,50,15.338272
-51.724209,50,15.37542
-58.122506,50,15.415715
-55.704496,50,15.455929
-54.31081,50,15.496354
-46.664512,50,15.536647
-46.925639,50,15.575644
-53.021907,50,15.614272
-46.141787,50,15.654312
-47.535339,50,15.694545
-64.920348,50,15.732572
-47.890357,50,15.772239
-54.865898,50,15.810815
-51.036654,50,15.849666
-44.247699,50,15.88804
-55.467892,50,15.923887
-52.915463,50,15.964665
-56.492943,50,16.005678
-54.065884,50,16.655632
-53.614246,50,16.695481
-52.417558,50,16.732625
-48.662446,50,16.773665
-55.644702,50,16.814823
-45.707011,50,16.852977
-45.332002,50,16.89365
-51.126438,50,16.929402
-47.606701,50,16.967556
-43.362463,50,17.009562
-48.6142,50,17.049277
-49.991959,50,17.087026
-48.959549,50,17.126602
-53.753711,50,17.163501
-49.654185,50,17.205263
-55.370101,50,17.243356
-59.514216,50,17.283612
-49.778001,50,17.322018
-55.309512,50,17.361672
-53.996273,50,17.401652
-50.014514,50,17.442149
-49.943792,50,17.48303
-48.090478,50,17.519849
-45.551428,50,17.556282
-43.557355,50,17.5971
-57.325329,50,17.63519
-49.584826,50,17.673316
-49.269929,50,17.713649
-46.987542,50,17.750097
-50.109143,50,17.791877
-54.128145,50,17.832664
-54.539242,50,17.873209
-55.176976,50,17.913998
-47.485508,50,17.95164
-53.108476,50,17.992726
-47.144235,50,18.030527
-45.957451,50,18.071644
-53.713644,50,18.111407
-53.323784,50,18.151775
-46.105007,50,18.19218
-42.133731,50,18.229502
-56.984958,50,18.929897
-44.06715,50,18.969104
-51.917596,50,19.009022
-37.319802,50,19.050806
-49.182969,50,19.090127
-41.927939,50,19.126225
-49.063786,50,19.167467
-56.325095,50,19.208446
-34.133266,50,19.247355
-51.481172,50,19.283705
-50.272333,50,19.32412
-51.009523,50,19.350015
-43.596369,50,19.385761
-49.372735,50,19.425632
-40.853561,50,19.462483
-42.141515,50,19.504776
-49.139104,50,19.543513
-45.101264,50,19.582303
-48.017236,50,19.620492
-45.364333,50,19.661797
-41.948822,50,19.700984
-40.972581,50,19.739502
-40.75426,50,19.780224
-38.498951,50,19.817993
-47.48231,50,19.854104
-45.870038,50,19.889626
-45.649508,50,19.930874
-49.175763,50,19.969324
-43.450644,50,20.00741
-49.495964,50,20.046929
-42.015229,50,20.085242
-52.688556,50,20.124602
-54.909132,50,20.163291
-48.147283,50,20.206207
-44.544271,50,20.242764
-44.773975,50,20.282611
-47.190667,50,20.318179
-44.076102,50,20.35763
-45.066334,50,20.401318
-37.943545,50,20.440447
-46.557128,50,20.480255
-47.293204,50,21.281566
-41.135348,50,21.321634
-40.803175,50,21.358346
-42.236712,50,21.399647
-50.398202,50,21.437064
-44.355753,50,21.476348
-39.07032,50,21.510122
-43.365767,50,21.550247
-45.874839,50,21.590369
-34.07668,50,21.625898
-37.894381,50,21.666423
-39.175499,50,21.702893
-42.017179,50,21.74164
-40.722607,50,21.785573
-45.115578,50,21.822791
-39.332916,50,21.864637
-45.951414,50,21.901407
-39.974587,50,21.941237
-48.425569,50,21.981507
-47.036707,50,22.021979
-43.68035,50,22.06046
-48.745833,50,22.099564
-43.477627,50,22.136697
-48.018824,50,22.178509
-39.84334,50,22.220534
-38.144846,50,22.261781
-47.8759,50,22.302484
-41.260932,50,22.345248
-45.918821,50,22.383318
-41.114591,50,22.424786
-47.51663,50,22.466204
-41.688537,50,22.506027
-45.858418,50,22.546075
-40.638721,50,22.585632
-44.674406,50,22.624712
-45.91384,50,22.663316
-27.896249,50,22.702559
-38.906177,50,22.742552
-49.498069,50,22.782088
-34.354748,50,22.816539
-45.934263,50,22.85591
-47.97276,50,23.640194
-41.470107,50,23.679281
-43.950382,50,23.72203
-42.342469,50,23.758334
-45.203979,50,23.795862
-39.731556,50,23.837163
-42.517852,50,23.875408
-41.824036,50,23.911536
-38.342112,50,23.954012
-49.148159,50,23.991406
-39.327376,50,24.032345
-37.626596,50,24.074192
-42.720792,50,24.113057
-45.321628,50,24.152504
-39.686236,50,24.192059
-45.80135,50,24.230851
-40.220953,50,24.269112
-47.199304,50,24.308527
-38.327149,50,24.349127
-40.372383,50,24.391048
-46.231383,50,24.430617
-48.139979,50,24.471855
-43.121505,50,24.511585
-42.268681,50,24.552241
-35.220551,50,24.592781
-43.449549,50,24.629736
-42.527922,50,24.669143
-41.790363,50,24.705817
-35.546462,50,24.747575
-39.607595,50,24.786662
-34.503132,50,24.828038
-44.86925,50,24.868457
-47.511956,50,24.910734
-40.483259,50,24.949564
-34.795647,50,24.988371
-42.003595,50,25.026932
-43.557836,50,25.06332
-41.088234,50,25.10012
-40.114822,50,25.13973
-47.657207,50,25.180536
-39.002767,50,25.221991
-38.279753,50,25.992606
-36.631101,50,26.033753
-33.425084,50,26.070659
-37.29497,50,26.111046
-37.093149,50,26.147183
-33.06456,50,26.185629
-34.213779,50,26.224449
-35.091265,50,26.263896
-38.855411,50,26.299515
-36.370393,50,26.33948
-36.986194,50,26.375936
-37.568987,50,26.412004
-37.261411,50,26.448476
-36.114623,50,26.486726
-39.376341,50,26.524559
-43.945785,50,26.565095
-29.775994,50,26.604748
-36.803112,50,26.639611
-37.196919,50,26.681388
-35.469,50,26.720122
-43.967076,50,26.760753
-41.720164,50,26.799042
-44.29665,50,26.8385
-29.665327,50,26.876979
-31.074836,50,26.914051
-37.514036,50,26.949461
-36.760293,50,26.990739
-37.823872,50,27.029332
-43.787615,50,27.066644
-33.326602,50,27.091182
-35.928387,50,27.135188
-29.445515,50,27.175115
-29.089503,50,27.213355
-26.559837,50,27.253144
-34.62028,50,27.293534
-31.404104,50,27.332408
-41.866578,50,27.373695
-35.842164,50,27.413246
-35.441359,50,27.451622
-42.414269,50,27.49262
-32.614494,50,27.531626
-40.685212,50,28.389718
-36.908927,50,28.428434
-32.992297,50,28.468421
-34.517982,50,28.506444
-32.314972,50,28.549376
-29.726268,50,28.586043
-36.13388,50,28.621584
-32.177888,50,28.661393
-30.951451,50,28.700887
-36.371987,50,28.742446
-26.02515,50,28.780321
-23.122356,50,28.819359
-30.414416,50,28.858809
-31.682326,50,28.894818
-37.166196,50,28.934047
-40.137158,50,28.975229
-30.199235,50,29.013586
-34.413423,50,29.051192
-37.496432,50,29.090917
-38.673805,50,29.13264
-31.99279,50,29.171324
-35.397547,50,29.209448
-33.034082,50,29.248532
-39.826921,50,29.285084
-37.871595,50,29.320579
-36.678333,50,29.362086
-28.344981,50,29.400607
-27.240074,50,29.441273
-41.65235,50,29.481112
-32.950709,50,29.51951
-31.835013,50,29.560804
-33.441522,50,29.599622
-38.403406,50,29.63951
-28.590691,50,29.678062
-36.084014,50,29.718833
-35.094926,50,29.761195
-35.795724,50,29.797204
-32.429702,50,29.835706
-30.789605,50,29.876979
-31.71721,50,29.913475
-35.872016,50,29.953603
-26.761252,50,30.669167
-33.753634,50,30.707408
-22.282872,50,30.747425
-28.694155,50,30.788381
-34.160906,50,30.829224
-28.007574,50,30.866657
-33.709644,50,30.904514
-31.34249,50,30.942846
-28.425988,50,30.982578
-30.253992,50,31.024629
-35.562059,50,31.064772
-24.727556,50,31.103457
-27.751677,50,31.141702
-24.363029,50,31.182354
-25.47752,50,31.222753
-31.543894,50,31.262507
-26.679572,50,31.299786
-34.439743,50,31.337806
-29.760899,50,31.375175
-36.769012,50,31.413601
-30.059934,50,31.454854
-27.648241,50,31.497325
-24.268344,50,31.526709
-32.031802,50,31.569947
-22.750105,50,31.606826
-38.480984,50,31.647687
-31.309958,50,31.686471
-32.627698,50,31.726094
-30.847819,50,31.7638
-31.546987,50,31.799695
-27.003836,50,31.841979
-36.42042,50,31.88146
-35.966431,50,31.922479
-33.336651,50,31.963299
-22.352012,50,32.002311
-27.552871,50,32.041499
-27.357232,50,32.082388
-34.790579,50,32.119665
-27.221368,50,32.16221
-31.888134,50,32.202066
-26.962953,50,32.240478
-29.471762,50,33.037133
-20.312909,50,33.072566
-20.367676,50,33.113199
-28.792337,50,33.154052
-31.239665,50,33.190595
-24.01305,50,33.230972
-26.479621,50,33.269996
-32.21843,50,33.308097
-27.293961,50,33.347724
-29.949125,50,33.384822
-19.017199,50,33.422657
-28.772132,50,33.462834
-19.739979,50,33.503726
-29.131489,50,33.542352
-25.407167,50,33.579436
-19.207694,50,33.618935
-26.623186,50,33.659275
-31.684391,50,33.698962
-33.460167,50,33.736187
-19.391288,50,33.774446
-32.703908,50,33.815551
-27.060945,50,33.850032
-28.795385,50,33.887692
-25.52309,50,33.929133
-24.249453,50,33.96674
-32.981201,50,34.006402
-39.206419,50,34.044217
-18.648741,50,34.084249
-19.847241,50,34.121918
-26.333094,50,34.158806
-29.247572,50,34.200671
-25.617829,50,34.239922
-26.901257,50,34.280309
-23.960374,50,34.318427
-22.769953,50,34.354015
-25.169024,50,34.394478
-32.36578,50,34.434138
-23.882759,50,34.47209
-34.338102,50,34.510411
-24.907104,50,34.54938
-31.433289,50,34.591179
-25.61697,50,35.262228
-21.708881,50,35.304093
-20.88865,50,35.340264
-18.666648,50,35.379549
-21.161414,50,35.41771
-21.002014,50,35.45582
-23.699812,50,35.493618
-23.429237,50,35.532359
-20.257946,50,35.572898
-25.827499,50,35.611609
-24.489061,50,35.644862
-19.49505,50,35.682944
-21.622129,50,35.724182
-19.690298,50,35.763014
-27.370668,50,35.800183
-18.949699,50,35.83767
-26.774052,50,35.876724
-22.086702,50,35.9165
-21.023177,50,35.95396
-23.266688,50,35.991401
-29.924093,50,36.030514
-19.024565,50,36.072155
-23.863583,50,36.109168
-32.435811,50,36.14839
-30.281816,50,36.187312
-30.763183,50,36.229556
-21.302126,50,36.269619
-25.718689,50,36.307724
-19.411201,50,36.349042
-20.802146,50,36.388443
-23.997703,50,36.429432
-19.419813,50,36.467028
-15.711756,50,36.505611
-31.220109,50,36.542
-26.581154,50,36.580393
-17.635424,50,36.618333
-23.544596,50,36.657832
-27.880527,50,36.697516
-29.812787,50,36.739332
-25.21037,50,36.775995
-19.846694,50,36.814317
-23.544648,50,37.488448
-22.203612,50,37.525604
-20.95602,50,37.568287
-25.632403,50,37.610092
-22.414208,50,37.650534
-22.704362,50,37.689611
-22.821571,50,37.730301
-17.537139,50,37.771894
-22.124094,50,37.81054
-20.341282,50,37.851158
-16.641828,50,37.893188
-22.468976,50,37.934301
-17.655406,50,37.974652
-22.402634,50,38.014555
-19.221509,50,38.05263
-22.939333,50,38.090234
-15.815401,50,38.129869
-20.987775,50,38.169029
-15.599205,50,38.208104
-22.967377,50,38.25017
-16.67756,50,38.287618
-17.357353,50,38.328445
-19.952937,50,38.364639
-22.569825,50,38.404534
-18.366022,50,38.442727
-23.112911,50,38.482385
-20.502519,50,38.52166
-17.787154,50,38.560651
-22.318571,50,38.601526
-21.917137,50,38.64249
-22.786513,50,38.684819
-18.944878,50,38.720903
-25.515194,50,38.759693
-16.597533,50,38.797904
-19.853339,50,38.837139
-19.4621,50,38.876586
-16.503387,50,38.915864
-21.642656,50,38.953909
-21.377989,50,38.994333
-18.70827,50,39.035753
-20.951024,50,39.076532
-23.193637,50,40.020658
-15.73429,50,40.059903
-16.902508,50,40.098792
-15.919067,50,40.136896
-22.506538,50,40.175946
-19.781726,50,40.214828
-17.314537,50,40.254025
-15.674751,50,40.293878
-19.119315,50,40.333374
-19.974986,50,40.373256
-17.577582,50,40.414396
-17.676407,50,40.451177
-25.1321,50,40.491202
-19.182167,50,40.529663
-15.455963,50,40.568444
-16.952108,50,40.607643
-24.038138,50,40.645459
-17.23978,50,40.687339
-18.178294,50,40.725986
-17.546815,50,40.76576
-21.514694,50,40.802675
-22.08332,50,40.841233
-19.861551,50,40.876964
-19.431197,50,40.915748
-14.548074,50,40.953883
-20.501149,50,40.994263
-18.222429,50,41.034127
-19.889135,50,41.073967
-15.308406,50,41.113551
-20.367986,50,41.15104
-18.789903,50,41.192229
-19.26128,50,41.230814
-13.774774,50,41.266706
-19.219503,50,41.304828
-22.465262,50,41.345115
-26.581563,50,41.38446
-22.82254,50,41.425379
-17.251468,50,41.463881
-21.879853,50,41.502668
-19.862968,50,41.540182
-15.548763,50,41.579553
-13.662322,50,42.466657
-12.977847,50,42.505187
-16.42744,50,42.546106
-14.863497,50,42.577949
-16.359132,50,42.617004
-13.089808,50,42.656123
-21.264868,50,42.695249
-13.053995,50,42.733164
-13.592381,50,42.774478
-16.182958,50,42.81654
-19.671974,50,42.854533
-20.878699,50,42.8945
-16.509038,50,42.932754
-22.782786,50,42.971633
-13.540891,50,43.011679
-14.469177,50,43.050303
-21.420038,50,43.090304
-20.551954,50,43.127308
-15.42303,50,43.162485
-18.017662,50,43.201991
-14.348394,50,43.240983
-13.578543,50,43.28254
-11.781435,50,43.322562
-15.790997,50,43.363748
-17.352278,50,43.404119
-13.288841,50,43.440871
-21.555034,50,43.480156
-18.534684,50,43.517438
-12.623335,50,43.556423
-19.49362,50,43.592633
-21.270481,50,43.632557
-16.474059,50,43.67273
-25.148954,50,43.712131
-12.954567,50,43.752596
-21.756627,50,43.790481
-17.630307,50,43.827664
-20.257836,50,43.866909
-20.392095,50,43.906047
-19.636443,50,43.943647
-15.515743,50,43.981642
-14.244303,50,44.019578
-18.784001,50,44.945541
-19.773739,50,44.984545
-12.957224,50,45.022208
-15.897772,50,45.064484
-15.369911,50,45.102564
-14.149813,50,45.138586
-11.449734,50,45.172601
-13.984228,50,45.211636
-18.834269,50,45.250871
-16.500999,50,45.291204
-21.661204,50,45.331607
-18.099444,50,45.369258
-15.653574,50,45.408269
-10.479367,50,45.445389
-20.781678,50,45.483012
-20.235458,50,45.523696
-16.367525,50,45.56038
-15.007633,50,45.599393
-15.526002,50,45.638523
-16.823373,50,45.676494
-10.594572,50,45.716659
-10.620823,50,45.75548
-20.424492,50,45.79306
-19.186647,50,45.8334
-20.81388,50,45.87147
-19.098899,50,45.909545
-13.941298,50,45.952184
-14.312391,50,45.99001
-10.897848,50,46.030281
-15.590357,50,46.068237
-14.18112,50,46.107928
-17.64474,50,46.147021
-20.246026,50,46.184942
-14.779444,50,46.226307
-18.778111,50,46.26702
-11.890261,50,46.305347
-17.111637,50,46.345
-14.879963,50,46.382983
-19.711757,50,46.423127
-16.372475,50,46.4614
-18.610121,50,46.499674
-12.602508,50,47.204615
-16.920939,50,47.242361
-18.407432,50,47.283663
-19.284729,50,47.31929
-16.89174,50,47.359851
-15.129993,50,47.398387
-12.817419,50,47.435034
-18.720633,50,47.476509
-12.668024,50,47.514376
-14.808703,50,47.555392
-19.471633,50,47.594448
-11.474235,50,47.630705
-14.303858,50,47.670878
-13.381836,50,47.708459
-11.787078,50,47.747795
-14.500384,50,47.786916
-17.664605,50,47.828095
-16.802647,50,47.863833
-12.437529,50,47.903196
-13.180353,50,47.942006
-15.755213,50,47.979161
-15.144413,50,48.019392
-16.561256,50,48.058624
-11.520369,50,48.101202
-18.460125,50,48.131663
-12.617987,50,48.173612
-20.205937,50,48.213493
-16.437758,50,48.251236
-11.068849,50,48.291447
-16.33668,50,48.330071
-17.364649,50,48.369064
-18.924014,50,48.408339
-16.514188,50,48.446326
-20.424523,50,48.487592
-18.621411,50,48.526364
-16.678705,50,48.563971
-12.676915,50,48.603347
-12.286564,50,48.640564
-13.315582,50,48.68341
-14.224523,50,48.722456
-10.839607,50,48.762242
-10.477215,50,49.433282
-16.451181,50,49.473322
-11.678708,50,49.512469
-11.849528,50,49.551595
-19.530077,50,49.589669
-10.923084,50,49.62703
-18.449671,50,49.666163
-14.573589,50,49.708087
-11.010674,50,49.748726
-13.506182,50,49.787648
-16.170764,50,49.828767
-14.270788,50,49.869365
-11.876088,50,49.909732
-14.851555,50,49.947558
-11.35208,50,49.986094
-17.687591,50,50.02717
-10.518742,50,50.062928
-11.659234,50,50.101459
-14.557868,50,50.141058
-7.595922,50,50.178886
-15.524096,50,50.219553
-13.853458,50,50.257941
-11.510646,50,50.298
-9.154101,50,50.334749
-11.771708,50,50.374614
-16.591793,50,50.415503
-10.983462,50,50.454183
-12.311239,50,50.49377
-14.433181,50,50.53265
-12.278813,50,50.572609
-14.405005,50,50.609529
-10.560319,50,50.647683
-10.99882,50,50.684841
-11.331431,50,50.724854
-13.411324,50,50.765007
-16.924432,50,50.800601
-11.898927,50,50.842769
-13.739846,50,50.881303
-13.371955,50,50.919691
-12.897727,50,50.960067
-16.337241,50,50.997454
-18.609151,50,51.688019
-11.434527,50,51.723684
-15.640235,50,51.763533
-11.887905,50,51.805416
-11.654904,50,51.847399
-11.653517,50,51.885466
-12.826542,50,51.926328
-13.668515,50,51.968736
-9.472587,50,52.00781
-20.065105,50,52.047181
-14.207284,50,52.085456
-10.000238,50,52.125515
-11.94407,50,52.165764
-15.194995,50,52.20421
-8.782206,50,52.246336
-10.830858,50,52.286288
-14.131179,50,52.327768
-12.842467,50,52.367548
-10.718789,50,52.408528
-18.646846,50,52.448333
-13.99846,50,52.487346
-10.164975,50,52.524986
-11.605651,50,52.566342
-16.10337,50,52.609697
-15.666963,50,52.652445
-13.650337,50,52.692077
-14.727072,50,52.734812
-14.843202,50,52.776411
-10.73645,50,52.813223
-14.956024,50,52.850048
-15.71624,50,52.893693
-12.426527,50,52.931487
-12.041517,50,52.970463
-11.417802,50,53.011343
-11.269981,50,53.048484
-11.964669,50,53.087281
-14.864541,50,53.127373
-15.291254,50,53.165403
-14.885841,50,53.204878
-18.980819,50,53.243054
-15.286856,50,53.283971
-13.013216,50,54.017696
-11.430062,50,54.056775
-14.494677,50,54.096005
-9.147553,50,54.135934
-12.321016,50,54.176702
-11.900111,50,54.213951
-12.546216,50,54.253134
-11.397867,50,54.289074
-17.623708,50,54.328378
-18.076124,50,54.368061
-11.239244,50,54.406079
-15.871951,50,54.447559
-12.421729,50,54.488598
-7.297695,50,54.528099
-10.087347,50,54.565032
-12.747314,50,54.602953
-13.996384,50,54.641548
-12.527576,50,54.681394
-16.954381,50,54.720702
-10.968287,50,54.760505
-15.51144,50,54.798686
-10.845368,50,54.836199
-9.556034,50,54.874014
-11.158125,50,54.914271
-16.745921,50,54.955735
-13.278289,50,54.993675
-11.091355,50,55.034108
-13.611248,50,55.073052
-15.160647,50,55.108701
-11.614459,50,55.144972
-14.211184,50,55.183696
-11.142083,50,55.223841
-12.804123,50,55.263967
-11.53149,50,55.303821
-12.443252,50,55.342606
-10.492571,50,55.383296
-15.531103,50,55.422471
-17.187009,50,55.462964
-10.051075,50,55.501799
-17.576462,50,55.544562
-16.545693,50,55.581509
-13.409058,50,56.438066
-13.346485,50,56.476522
-9.044519,50,56.517875
-10.972837,50,56.559127
-9.76139,50,56.600527
-11.442507,50,56.640262
-10.974934,50,56.680998
-12.070052,50,56.719528
-14.903048,50,56.758323
-13.318135,50,56.798069
-13.186505,50,56.833905
-11.086047,50,56.874437
-12.561077,50,56.912516
-11.363823,50,56.953114
-10.781838,50,56.991367
-12.79369,50,57.030519
-9.995068,50,57.069222
-12.094533,50,57.107339
-11.567396,50,57.148914
-14.929737,50,57.186973
-11.00184,50,57.22983
-14.98315,50,57.266792
-17.946115,50,57.306162
-11.383968,50,57.345331
-12.748278,50,57.385413
-10.807728,50,57.428493
-13.214976,50,57.467183
-9.213468,50,57.506633
-11.237778,50,57.549594
-14.326612,50,57.586502
-11.374545,50,57.624119
-8.38779,50,57.666658
-13.242653,50,57.705508
-12.01699,50,57.743813
-11.001233,50,57.786173
-11.664194,50,57.824741
-12.931995,50,57.865546
-13.156834,50,57.90616
-13.34618,50,57.945281
-11.918102,50,57.986876
-10.087041,50,58.026099
-10.320417,50,59.055032
-8.922837,50,59.094108
-9.494382,50,59.133168
-11.32041,50,59.1738
-11.709904,50,59.214492
-11.638614,50,59.253972
-10.188698,50,59.293093
-11.736426,50,59.332322
-11.552002,50,59.373365
-10.312969,50,59.411346
-10.782488,50,59.450655
-12.656443,50,59.487865
-11.05344,50,59.529412
-13.453348,50,59.566091
-10.532069,50,59.607478
-7.75749,50,59.647145
-9.811504,50,59.687423
-9.326599,50,59.726934
-12.674737,50,59.765823
-12.621348,50,59.80275
-6.946047,50,59.84099
-14.432814,50,59.876377
-9.41646,50,59.915341
-8.350132,50,59.954098
-15.141629,50,59.994731
-7.652773,50,60.03482
-7.949724,50,60.073255
-10.870477,50,60.114954
-8.016766,50,60.152695
-17.384194,50,60.193406
-8.329398,50,60.23236
-10.147327,50,60.276365
-10.170597,50,60.313824
-7.554802,50,60.354297
-15.281114,50,60.395312
-10.219758,50,60.434316
-13.460289,50,60.472718
-9.056893,50,60.510594
-9.02367,50,60.551193
-13.21724,50,60.590116
-10.726728,50,61.562633
-12.47983,50,61.603728
-12.613383,50,61.642574
-10.143337,50,61.679702
-7.709246,50,61.720235
-13.073561,50,61.757195
-9.643649,50,61.795843
-9.685577,50,61.832709
-7.143747,50,61.870544
-9.386063,50,61.909938
-9.681993,50,61.947654
-12.986782,50,61.988341
-11.265946,50,62.026408
-6.00878,50,62.065682
-8.367848,50,62.107186
-7.730848,50,62.14878
-11.190095,50,62.186946
-8.626074,50,62.225466
-9.602391,50,62.268033
-9.128632,50,62.308203
-9.726352,50,62.346454
-15.774033,50,62.381428
-8.751087,50,62.421345
-11.713313,50,62.461109
-8.497828,50,62.500109
-11.091138,50,62.537912
-11.506922,50,62.579427
-9.413939,50,62.624065
-10.128983,50,62.663488
-13.571603,50,62.705751
-9.022638,50,62.747032
-13.055895,50,62.789455
-11.899991,50,62.8269
-9.044387,50,62.863123
-14.415045,50,62.902923
-9.146598,50,62.943649
-5.732686,50,62.984491
-14.578317,50,63.023605
-6.867362,50,63.061978
-10.572661,50,63.102778
-9.583698,50,63.143991
-16.285677,50,64.146932
-13.721661,50,64.187479
-11.315282,50,64.226893
-19.3607,50,64.259825
-9.951904,50,64.300215
-9.246146,50,64.33884
-9.40276,50,64.379871
-11.448123,50,64.419154
-7.593232,50,64.4592
-10.466898,50,64.498094
-10.943476,50,64.54135
-13.480638,50,64.579033
-10.20455,50,64.616107
-11.293845,50,64.657173
-11.98607,50,64.696522
-8.505059,50,64.737169
-7.692629,50,64.775754
-10.347629,50,64.815928
-10.202451,50,64.8554
-9.610702,50,64.895451
-7.339647,50,64.935615
-7.829387,50,64.974839
-9.672311,50,65.013689
-14.299999,50,65.05239
-11.98394,50,65.091429
-10.767826,50,65.130013
-9.523668,50,65.170346
-8.026453,50,65.210179
-13.097659,50,65.249854
-10.872756,50,65.2905
-12.972545,50,65.329306
-10.010688,50,65.369096
-14.042131,50,65.408802
-9.148477,50,65.447648
-9.832099,50,65.484894
-10.246631,50,65.521492
-13.783999,50,65.557593
-10.573691,50,65.599547
-7.977343,50,65.638425
-10.098397,50,65.680457
-8.673164,50,65.717401
-9.925951,50,66.45882
-14.614757,50,66.496836
-7.839596,50,66.535134
-11.357743,50,66.573676
-8.569341,50,66.612625
-10.767762,50,66.653643
-8.658612,50,66.689454
-9.08793,50,66.731483
-9.560582,50,66.769482
-6.75039,50,66.809378
-8.581688,50,66.849398
-7.264514,50,66.8875
-11.876715,50,66.930506
-7.900751,50,66.96661
-11.084839,50,67.007243
-9.613776,50,67.044509
-9.195776,50,67.082694
-8.774147,50,67.119441
-13.092129,50,67.158365
-10.284327,50,67.19659
-10.894291,50,67.236564
-9.348392,50,67.274748
-7.828139,50,67.313581
-9.330246,50,67.353003
-7.310198,50,67.390539
-13.561186,50,67.431245
-9.347192,50,67.467498
-9.132213,50,67.504338
-8.395032,50,67.542694
-7.151688,50,67.582487
-11.206681,50,67.623085
-7.792002,50,67.661732
-6.564599,50,67.699528
-7.587812,50,67.739018
-13.35343,50,67.776217
-14.833744,50,67.812867
-15.241788,50,67.851963
-9.528979,50,67.89238
-11.258743,50,67.931159
-9.865332,50,67.971895
-9.333925,50,68.009258
-8.642382,50,68.659707
-8.152241,50,68.697041
-6.594791,50,68.736737
-14.577006,50,68.777332
-7.195565,50,68.816695
-8.560659,50,68.856522
-9.806633,50,68.892685
-6.615844,50,68.932567
-9.554862,50,68.973355
-7.846698,50,69.013165
-8.861965,50,69.049927
-8.651046,50,69.089173
-10.531949,50,69.126765
-8.431115,50,69.163738
-7.400345,50,69.201395
-12.671006,50,69.239627
-8.568482,50,69.279094
-6.573402,50,69.31757
-7.196623,50,69.356652
-12.98354,50,69.393952
-11.066885,50,69.433483
-10.367192,50,69.472634
-6.991791,50,69.512838
-11.692758,50,69.550432
-9.751062,50,69.588483
-9.394366,50,69.627437
-9.615467,50,69.666727
-15.011468,50,69.705957
-6.609242,50,69.745791
-7.949692,50,69.78374
-7.691214,50,69.82389
-10.001516,50,69.86115
-12.269931,50,69.901055
-4.80102,50,69.941115
-8.765153,50,69.980681
-8.372076,50,70.021519
-6.563936,50,70.060203
-10.796737,50,70.097038
-5.911925,50,70.139246
-9.006964,50,70.179238
-8.572356,50,70.218306
-7.794153,50,71.040148
-9.740049,50,71.079014
-8.558693,50,71.114468
-9.126766,50,71.155579
-7.737785,50,71.19121
-13.899892,50,71.230625
-8.553457,50,71.267521
-7.061733,50,71.305561
-8.979789,50,71.343393
-7.260143,50,71.38418
-8.983176,50,71.419501
-9.187101,50,71.461044
-8.962286,50,71.499412
-12.895119,50,71.535615
-8.704557,50,71.575989
-7.886945,50,71.612929
-7.539152,50,71.64973
-4.598895,50,71.689686
-6.999855,50,71.731465
-11.026408,50,71.769968
-15.400928,50,71.808194
-9.761441,50,71.844074
-8.849601,50,71.884582
-7.194115,50,71.922165
-8.418869,50,71.960263
-12.046655,50,71.999557
-8.733991,50,72.035475
-13.380172,50,72.078657
-6.3822,50,72.116878
-7.646485,50,72.153574
-8.040549,50,72.193444
-12.368387,50,72.23198
-11.567665,50,72.270755
-8.034618,50,72.31023
-8.95732,50,72.351245
-8.14512,50,72.390259
-11.833657,50,72.430021
-7.672286,50,72.4702
-8.670481,50,72.506879
-6.468042,50,72.545541
-9.945103,50,72.584507
-5.418557,50,73.307148
-9.401536,50,73.345304
-9.00431,50,73.386703
-5.436866,50,73.424945
-9.960135,50,73.463974
-8.690141,50,73.505137
-8.309281,50,73.544357
-6.204583,50,73.58478
-7.761051,50,73.625931
-6.478817,50,73.664466
-10.299391,50,73.702278
-8.722711,50,73.739311
-6.702709,50,73.781328
-9.922561,50,73.818556
-9.234355,50,73.859147
-7.841028,50,73.896294
-7.451083,50,73.933629
-7.479963,50,73.973586
-13.099816,50,74.010946
-7.158946,50,74.048087
-8.926472,50,74.088412
-9.022954,50,74.127147
-10.109801,50,74.164395
-10.728576,50,74.204399
-11.665225,50,74.240117
-10.839892,50,74.283632
-8.216485,50,74.320704
-8.856242,50,74.362499
-9.044869,50,74.400399
-11.380012,50,74.440288
-11.141699,50,74.480472
-7.805555,50,74.518467
-8.074102,50,74.555035
-7.959954,50,74.596489
-8.042724,50,74.636371
-5.85922,50,74.67647
-7.322804,50,74.713606
-8.071236,50,74.75353
-11.562043,50,74.793119
-10.273084,50,74.830432
-8.841276,50,74.868661
-7.274834,50,75.548712
-6.302078,50,75.588705
-5.56168,50,75.627914
-7.940217,50,75.672708
-7.241762,50,75.710062
-6.967563,50,75.749784
-6.579883,50,75.79171
-5.230139,50,75.830176
-7.363185,50,75.870404
-8.69903,50,75.910253
-8.935322,50,75.948533
-8.906922,50,75.989948
-9.967768,50,76.029295
-10.107828,50,76.061714
-8.340638,50,76.1036
-8.477568,50,76.142567
-10.025992,50,76.178701
-12.30839,50,76.218202
-8.846432,50,76.256258
-6.859312,50,76.296091
-8.203247,50,76.337619
-5.391721,50,76.372081
-5.128062,50,76.410646
-7.34535,50,76.452053
-5.393443,50,76.489848
-9.409082,50,76.531167
-7.064819,50,76.568686
-7.751486,50,76.609242
-8.303395,50,76.65179
-8.324729,50,76.690449
-7.446544,50,76.72993
-7.567535,50,76.769242
-10.637848,50,76.807399
-8.111431,50,76.844985
-6.699948,50,76.885386
-9.447887,50,76.924752
-7.705292,50,76.963331
-7.616934,50,77.003423
-6.486711,50,77.041739
-7.966783,50,77.082573
-12.591148,50,77.117269
-7.77963,50,77.994114
-7.342333,50,78.030884
-6.828472,50,78.071204
-8.683841,50,78.107496
-6.815307,50,78.147817
-8.375249,50,78.188774
-4.823432,50,78.22727
-6.326001,50,78.266073
-6.346556,50,78.301555
-7.261783,50,78.343349
-7.562742,50,78.382162
-6.420736,50,78.424116
-9.16793,50,78.461874
-6.73775,50,78.49484
-6.968496,50,78.537736
-7.449836,50,78.575741
-11.546105,50,78.610892
-9.835782,50,78.650615
-6.43233,50,78.692543
-7.148657,50,78.730778
-7.423209,50,78.770026
-8.535529,50,78.808474
-5.366608,50,78.845553
-6.729176,50,78.88463
-8.591595,50,78.921984
-12.139314,50,78.960746
-7.120262,50,78.999357
-7.77926,50,79.039747
-7.463704,50,79.079368
-8.148649,50,79.117481
-4.559078,50,79.157622
-7.145776,50,79.197645
-7.173516,50,79.236195
-5.959487,50,79.274671
-9.255084,50,79.317244
-10.179106,50,79.354988
-5.24553,50,79.392489
-6.767664,50,79.430914
-7.245465,50,79.471502
-7.706787,50,79.511576
-6.356147,50,79.549218
-6.871448,50,80.40209
-6.254293,50,80.440609
-6.882683,50,80.481325
-6.403179,50,80.520201
-7.100492,50,80.555766
-6.086696,50,80.594529
-6.665869,50,80.632744
-7.464087,50,80.674202
-7.373136,50,80.71094
-6.91757,50,80.753014
-6.936053,50,80.793171
-9.675383,50,80.835002
-7.944801,50,80.877625
-3.905979,50,80.915419
-4.692993,50,80.957804
-7.774879,50,80.995335
-8.508395,50,81.033776
-6.507875,50,81.073716
-6.40575,50,81.112253
-5.439362,50,81.152274
-7.489656,50,81.190145
-7.598584,50,81.227224
-6.239103,50,81.268211
-7.310171,50,81.306385
-8.744873,50,81.347154
-10.331489,50,81.386064
-11.709594,50,81.426022
-5.926361,50,81.468389
-8.866831,50,81.508095
-7.738677,50,81.54992
-6.487985,50,81.588203
-7.102719,50,81.626342
-4.129662,50,81.666633
-8.790155,50,81.705099
-10.880712,50,81.742524
-5.435734,50,81.780625
-10.536788,50,81.823503
-6.860966,50,81.859959
-4.769396,50,81.897406
-6.768546,50,81.936671
-8.079638,50,81.975686
-9.155343,50,82.760299
-6.921166,50,82.795519
-7.444594,50,82.836037
-6.846999,50,82.87345
-6.822752,50,82.908191
-13.101886,50,82.946464
-4.790812,50,82.986803
-5.594609,50,83.023778
-10.601275,50,83.064156
-7.21989,50,83.100511
-12.265188,50,83.139539
-9.143846,50,83.178609
-6.093277,50,83.218515
-6.949524,50,83.260356
-5.952428,50,83.299084
-5.717156,50,83.334689
-6.522709,50,83.372545
-7.96023,50,83.410475
-8.233255,50,83.448675
-9.350707,50,83.489251
-7.537499,50,83.530283
-6.802718,50,83.568502
-9.560302,50,83.607611
-7.153415,50,83.648133
-7.55027,50,83.6869
-4.735091,50,83.726038
-6.847784,50,83.765067
-7.66951,50,83.802212
-7.182194,50,83.842562
-9.268646,50,83.880042
-7.050898,50,83.91911
-6.592532,50,83.955473
-7.841876,50,83.993397
-6.691825,50,84.033925
-6.914959,50,84.061118
-7.922066,50,84.099444
-6.182816,50,84.138822
-10.833924,50,84.179259
-6.597665,50,84.216818
-6.71991,50,84.254929
-4.428646,50,84.292035
-7.343935,50,84.981542
-9.132313,50,85.021511
-6.715136,50,85.061167
-6.14379,50,85.098763
-6.474823,50,85.135961
-6.89357,50,85.177508
-5.163741,50,85.217101
-6.556771,50,85.254009
-7.139253,50,85.291586
-6.813082,50,85.333147
-7.977564,50,85.370986
-7.460431,50,85.413067
-7.017872,50,85.449485
-7.402229,50,85.486578
-5.813492,50,85.527102
-5.235581,50,85.563882
-6.642288,50,85.600511
-6.995568,50,85.642431
-7.318496,50,85.683135
-7.330265,50,85.72096
-5.849852,50,85.760336
-7.207129,50,85.801169
-6.348874,50,85.840729
-6.109262,50,85.88102
-6.150953,50,85.920874
-7.615047,50,85.958959
-8.118919,50,85.996399
-6.731959,50,86.035392
-10.735894,50,86.075493
-10.537176,50,86.114978
-6.470692,50,86.154479
-7.825925,50,86.195138
-7.692719,50,86.235335
-5.677712,50,86.276056
-6.847921,50,86.318132
-7.913893,50,86.355566
-6.918201,50,86.392459
-6.000463,50,86.434465
-8.010878,50,86.473184
-6.521079,50,86.510616
-6.873787,50,86.549148
-5.61523,50,87.406198
-6.676245,50,87.443155
-7.093421,50,87.482819
-6.852091,50,87.520529
-8.897758,50,87.560251
-5.915899,50,87.59726
-6.51399,50,87.637449
-7.80307,50,87.679892
-3.800833,50,87.720908
-9.572513,50,87.759469
-3.496437,50,87.797503
-7.587371,50,87.838793
-6.981369,50,87.880779
-4.786801,50,87.91953
-6.463697,50,87.958373
-6.828823,50,87.999202
-8.538347,50,88.038412
-9.785115,50,88.079047
-7.138749,50,88.119715
-11.047214,50,88.155496
-7.345033,50,88.188527
-7.436496,50,88.230719
-5.959555,50,88.268495
-5.441313,50,88.306744
-6.657645,50,88.339479
-8.594931,50,88.376663
-3.115391,50,88.419294
-7.397348,50,88.462603
-9.144716,50,88.50405
-7.469922,50,88.545563
-4.481762,50,88.585621
-5.908921,50,88.62774
-6.295145,50,88.67006
-6.922038,50,88.710283
-6.020716,50,88.7509
-7.8191,50,88.79149
-5.738442,50,88.829404
-7.009661,50,88.869378
-6.87397,50,88.909455
-6.709781,50,88.945781
-6.451591,50,88.988271
-5.453716,50,89.878742
-6.718447,50,89.916329
-8.797448,50,89.95505
-6.05349,50,89.996584
-3.476877,50,90.033707
-5.668711,50,90.073284
-7.290364,50,90.114911
-5.991535,50,90.153732
-5.948396,50,90.191988
-6.067388,50,90.230095
-4.796316,50,90.271556
-5.554329,50,90.311061
-7.277971,50,90.348659
-5.60135,50,90.389354
-4.696507,50,90.426604
-9.663925,50,90.46589
-6.161078,50,90.50613
-6.25875,50,90.543875
-4.968507,50,90.580859
-6.562502,50,90.621259
-5.918441,50,90.656585
-6.985349,50,90.696911
-5.147081,50,90.736527
-5.868849,50,90.775171
-6.977372,50,90.816087
-6.384306,50,90.852315
-5.422368,50,90.885847
-6.021198,50,90.925565
-6.014816,50,90.962644
-6.10324,50,91.000831
-7.299978,50,91.039648
-5.95425,50,91.074977
-7.433644,50,91.110684
-6.042879,50,91.152538
-8.632679,50,91.191439
-6.739543,50,91.220455
-6.323518,50,91.255547
-9.478141,50,91.296103
-11.149796,50,91.336628
-7.560134,50,91.377964
-5.648772,50,91.415268
-6.633924,50,92.427444
-7.74413,50,92.469064
-7.387402,50,92.506952
-5.982365,50,92.5456
-5.30401,50,92.587633
-3.076716,50,92.625701
-7.727129,50,92.666362
-6.754693,50,92.705435
-6.572975,50,92.746445
-9.704962,50,92.783595
-10.368615,50,92.820857
-7.801691,50,92.862047
-3.322813,50,92.89976
-8.148674,50,92.939365
-5.803699,50,92.980049
-9.895433,50,93.016246
-4.776642,50,93.056198
-5.33686,50,93.09323
-5.914855,50,93.132413
-3.542591,50,93.170789
-7.620402,50,93.208177
-8.746624,50,93.228693
-4.370296,50,93.248666
-4.892621,50,93.286184
-7.18213,50,93.325258
-6.223447,50,93.363496
-5.981503,50,93.391391
-6.816349,50,93.433166
-6.925643,50,93.472592
-7.176609,50,93.509501
-7.338689,50,93.549727
-7.376443,50,93.59002
-7.345855,50,93.626512
-6.613493,50,93.664681
-7.489456,50,93.703168
-6.052601,50,93.742591
-6.381721,50,93.783352
-7.158701,50,93.823129
-6.354309,50,93.860739
-5.201833,50,93.900057
-5.67179,50,93.940534
-6.690361,50,94.845117
-6.203665,50,94.873228
-6.50826,50,94.901996
-6.824859,50,94.942632
-6.487911,50,94.98606
-6.6281,50,95.028981
-3.00064,50,95.070745
-7.691055,50,95.110628
-4.37091,50,95.14763
-6.044162,50,95.188146
-5.086674,50,95.229049
-7.332627,50,95.270566
-11.766527,50,95.313728
-6.574688,50,95.352762
-5.89864,50,95.39608
-6.272209,50,95.433801
-6.002206,50,95.47457
-5.980142,50,95.516551
-6.970064,50,95.559371
-4.479506,50,95.599778
-8.030883,50,95.636963
-6.400095,50,95.677237
-5.292123,50,95.717968
-6.309746,50,95.757976
-8.84069,50,95.79882
-4.03351,50,95.837137
-5.459377,50,95.875061
-4.583085,50,95.91372
-7.874037,50,95.951485
-2.579314,50,95.981869
-5.094406,50,96.025123
-4.550461,50,96.0635
-6.221899,50,96.103002
-6.069775,50,96.142618
-6.228509,50,96.183477
-7.190711,50,96.225165
-6.121575,50,96.265617
-6.516973,50,96.305317
-9.35482,50,96.346607
-6.272254,50,96.386743
-6.162979,50,96.425996
-6.499182,50,97.439303
-6.025112,50,97.480507
-5.658354,50,97.517295
-5.949357,50,97.554141
-6.345925,50,97.592853
-6.003741,50,97.629105
-5.103844,50,97.667929
-7.300557,50,97.706539
-6.786551,50,97.747997
-4.885423,50,97.785771
-5.183375,50,97.822559
-5.954793,50,97.863386
-5.087374,50,97.902944
-6.877511,50,97.944769
-6.383687,50,97.984512
-7.975234,50,98.024001
-7.788122,50,98.06016
-6.392788,50,98.098899
-7.762783,50,98.13832
-4.573747,50,98.177188
-6.074869,50,98.217054
-4.783655,50,98.256979
-8.361293,50,98.293682
-6.663385,50,98.331568
-5.479092,50,98.368978
-4.222241,50,98.401478
-5.354104,50,98.445402
-5.766337,50,98.483193
-7.170625,50,98.521117
-2.437529,50,98.561011
-8.177486,50,98.599557
-5.954345,50,98.633607
-4.912974,50,98.675957
-5.56445,50,98.713893
-6.30556,50,98.753746
-5.553699,50,98.792909
-6.117228,50,98.832151
-7.366746,50,98.869907
-6.188217,50,98.907136
-6.203991,50,98.945731
-5.647081,50,98.985455
-6.358928,50,99.602159
-7.299643,50,99.639567
-6.213099,50,99.681089
-8.394367,50,99.720219
-6.109052,50,99.757517
-4.936598,50,99.797069
-7.292455,50,99.836051
-6.237386,50,99.871565
-5.322039,50,99.912641
-5.756267,50,99.949684
-4.078481,50,99.987579
-5.865551,50,100.026318
-6.714625,50,100.064817
-5.918722,50,100.103813
-6.214936,50,100.142606
-7.261528,50,100.181305
-5.54206,50,100.221095
-4.410309,50,100.25961
-6.426793,50,100.30009
-3.524437,50,100.339364
-2.196576,50,100.37725
-5.33548,50,100.414608
-3.74164,50,100.451851
-6.555445,50,100.48964
-5.711444,50,100.53172
-5.476851,50,100.570862
-5.604214,50,100.610315
-6.653016,50,100.650762
-7.573384,50,100.685694
-4.978196,50,100.72599
-4.739136,50,100.764215
-2.909222,50,100.802752
-4.398865,50,100.841497
-5.042444,50,100.877355
-5.179589,50,100.91745
-5.058611,50,100.958178
-8.434992,50,100.993922
-6.165941,50,101.033526
-6.558948,50,101.071728
-4.491523,50,101.109159
-5.737872,50,101.145738
-5.685922,50,101.841602
-6.425559,50,101.881434
-4.983684,50,101.918298
-5.650633,50,101.958464
-3.737641,50,101.998559
-6.470951,50,102.037782
-5.584678,50,102.075407
-3.58177,50,102.113726
-6.316801,50,102.152719
-3.60308,50,102.192602
-5.310948,50,102.228507
-5.904508,50,102.267467
-3.50232,50,102.306423
-4.567385,50,102.345887
-5.384476,50,102.385814
-6.806909,50,102.424988
-5.424641,50,102.460789
-6.874783,50,102.501748
-3.67083,50,102.536442
-7.60333,50,102.577184
-5.709846,50,102.618118
-7.057714,50,102.65493
-5.326099,50,102.693896
-5.512854,50,102.729393
-9.192993,50,102.767545
-5.713549,50,102.807168
-7.11352,50,102.847471
-5.945424,50,102.887197
-7.309462,50,102.923819
-5.724266,50,102.962162
-3.653374,50,103.003086
-6.62928,50,103.040345
-6.000194,50,103.080554
-7.56451,50,103.120063
-6.008943,50,103.154549
-5.986494,50,103.196332
-4.467122,50,103.218987
-5.976817,50,103.259432
-6.460701,50,103.296928
-7.862791,50,103.335806
-3.930064,50,103.377066
-5.397213,50,104.177697
-7.129404,50,104.218463
-7.187698,50,104.256229
-5.259758,50,104.29711
-5.461151,50,104.333504
-5.617873,50,104.372642
-7.80664,50,104.409089
-5.17748,50,104.44666
-4.143387,50,104.486139
-5.914808,50,104.526555
-5.705035,50,104.565323
-8.281555,50,104.602323
-5.259552,50,104.641091
-6.20274,50,104.67862
-6.017422,50,104.716525
-4.449773,50,104.753592
-5.588904,50,104.792205
-5.491652,50,104.830496
-5.688951,50,104.867797
-5.173563,50,104.909619
-7.783211,50,104.945689
-5.442031,50,104.987599
-5.693008,50,105.027725
-5.150925,50,105.065138
-4.396395,50,105.105406
-5.718708,50,105.143949
-5.875151,50,105.179301
-8.10393,50,105.22175
-6.249279,50,105.258416
-9.838832,50,105.298367
-5.2231,50,105.338359
-5.492627,50,105.377831
-6.060204,50,105.417664
-5.85985,50,105.455354
-5.160207,50,105.49217
-6.100029,50,105.533703
-5.339232,50,105.5723
-5.787786,50,105.61326
-6.442696,50,105.651288
-6.689289,50,105.688615
-5.897552,50,105.727738
-7.406988,50,106.730864
-6.021656,50,106.768133
-4.465758,50,106.807548
-5.856587,50,106.844998
-6.046983,50,106.88252
-6.862705,50,106.912305
-4.448584,50,106.956028
-4.903759,50,106.994742
-5.566304,50,107.031921
-5.310501,50,107.072258
-4.912417,50,107.111378
-5.897448,50,107.149421
-5.49484,50,107.18939
-2.687969,50,107.230069
-5.510647,50,107.270049
-7.01882,50,107.309195
-6.255424,50,107.34777
-3.42206,50,107.386496
-6.277125,50,107.425556
-5.196756,50,107.465244
-6.158256,50,107.503688
-4.90271,50,107.54204
-5.51093,50,107.579506
-5.529245,50,107.616643
-5.231295,50,107.653827
-4.140364,50,107.693721
-8.009566,50,107.732499
-4.225357,50,107.770346
-6.297863,50,107.811138
-5.613161,50,107.847479
-6.747779,50,107.888676
-6.682076,50,107.929406
-3.383636,50,107.973466
-3.778281,50,108.011778
-5.114747,50,108.052299
-5.961801,50,108.089412
-8.832191,50,108.129271
-3.117083,50,108.169666
-5.81593,50,108.208503
-5.351903,50,108.24714
-7.109302,50,108.286233
-5.280639,50,109.167675
-5.479154,50,109.207169
-2.803924,50,109.24602
-6.423965,50,109.284124
-4.653089,50,109.323872
-5.182656,50,109.364217
-5.683568,50,109.400463
-6.089635,50,109.439319
-4.996834,50,109.479468
-4.97356,50,109.517437
-4.485869,50,109.557661
-4.594821,50,109.596022
-4.990153,50,109.634376
-4.891028,50,109.675474
-5.070405,50,109.71499
-6.324603,50,109.754472
-4.962659,50,109.789895
-6.441613,50,109.825341
-8.156967,50,109.86447
-7.282533,50,109.90412
-10.218507,50,109.943245
-5.131969,50,109.982335
-6.008786,50,110.022343
-5.47449,50,110.060839
-3.071547,50,110.09847
-6.889197,50,110.13859
-8.74518,50,110.176553
-5.747348,50,110.213604
-4.233822,50,110.25435
-8.830941,50,110.292533
-6.576481,50,110.330421
-5.276772,50,110.371638
-5.734925,50,110.412935
-4.217508,50,110.450534
-4.849408,50,110.490523
-4.135072,50,110.53098
-5.127261,50,110.567185
-4.148541,50,110.604581
-4.254475,50,110.646728
-6.200351,50,110.685741
-5.311035,50,110.722793
-5.991796,50,111.650136
-6.649572,50,111.688063
-3.573017,50,111.728756
-5.89935,50,111.768664
-5.155447,50,111.807387
-5.640395,50,111.844681
-7.888793,50,111.880911
-4.738226,50,111.919139
-3.783913,50,111.959453
-4.429587,50,111.997868
-4.347748,50,112.033433
-5.999754,50,112.074539
-5.339909,50,112.111588
-5.677165,50,112.150345
-4.66089,50,112.186406
-5.433475,50,112.226663
-5.420691,50,112.267657
-4.109373,50,112.302771
-5.192666,50,112.342921
-5.299849,50,112.3805
-4.880204,50,112.417652
-7.869912,50,112.459474
-5.090753,50,112.496319
-5.087473,50,112.53539
-3.613489,50,112.575451
-4.855778,50,112.610752
-6.890759,50,112.651457
-5.539244,50,112.691083
-4.480502,50,112.727564
-4.226773,50,112.765472
-4.064266,50,112.805477
-4.615881,50,112.84303
-5.785198,50,112.88471
-3.973667,50,112.924346
-3.807348,50,112.962539
-5.795698,50,113.001445
-6.564729,50,113.039152
-5.128955,50,113.075574
-4.079024,50,113.11643
-6.785997,50,113.15329
-6.693784,50,113.192896
-4.537369,50,114.201945
-4.84039,50,114.241188
-2.721573,50,114.281764
-6.813128,50,114.322361
-6.553977,50,114.362102
-3.5768,50,114.399367
-4.783987,50,114.441114
-1.915449,50,114.478051
-5.434117,50,114.516667
-5.518432,50,114.552361
-6.202435,50,114.592061
-5.423233,50,114.632302
-6.490377,50,114.673312
-5.032459,50,114.711316
-5.998711,50,114.749538
-4.617387,50,114.786352
-4.962695,50,114.826604
-3.880491,50,114.866842
-7.158997,50,114.905537
-4.593104,50,114.944319
-6.67228,50,114.986293
-5.622124,50,115.024699
-5.616778,50,115.064005
-6.288015,50,115.104419
-3.907139,50,115.144053
-2.806339,50,115.184116
-6.681584,50,115.222358
-4.961061,50,115.262697
-5.178686,50,115.305202
-3.886213,50,115.341958
-7.691499,50,115.380763
-5.339592,50,115.422359
-11.584917,50,115.461338
-5.922075,50,115.499219
-5.079204,50,115.54184
-4.470441,50,115.578871
-5.796301,50,115.62127
-4.357768,50,115.66201
-3.911253,50,115.69944
-4.482669,50,115.738526
-5.088019,50,115.778573
-6.073072,50,116.556806
-7.25879,50,116.595175
-7.488147,50,116.629146
-4.822319,50,116.668082
-5.085421,50,116.709429
-5.817988,50,116.734992
-5.302501,50,116.76614
-4.679855,50,116.809467
-5.022841,50,116.848382
-6.203787,50,116.886734
-8.409747,50,116.926302
-4.079685,50,116.963658
-4.890997,50,117.005627
-5.878937,50,117.044377
-5.624905,50,117.084729
-5.866486,50,117.123227
-4.46529,50,117.164857
-4.079661,50,117.203924
-5.35518,50,117.235511
-3.879044,50,117.263341
-4.516257,50,117.304968
-7.126169,50,117.345023
-5.198425,50,117.384362
-4.609949,50,117.423165
-5.163174,50,117.462846
-4.664976,50,117.502151
-4.501886,50,117.541697
-5.111658,50,117.581234
-6.863232,50,117.620468
-2.704042,50,117.660027
-1.757288,50,117.698115
-2.96057,50,117.739769
-5.769544,50,117.777299
-5.215661,50,117.818208
-4.648291,50,117.856633
-5.968991,50,117.895541
-6.000775,50,117.933295
-6.734878,50,117.974524
-5.807817,50,118.011996
-6.09853,50,118.050158
-6.977708,50,118.088248
-6.04884,50,118.871257
-5.748769,50,118.91453
-4.714794,50,118.953098
-5.2976,50,118.990865
-7.664652,50,119.028993
-5.395453,50,119.065799
-6.320921,50,119.108987
-5.228547,50,119.14888
-4.263658,50,119.18761
-9.394824,50,119.226872
-5.874663,50,119.264534
-6.817085,50,119.305235
-5.465962,50,119.343864
-6.091248,50,119.380564
-4.904856,50,119.416933
-3.265259,50,119.453759
-5.134976,50,119.488344
-6.565911,50,119.527634
-5.182998,50,119.567594
-6.82087,50,119.605019
-4.934806,50,119.642567
-4.830374,50,119.681516
-5.00459,50,119.716097
-4.254339,50,119.755395
-3.339317,50,119.796205
-5.099747,50,119.835529
-8.278355,50,119.875593
-5.520862,50,119.915059
-6.04568,50,119.957675
-5.342436,50,119.997448
-4.062335,50,120.031464
-2.593375,50,120.074381
-5.535345,50,120.11418
-4.436984,50,120.152457
-8.824335,50,120.192434
-4.616534,50,120.230684
-5.524974,50,120.269051
-3.855244,50,120.308838
-5.360063,50,120.348433
-5.442991,50,120.386416
-2.665941,50,121.081094
-5.055427,50,121.116935
-5.041653,50,121.156829
-4.844699,50,121.193473
-2.83194,50,121.235213
-4.67028,50,121.274578
-3.750228,50,121.314699
-3.748973,50,121.354062
-4.52004,50,121.39369
-5.183349,50,121.435041
-8.713519,50,121.471264
-3.724467,50,121.508526
-5.095711,50,121.548857
-5.229038,50,121.591113
-3.769495,50,121.63204
-6.539709,50,121.669919
-5.047297,50,121.708676
-4.66297,50,121.749552
-5.115223,50,121.791083
-10.088877,50,121.828839
-4.986919,50,121.8685
-4.483566,50,121.905194
-6.322909,50,121.942918
-5.006591,50,121.981374
-5.153257,50,122.021186
-1.839315,50,122.059528
-2.024226,50,122.097418
-3.85557,50,122.134991
-4.417977,50,122.174768
-5.608446,50,122.212272
-4.37987,50,122.252051
-2.555897,50,122.287611
-6.118944,50,122.327582
-5.888263,50,122.365594
-4.733749,50,122.402996
-4.73785,50,122.442451
-5.173546,50,122.483627
-5.4915,50,122.522574
-5.437007,50,122.560547
-6.713132,50,122.600261
-4.730337,50,122.641753
-5.347967,50,123.439093
-6.86566,50,123.479387
-4.494877,50,123.51635
-4.821524,50,123.555535
-4.436654,50,123.595562
-4.154872,50,123.635672
-5.236599,50,123.672748
-7.299021,50,123.711846
-4.217728,50,123.751752
-4.763312,50,123.790337
-3.567369,50,123.827704
-4.433315,50,123.867217
-3.099904,50,123.90769
-5.327794,50,123.945485
-2.917,50,123.986119
-6.455413,50,124.026557
-5.34004,50,124.066382
-4.122448,50,124.108193
-3.319034,50,124.146815
-5.097722,50,124.185986
-11.026222,50,124.225114
-8.402419,50,124.263524
-4.903386,50,124.303041
-8.464944,50,124.338707
-4.281196,50,124.381681
-5.222512,50,124.42027
-5.092363,50,124.461403
-6.615649,50,124.501133
-4.847221,50,124.537333
-4.556905,50,124.577507
-2.501786,50,124.618339
-5.004101,50,124.6576
-5.063318,50,124.6964
-5.052481,50,124.73635
-4.826323,50,124.778876
-4.89969,50,124.817169
-5.391737,50,124.843139
-5.035836,50,124.8852
-8.229967,50,124.923299
-6.137188,50,124.961984
-4.904366,50,124.99976
-5.686723,50,125.831641
-4.905657,50,125.870341
-6.147576,50,125.911124
-4.061147,50,125.950335
-2.656094,50,125.987471
-7.971573,50,126.025617
-2.147963,50,126.06185
-8.603099,50,126.103446
-5.551378,50,126.140467
-5.489294,50,126.178865
-6.661257,50,126.217524
-4.396741,50,126.258382
-5.184796,50,126.298977
-4.471041,50,126.336736
-3.766892,50,126.376142
-4.571004,50,126.414399
-4.676517,50,126.457536
-5.726249,50,126.493881
-3.830272,50,126.535125
-5.046593,50,126.572844
-2.771355,50,126.612981
-5.430173,50,126.651732
-3.520651,50,126.68744
-9.71839,50,126.726101
-5.880855,50,126.765097
-6.203343,50,126.802566
-7.063956,50,126.838389
-5.128457,50,126.876579
-5.315156,50,126.91334
-4.177704,50,126.95007
-7.596477,50,126.98864
-4.482084,50,127.025489
-3.985366,50,127.066174
-3.477733,50,127.108479
-6.592264,50,127.145287
-8.100205,50,127.186834
-5.746264,50,127.226318
-6.561178,50,127.267571
-4.519827,50,127.305444
-5.862963,50,127.344764
-6.409761,50,127.383702
-3.144611,50,128.108272
-4.266245,50,128.148599
-4.67857,50,128.189034
-4.074541,50,128.228771
-4.64533,50,128.267477
-7.541746,50,128.306003
-2.869778,50,128.340657
-3.502667,50,128.377681
-3.056124,50,128.417125
-4.275124,50,128.456289
-3.504953,50,128.497567
-4.287986,50,128.536522
-5.354541,50,128.576406
-5.477301,50,128.619098
-3.562348,50,128.657543
-5.429025,50,128.696334
-7.745125,50,128.73597
-5.10204,50,128.779196
-3.853467,50,128.815074
-4.0781,50,128.854304
-6.04417,50,128.89396
-4.197798,50,128.933546
-9.095626,50,128.972927
-6.612,50,129.00964
-3.769111,50,129.051453
-5.72366,50,129.088419
-5.543603,50,129.113837
-11.9919,50,129.153562
-3.769366,50,129.194175
-5.224246,50,129.233302
-4.914455,50,129.274681
-4.910062,50,129.31395
-5.64143,50,129.352176
-4.000797,50,129.391168
-6.849064,50,129.428612
-6.454147,50,129.466994
-4.320508,50,129.504439
-4.656084,50,129.54504
-5.642049,50,129.58301
-4.743059,50,129.623739
-4.922269,50,129.66212
-5.05012,50,130.310952
-4.060373,50,130.35048
-2.196051,50,130.391489
-5.577595,50,130.431397
-3.080491,50,130.473478
-4.130464,50,130.515908
-4.568225,50,130.556359
-4.989728,50,130.595744
-6.473555,50,130.634976
-4.99966,50,130.676537
-4.779495,50,130.712701
-4.069618,50,130.747899
-4.799792,50,130.787108
-4.327933,50,130.821243
-4.224151,50,130.863824
-3.047142,50,130.903758
-5.097219,50,130.943041
-4.235555,50,130.981128
-5.310579,50,131.018997
-6.148611,50,131.056008
-4.892067,50,131.090693
-5.237355,50,131.130456
-6.080037,50,131.168238
-5.891077,50,131.205732
-5.610153,50,131.24643
-2.383759,50,131.284015
-4.592023,50,131.320458
-5.310974,50,131.358363
-4.906443,50,131.39903
-4.518277,50,131.437516
-7.167311,50,131.475502
-4.607656,50,131.512652
-5.997976,50,131.549391
-4.634779,50,131.5908
-5.214143,50,131.630731
-4.534968,50,131.668615
-7.277076,50,131.709738
-4.371615,50,131.745045
-4.013461,50,131.78088
-4.182316,50,131.818447
-4.799658,50,131.854441
-4.638382,50,132.660097
-5.072013,50,132.696885
-6.130522,50,132.736466
-4.793463,50,132.774681
-4.706184,50,132.809484
-2.019474,50,132.839987
-8.080874,50,132.876888
-4.167284,50,132.915686
-4.131747,50,132.953848
-6.985953,50,132.992179
-4.818442,50,133.028785
-4.844842,50,133.068588
-4.904287,50,133.107477
-5.066971,50,133.142626
-5.65421,50,133.17562
-5.687487,50,133.203253
-5.627369,50,133.243973
-8.987845,50,133.284469
-4.792289,50,133.324193
-4.406495,50,133.366127
-4.407883,50,133.40363
-4.250569,50,133.439106
-6.330882,50,133.477596
-6.595846,50,133.516616
-3.798509,50,133.555529
-4.801625,50,133.593499
-4.720099,50,133.631699
-5.130679,50,133.665015
-3.2691,50,133.705506
-3.368175,50,133.747288
-5.74473,50,133.785393
-4.812756,50,133.826213
-7.602936,50,133.864599
-3.014784,50,133.900473
-2.950336,50,133.940492
-4.812443,50,133.979381
-4.161269,50,134.017154
-4.098048,50,134.056709
-4.5554,50,134.09767
-5.609947,50,134.138609
-4.597627,50,134.177076
-4.718188,50,135.083348
-5.987395,50,135.120626
-4.800526,50,135.159488
-4.814761,50,135.198689
-3.175852,50,135.237245
-3.773291,50,135.276535
-5.603727,50,135.316126
-8.677062,50,135.354628
-3.229057,50,135.393418
-4.536397,50,135.433115
-3.734831,50,135.471566
-5.836236,50,135.511461
-4.865892,50,135.550865
-7.807975,50,135.589047
-8.501472,50,135.62733
-5.077163,50,135.664868
-4.910093,50,135.705387
-3.421996,50,135.744215
-5.35676,50,135.7855
-8.747657,50,135.824177
-5.282985,50,135.864146
-4.403592,50,135.903377
-4.228694,50,135.939616
-3.575128,50,135.982174
-2.608276,50,136.020167
-3.98486,50,136.059812
-6.16123,50,136.099603
-2.636223,50,136.139311
-3.393161,50,136.177041
-4.138402,50,136.216316
-6.17842,50,136.255988
-6.397629,50,136.292659
-4.462294,50,136.333104
-5.812884,50,136.370206
-4.297599,50,136.413553
-8.64973,50,136.453591
-4.52467,50,136.492754
-4.699063,50,136.530496
-5.97956,50,136.56901
-4.740331,50,136.605783
-5.488032,50,136.643536
-4.425869,50,137.339699
-8.109121,50,137.377333
-2.223745,50,137.415577
-4.90895,50,137.451288
-5.317313,50,137.490108
-5.398227,50,137.530801
-4.662791,50,137.570064
-4.4985,50,137.609087
-3.658222,50,137.650629
-4.667171,50,137.688746
-2.111131,50,137.72728
-4.710031,50,137.766282
-4.589535,50,137.805907
-4.386456,50,137.845967
-3.104884,50,137.884131
-8.442881,50,137.923519
-6.702653,50,137.96354
-3.304965,50,138.00349
-4.294172,50,138.041757
-2.213437,50,138.082617
-3.956024,50,138.123027
-3.205523,50,138.162538
-4.130162,50,138.200553
-5.234106,50,138.24053
-5.341521,50,138.279403
-3.323555,50,138.31906
-5.67723,50,138.357352
-6.109485,50,138.395086
-3.350136,50,138.432436
-3.910641,50,138.470656
-7.226641,50,138.509818
-3.692959,50,138.549637
-4.95678,50,138.586086
-5.462092,50,138.626643
-3.82499,50,138.668329
-2.962048,50,138.70749
-3.95512,50,138.745004
-5.354328,50,138.784683
-4.776404,50,138.822435
-5.480723,50,138.864336
-3.102208,50,138.901698
-2.932598,50,139.626685
-5.850683,50,139.664804
-6.380394,50,139.70435
-5.763232,50,139.743983
-4.808696,50,139.781168
-5.472005,50,139.8221
-7.944427,50,139.861687
-6.071837,50,139.902414
-8.24581,50,139.939782
-3.630141,50,139.977624
-4.823274,50,140.017093
-5.209262,50,140.054181
-5.19222,50,140.094354
-3.326962,50,140.128942
-5.1402,50,140.168597
-5.561265,50,140.209423
-2.81781,50,140.247936
-6.237793,50,140.288148
-4.647471,50,140.325984
-3.726894,50,140.362468
-4.884717,50,140.404732
-3.881059,50,140.44324
-7.527647,50,140.484336
-4.751164,50,140.52526
-4.947343,50,140.563527
-3.655341,50,140.602133
-4.831067,50,140.645139
-4.312958,50,140.684643
-3.855082,50,140.721679
-4.312949,50,140.764604
-3.71611,50,140.804393
-2.220095,50,140.842236
-4.930389,50,140.879709
-4.455043,50,140.915608
-2.229242,50,140.955039
-4.496891,50,140.992757
-6.296709,50,141.033371
-4.881885,50,141.071398
-4.453548,50,141.110979
-3.723765,50,141.146051
-3.883915,50,141.184216
-2.859882,50,141.981407
-7.661619,50,142.020009
-4.948795,50,142.057882
-5.568389,50,142.096801
-5.030908,50,142.134619
-5.542868,50,142.17348
-4.510286,50,142.210392
-3.160049,50,142.250527
-4.015224,50,142.288964
-4.490057,50,142.328002
-7.364911,50,142.366271
-3.950675,50,142.407207
-5.280018,50,142.443539
-4.69941,50,142.484112
-5.041577,50,142.523352
-2.449862,50,142.563723
-2.869898,50,142.601178
-3.018818,50,142.641344
-2.777335,50,142.680598
-5.387695,50,142.721313
-4.66793,50,142.759403
-4.686121,50,142.796363
-4.806349,50,142.83406
-3.406867,50,142.872474
-6.167159,50,142.909588
-6.358687,50,142.951068
-5.352184,50,142.990146
-4.829551,50,143.027718
-7.377591,50,143.06839
-3.618241,50,143.105768
-3.546433,50,143.14366
-7.100594,50,143.182285
-4.536369,50,143.223063
-8.67645,50,143.262378
-4.516877,50,143.303417
-2.924594,50,143.344803
-1.706837,50,143.382442
-4.21885,50,143.42119
-4.068217,50,143.458581
-5.092653,50,143.499421
-4.193309,50,143.538279
-5.237036,50,144.29552
-4.681412,50,144.333205
-2.532589,50,144.37212
-6.414434,50,144.410195
-3.815661,50,144.448681
-3.779844,50,144.486951
-4.485466,50,144.527662
-4.653804,50,144.567481
-4.035629,50,144.603801
-6.481069,50,144.644563
-4.822143,50,144.682785
-6.381972,50,144.718638
-3.816858,50,144.757023
-3.902741,50,144.795302
-5.874457,50,144.835482
-3.240041,50,144.874795
-5.467507,50,144.913492
-4.377138,50,144.951406
-4.791057,50,144.989754
-4.12806,50,145.029388
-3.691323,50,145.067121
-6.186684,50,145.106771
-5.083267,50,145.145534
-5.478123,50,145.187141
-5.494013,50,145.224539
-4.536591,50,145.2605
-4.958117,50,145.299607
-8.481207,50,145.339198
-4.073501,50,145.377387
-7.880065,50,145.415159
-2.56128,50,145.452576
-5.292589,50,145.492628
-1.641941,50,145.532485
-4.388506,50,145.573991
-5.041257,50,145.613103
-2.21745,50,145.654355
-8.041176,50,145.693248
-4.905073,50,145.729325
-4.903649,50,145.768437
-5.730863,50,145.809712
-4.976626,50,145.849417
