#{"t_start": 1760093640.137256, "env_id": "InvertedPendulum-v5"}
r,l,t
7.0,8,0.021381
4.0,5,0.022389
5.0,6,0.023643
3.0,4,0.024532
9.0,10,0.026413
5.0,6,0.027544
8.0,9,0.029241
6.0,7,0.030969
11.0,12,0.033752
4.0,5,0.034724
5.0,6,0.035846
3.0,4,0.036597
6.0,7,0.037912
6.0,7,0.039201
4.0,5,0.040401
3.0,4,0.041255
9.0,10,0.043256
4.0,5,0.044199
4.0,5,0.045123
9.0,10,0.046992
10.0,11,0.050177
8.0,9,0.054485
9.0,10,0.058702
9.0,10,0.080016
10.0,11,0.082199
12.0,13,0.086736
4.0,5,0.089465
11.0,12,0.092463
14.0,15,0.095314
10.0,11,0.097426
5.0,6,0.098574
4.0,5,0.099527
11.0,12,0.101779
4.0,5,0.102847
4.0,5,0.104095
19.0,20,0.107999
5.0,6,0.109126
3.0,4,0.109896
10.0,11,0.111892
9.0,10,0.114139
8.0,9,0.115861
5.0,6,0.117003
2.0,3,0.117588
2.0,3,0.118164
3.0,4,0.119004
6.0,7,0.124054
7.0,8,0.126477
3.0,4,0.127339
25.0,26,0.132201
4.0,5,0.133171
6.0,7,0.134472
10.0,11,0.136733
11.0,12,0.138984
6.0,7,0.140282
3.0,4,0.141037
7.0,8,0.142503
9.0,10,0.144334
2.0,3,0.144903
4.0,5,0.146075
7.0,8,0.147616
3.0,4,0.148375
4.0,5,0.149321
6.0,7,0.150608
21.0,22,0.154734
5.0,6,0.155861
7.0,8,0.157323
3.0,4,0.158072
7.0,8,0.159545
8.0,9,0.161194
4.0,5,0.162167
4.0,5,0.163145
14.0,15,0.165901
15.0,16,0.169011
5.0,6,0.170225
5.0,6,0.171357
6.0,7,0.172641
5.0,6,0.173757
6.0,7,0.175046
4.0,5,0.175981
7.0,8,0.177452
11.0,12,0.179823
5.0,6,0.181044
4.0,5,0.181982
5.0,6,0.183106
15.0,16,0.186219
7.0,8,0.187716
5.0,6,0.188834
8.0,9,0.190472
4.0,5,0.191417
6.0,7,0.192729
4.0,5,0.193665
5.0,6,0.194786
13.0,14,0.197343
6.0,7,0.1987
6.0,7,0.20004
4.0,5,0.200984
16.0,17,0.20418
4.0,5,0.205157
8.0,9,0.206809
7.0,8,0.208278
3.0,4,0.209032
5.0,6,0.21017
4.0,5,0.211104
4.0,5,0.212031
7.0,8,0.213501
10.0,11,0.215553
4.0,5,0.216499
4.0,5,0.217442
10.0,11,0.219589
15.0,16,0.22255
3.0,4,0.223321
24.0,25,0.232214
6.0,7,0.23376
5.0,6,0.234937
14.0,15,0.237871
9.0,10,0.239821
3.0,4,0.24077
4.0,5,0.241745
4.0,5,0.242822
9.0,10,0.244744
4.0,5,0.245697
4.0,5,0.246667
5.0,6,0.247796
4.0,5,0.248734
4.0,5,0.249667
3.0,4,0.25044
4.0,5,0.251378
7.0,8,0.253096
4.0,5,0.254062
2.0,3,0.254647
3.0,4,0.255409
2.0,3,0.255988
4.0,5,0.256941
9.0,10,0.258771
6.0,7,0.260068
4.0,5,0.260999
5.0,6,0.262111
9.0,10,0.263987
5.0,6,0.265139
5.0,6,0.266255
5.0,6,0.267352
7.0,8,0.268888
14.0,15,0.27173
6.0,7,0.273013
7.0,8,0.274486
7.0,8,0.275942
3.0,4,0.276762
3.0,4,0.277562
6.0,7,0.278898
4.0,5,0.279886
8.0,9,0.281547
6.0,7,0.282855
12.0,13,0.285238
4.0,5,0.286358
6.0,7,0.287687
17.0,18,0.290928
6.0,7,0.292213
16.0,17,0.295293
18.0,19,0.299037
10.0,11,0.301099
6.0,7,0.302486
5.0,6,0.303624
6.0,7,0.304921
5.0,6,0.30605
6.0,7,0.307348
5.0,6,0.308453
5.0,6,0.309584
7.0,8,0.31107
7.0,8,0.31255
6.0,7,0.313848
6.0,7,0.315185
10.0,11,0.317203
6.0,7,0.318488
7.0,8,0.320198
8.0,9,0.322189
4.0,5,0.323172
5.0,6,0.324274
5.0,6,0.325412
2.0,3,0.32599
11.0,12,0.328153
5.0,6,0.332678
6.0,7,0.334512
13.0,14,0.337342
12.0,13,0.339706
4.0,5,0.340633
4.0,5,0.341565
7.0,8,0.343549
14.0,15,0.346448
4.0,5,0.347397
5.0,6,0.34852
3.0,4,0.349288
4.0,5,0.35023
9.0,10,0.352072
4.0,5,0.353181
5.0,6,0.354326
4.0,5,0.35527
5.0,6,0.356378
6.0,7,0.357662
9.0,10,0.35947
7.0,8,0.360939
8.0,9,0.362842
6.0,7,0.364206
8.0,9,0.36587
6.0,7,0.367178
4.0,5,0.368132
6.0,7,0.369651
6.0,7,0.371008
5.0,6,0.372139
7.0,8,0.373624
4.0,5,0.374551
7.0,8,0.376022
3.0,4,0.376789
6.0,7,0.37808
9.0,10,0.379916
5.0,6,0.381028
7.0,8,0.382491
3.0,4,0.383237
14.0,15,0.38615
13.0,14,0.388728
4.0,5,0.389668
7.0,8,0.391135
8.0,9,0.392791
3.0,4,0.393554
12.0,13,0.395947
6.0,7,0.397265
6.0,7,0.398556
4.0,5,0.399494
5.0,6,0.400602
6.0,7,0.401891
5.0,6,0.403076
3.0,4,0.403836
9.0,10,0.405684
5.0,6,0.406797
13.0,14,0.40936
12.0,13,0.411749
3.0,4,0.41251
3.0,4,0.413265
4.0,5,0.414198
4.0,5,0.415166
4.0,5,0.416105
5.0,6,0.417215
7.0,8,0.418693
9.0,10,0.420659
3.0,4,0.421423
2.0,3,0.421997
5.0,6,0.423112
19.0,20,0.426746
6.0,7,0.428057
14.0,15,0.430814
12.0,13,0.43722
9.0,10,0.439197
5.0,6,0.440316
4.0,5,0.441247
16.0,17,0.444298
5.0,6,0.445867
14.0,15,0.448729
6.0,7,0.450077
4.0,5,0.451019
6.0,7,0.452566
6.0,7,0.453906
5.0,6,0.455154
9.0,10,0.457034
8.0,9,0.968571
17.0,18,0.972907
4.0,5,0.973879
4.0,5,0.974818
4.0,5,0.975749
10.0,11,0.977765
10.0,11,0.98019
16.0,17,0.983658
16.0,17,0.987106
9.0,10,0.988993
6.0,7,0.990305
7.0,8,0.991796
6.0,7,0.993102
6.0,7,0.994396
4.0,5,0.995326
15.0,16,0.998205
4.0,5,0.999139
4.0,5,1.000074
11.0,12,1.00251
7.0,8,1.004095
7.0,8,1.005585
10.0,11,1.0076
3.0,4,1.008354
9.0,10,1.010179
7.0,8,1.011642
4.0,5,1.012815
11.0,12,1.015137
12.0,13,1.017594
7.0,8,1.019279
3.0,4,1.020089
9.0,10,1.02197
7.0,8,1.023683
21.0,22,1.027791
8.0,9,1.029516
3.0,4,1.030309
26.0,27,1.035289
5.0,6,1.036571
21.0,22,1.040554
6.0,7,1.041844
11.0,12,1.044025
18.0,19,1.047473
15.0,16,1.050355
10.0,11,1.052464
5.0,6,1.053673
6.0,7,1.054996
11.0,12,1.057226
16.0,17,1.060351
8.0,9,1.062032
6.0,7,1.063381
21.0,22,1.0674
4.0,5,1.068348
7.0,8,1.07292
16.0,17,1.076979
6.0,7,1.078286
8.0,9,1.079983
18.0,19,1.083784
8.0,9,1.085638
6.0,7,1.086953
9.0,10,1.08882
11.0,12,1.090997
14.0,15,1.094076
5.0,6,1.095237
4.0,5,1.096241
20.0,21,1.100147
3.0,4,1.100931
25.0,26,1.105906
8.0,9,1.107615
12.0,13,1.110031
19.0,20,1.113719
13.0,14,1.116313
45.0,46,1.12482
24.0,25,1.129576
2.0,3,1.130312
19.0,20,1.134058
4.0,5,1.135006
10.0,11,1.137196
10.0,11,1.139349
7.0,8,1.140937
11.0,12,1.143176
12.0,13,1.145578
18.0,19,1.149105
4.0,5,1.150053
5.0,6,1.151181
8.0,9,1.152985
24.0,25,1.157572
7.0,8,1.159068
18.0,19,1.162592
10.0,11,1.164667
12.0,13,1.167045
20.0,21,1.171178
6.0,7,1.172506
20.0,21,1.180577
3.0,4,1.181382
4.0,5,1.182331
17.0,18,1.185597
17.0,18,1.188849
3.0,4,1.1896
8.0,9,1.191226
13.0,14,1.193745
3.0,4,1.194494
9.0,10,1.196832
12.0,13,1.199378
6.0,7,1.200714
12.0,13,1.203337
7.0,8,1.204894
5.0,6,1.206054
17.0,18,1.20938
10.0,11,1.211439
5.0,6,1.21257
6.0,7,1.213892
6.0,7,1.215197
18.0,19,1.218712
15.0,16,1.222085
3.0,4,1.222859
7.0,8,1.224333
30.0,31,1.230172
4.0,5,1.231392
16.0,17,1.234471
14.0,15,1.237683
15.0,16,1.241004
11.0,12,1.243198
16.0,17,1.246279
10.0,11,1.248262
4.0,5,1.249601
17.0,18,1.253963
9.0,10,1.256123
5.0,6,1.257289
7.0,8,1.258794
12.0,13,1.261247
5.0,6,1.262435
9.0,10,1.264353
4.0,5,1.265318
5.0,6,1.266473
14.0,15,1.269605
9.0,10,1.271501
7.0,8,1.272983
3.0,4,1.273741
15.0,16,1.276987
8.0,9,1.2821
9.0,10,1.288061
7.0,8,1.2937
9.0,10,1.296391
3.0,4,1.297278
18.0,19,1.310833
13.0,14,1.313753
7.0,8,1.315223
10.0,11,1.319408
10.0,11,1.321836
11.0,12,1.324107
6.0,7,1.32542
9.0,10,1.327703
11.0,12,1.330117
12.0,13,1.332601
7.0,8,1.334119
4.0,5,1.335073
11.0,12,1.337756
3.0,4,1.338541
4.0,5,1.339483
5.0,6,1.340602
7.0,8,1.342069
4.0,5,1.343011
11.0,12,1.345175
8.0,9,1.347082
9.0,10,1.349058
4.0,5,1.350025
7.0,8,1.351541
11.0,12,1.353908
8.0,9,1.355548
3.0,4,1.356426
22.0,23,1.360886
10.0,11,1.362963
9.0,10,1.364813
8.0,9,1.366462
12.0,13,1.368855
5.0,6,1.37013
12.0,13,1.372552
10.0,11,1.374599
6.0,7,1.375924
5.0,6,1.377065
5.0,6,1.378201
11.0,12,1.380443
3.0,4,1.383861
8.0,9,1.387858
20.0,21,1.39181
5.0,6,1.392932
6.0,7,1.394352
9.0,10,1.396373
5.0,6,1.397657
7.0,8,1.399182
5.0,6,1.400337
39.0,40,1.914522
9.0,10,1.916538
4.0,5,1.917691
10.0,11,1.920216
4.0,5,1.921256
5.0,6,1.922959
4.0,5,1.924003
4.0,5,1.925142
4.0,5,1.926177
7.0,8,1.927722
13.0,14,1.930799
8.0,9,1.93259
9.0,10,1.934502
11.0,12,1.937006
10.0,11,1.939024
35.0,36,1.945672
14.0,15,1.948375
27.0,28,1.954356
16.0,17,1.957451
15.0,16,1.960625
21.0,22,1.964864
28.0,29,1.970569
13.0,14,1.973239
6.0,7,1.974565
10.0,11,1.976629
5.0,6,1.977768
18.0,19,1.981328
14.0,15,1.984102
14.0,15,1.987092
39.0,40,1.994365
3.0,4,1.995126
30.0,31,2.000714
25.0,26,2.00547
6.0,7,2.006765
27.0,28,2.011787
20.0,21,2.020259
10.0,11,2.022352
7.0,8,2.02385
32.0,33,2.030695
44.0,45,2.04013
8.0,9,2.042025
5.0,6,2.043282
14.0,15,2.046257
8.0,9,2.048116
17.0,18,2.051654
13.0,14,2.054648
15.0,16,2.057946
3.0,4,2.05874
47.0,48,2.067913
12.0,13,2.070625
10.0,11,2.072809
10.0,11,2.074961
10.0,11,2.077039
5.0,6,2.078171
10.0,11,2.080225
6.0,7,2.081543
10.0,11,2.083623
45.0,46,2.092395
4.0,5,2.093346
40.0,41,2.101279
6.0,7,2.102754
22.0,23,2.107056
3.0,4,2.107834
22.0,23,2.112312
5.0,6,2.113524
7.0,8,2.115253
5.0,6,2.116393
14.0,15,2.119245
6.0,7,2.125583
6.0,7,2.127232
13.0,14,2.129818
11.0,12,2.132011
31.0,32,2.138769
5.0,6,2.139913
4.0,5,2.140855
9.0,10,2.142693
7.0,8,2.144408
7.0,8,2.146037
8.0,9,2.147766
8.0,9,2.149481
9.0,10,2.151369
37.0,38,2.158618
22.0,23,2.162957
14.0,15,2.165764
11.0,12,2.168004
22.0,23,2.172446
6.0,7,2.173789
23.0,24,2.17833
11.0,12,2.180579
21.0,22,2.184546
14.0,15,2.187419
8.0,9,2.189097
7.0,8,2.190567
4.0,5,2.19151
13.0,14,2.194053
13.0,14,2.196567
9.0,10,2.198375
5.0,6,2.199483
10.0,11,2.201479
4.0,5,2.202588
10.0,11,2.204632
6.0,7,2.205928
19.0,20,2.209539
8.0,9,2.211194
19.0,20,2.215083
11.0,12,2.21735
4.0,5,2.218326
19.0,20,2.226116
14.0,15,2.257457
18.0,19,2.26286
15.0,16,2.266452
11.0,12,2.268931
15.0,16,2.27188
13.0,14,2.274411
11.0,12,2.276892
5.0,6,2.27809
27.0,28,2.283306
10.0,11,2.285382
9.0,10,2.287432
6.0,7,2.288774
9.0,10,2.290646
22.0,23,2.295086
33.0,34,2.301285
6.0,7,2.302869
6.0,7,2.304332
45.0,46,2.312813
21.0,22,2.316865
9.0,10,2.318739
12.0,13,2.321518
7.0,8,2.32301
29.0,30,2.328415
17.0,18,2.332032
14.0,15,2.335061
5.0,6,2.336447
9.0,10,2.338585
14.0,15,2.341711
10.0,11,2.343726
19.0,20,2.862064
11.0,12,2.864535
60.0,61,2.876308
53.0,54,2.886425
15.0,16,2.893925
3.0,4,2.894746
151.0,152,2.923857
3.0,4,2.9247
30.0,31,2.930398
41.0,42,2.938285
38.0,39,2.945519
24.0,25,2.950141
14.0,15,2.953052
15.0,16,2.95601
9.0,10,2.957866
19.0,20,2.961489
6.0,7,2.962819
14.0,15,2.965553
18.0,19,2.969118
14.0,15,2.971992
15.0,16,2.974944
33.0,34,2.981228
33.0,34,2.987621
18.0,19,2.991111
5.0,6,2.992248
25.0,26,3.001594
8.0,9,3.003329
20.0,21,3.007459
16.0,17,3.010781
47.0,48,3.01983
37.0,38,3.026886
50.0,51,3.036393
15.0,16,3.03936
22.0,23,3.043612
17.0,18,3.046935
35.0,36,3.053602
52.0,53,3.063275
45.0,46,3.071834
29.0,30,3.077296
7.0,8,3.078754
55.0,56,3.089181
48.0,49,3.100047
32.0,33,3.108378
8.0,9,3.110101
19.0,20,3.11413
24.0,25,3.118872
70.0,71,3.1325
14.0,15,3.135291
29.0,30,3.141109
18.0,19,3.1446
25.0,26,3.149362
18.0,19,3.153042
30.0,31,3.158683
35.0,36,3.165473
28.0,29,3.171009
5.0,6,3.172148
8.0,9,3.173823
38.0,39,3.180969
6.0,7,3.182283
5.0,6,3.183424
43.0,44,3.191604
27.0,28,3.196752
4.0,5,3.197696
4.0,5,3.198636
17.0,18,3.201919
16.0,17,3.20912
36.0,37,3.216134
21.0,22,3.220443
12.0,13,3.222836
9.0,10,3.224669
14.0,15,3.227727
14.0,15,3.230574
19.0,20,3.234242
4.0,5,3.235195
14.0,15,3.23816
51.0,52,3.2479
34.0,35,3.254469
7.0,8,3.256121
15.0,16,3.25916
6.0,7,3.260494
34.0,35,3.770292
30.0,31,3.775999
13.0,14,3.778898
16.0,17,3.782166
10.0,11,3.784252
28.0,29,3.790023
14.0,15,3.792856
12.0,13,3.795288
25.0,26,3.800103
12.0,13,3.802692
8.0,9,3.804428
52.0,53,3.814024
49.0,50,3.823364
12.0,13,3.825751
4.0,5,3.826737
13.0,14,3.829535
6.0,7,3.830935
11.0,12,3.833368
20.0,21,3.837572
70.0,71,3.854513
80.0,81,3.869937
65.0,66,3.882273
12.0,13,3.884767
110.0,111,3.905404
43.0,44,3.913618
52.0,53,3.923571
33.0,34,3.929857
83.0,84,3.945141
52.0,53,3.959469
49.0,50,3.968681
22.0,23,3.973163
59.0,60,3.984105
57.0,58,3.99479
48.0,49,4.004175
40.0,41,4.011627
9.0,10,4.013467
6.0,7,4.014773
56.0,57,4.025285
41.0,42,4.033036
52.0,53,4.042807
56.0,57,4.058372
33.0,34,4.066947
19.0,20,4.071278
13.0,14,4.073838
34.0,35,4.080491
73.0,74,4.094605
13.0,14,4.097244
54.0,55,4.107476
17.0,18,4.110749
41.0,42,4.118334
5.0,6,4.119634
43.0,44,4.127647
74.0,75,4.141441
62.0,63,4.153201
33.0,34,4.161778
33.0,34,4.193374
33.0,34,4.674812
25.0,26,4.680047
53.0,54,4.694866
5.0,6,4.696118
69.0,70,4.709297
23.0,24,4.713968
119.0,120,4.736617
56.0,57,4.747103
94.0,95,4.764897
13.0,14,4.767503
96.0,97,4.785179
78.0,79,4.82027
51.0,52,4.838842
68.0,69,4.851371
62.0,63,4.863069
6.0,7,4.864416
56.0,57,4.874852
60.0,61,4.886187
58.0,59,4.897183
87.0,88,4.917806
58.0,59,4.929513
24.0,25,4.934204
84.0,85,4.950072
71.0,72,4.963492
52.0,53,4.973277
36.0,37,4.979942
82.0,83,4.994851
54.0,55,5.004912
129.0,130,5.033238
14.0,15,5.036276
89.0,90,5.053134
54.0,55,5.063373
71.0,72,5.076661
73.0,74,5.090344
35.0,36,5.603382
78.0,79,5.618467
88.0,89,5.635027
91.0,92,5.656607
47.0,48,5.665837
14.0,15,5.668568
88.0,89,5.685246
83.0,84,5.70103
63.0,64,5.712902
53.0,54,5.722982
50.0,51,5.732372
86.0,87,5.75269
35.0,36,5.759912
41.0,42,5.767749
41.0,42,5.775654
55.0,56,5.786414
73.0,74,5.800252
21.0,22,5.804519
43.0,44,5.812667
58.0,59,5.824284
97.0,98,5.842678
15.0,16,5.848898
48.0,49,5.858894
114.0,115,5.88036
75.0,76,5.894731
38.0,39,5.90209
67.0,68,5.914636
15.0,16,5.917606
23.0,24,5.922166
111.0,112,5.943076
45.0,46,5.955609
80.0,81,5.971375
85.0,86,5.987415
108.0,109,6.513742
67.0,68,6.527333
99.0,100,6.546245
119.0,120,6.568515
108.0,109,6.593102
98.0,99,6.611589
57.0,58,6.622981
101.0,102,6.641983
103.0,104,6.660836
103.0,104,6.679955
50.0,51,6.69295
117.0,118,6.715835
84.0,85,6.731806
8.0,9,6.733542
63.0,64,6.74566
114.0,115,6.766971
142.0,143,6.797856
69.0,70,6.811149
112.0,113,6.859319
86.0,87,6.876307
10.0,11,6.878416
61.0,62,6.889971
63.0,64,6.905836
158.0,159,7.409611
414.0,415,7.517022
106.0,107,7.541353
146.0,147,7.568625
147.0,148,7.596233
29.0,30,7.601789
263.0,264,7.654792
58.0,59,7.665985
86.0,87,7.682211
92.0,93,7.699837
144.0,145,7.726367
155.0,156,7.7594
98.0,99,7.778101
54.0,55,7.788378
146.0,147,7.815381
69.0,70,7.828391
230.0,231,8.38429
131.0,132,8.409316
214.0,215,8.449353
118.0,119,8.475816
108.0,109,8.497047
135.0,136,8.522126
112.0,113,8.542669
72.0,73,8.556424
150.0,151,8.587733
354.0,355,8.654008
210.0,211,8.696311
152.0,153,8.72531
269.0,270,9.281355
988.0,989,9.500979
438.0,439,9.586839
237.0,238,9.635044
593.0,594,10.251872
1000.0,1000,10.446828
287.0,288,10.504121
1000.0,1000,11.206355
1000.0,1000,11.400431
1000.0,1000,12.101536
1000.0,1000,12.319804
1000.0,1000,12.988685
1000.0,1000,13.207916
1000.0,1000,13.903053
1000.0,1000,14.098784
1000.0,1000,14.796444
1000.0,1000,14.986306
1000.0,1000,15.685073
1000.0,1000,15.897465
1000.0,1000,16.596116
1000.0,1000,16.789442
1000.0,1000,17.49309
230.0,231,17.540678
1000.0,1000,17.729216
252.0,253,17.780659
1000.0,1000,18.481793
1000.0,1000,18.670571
1000.0,1000,19.392189
1000.0,1000,19.586873
1000.0,1000,20.282224
1000.0,1000,20.480446
1000.0,1000,21.175965
1000.0,1000,21.370271
1000.0,1000,22.070527
1000.0,1000,22.282889
1000.0,1000,22.989751
1000.0,1000,23.184919
1000.0,1000,23.88712
1000.0,1000,24.103373
1000.0,1000,24.801233
1000.0,1000,24.995979
1000.0,1000,25.688405
1000.0,1000,25.882891
1000.0,1000,26.602941
1000.0,1000,26.821134
1000.0,1000,27.517673
1000.0,1000,27.710202
1000.0,1000,28.400903
1000.0,1000,28.613269
1000.0,1000,29.313856
1000.0,1000,29.508809
1000.0,1000,30.205791
1000.0,1000,30.399555
1000.0,1000,31.142052
1000.0,1000,31.338581
1000.0,1000,32.010347
1000.0,1000,32.205384
1000.0,1000,32.399686
1000.0,1000,33.117426
1000.0,1000,33.311212
1000.0,1000,34.010192
1000.0,1000,34.20391
1000.0,1000,34.899126
1000.0,1000,35.117928
1000.0,1000,35.828639
1000.0,1000,36.02459
1000.0,1000,36.787564
1000.0,1000,36.979819
1000.0,1000,37.697135
1000.0,1000,37.914561
1000.0,1000,38.642801
1000.0,1000,38.840525
1000.0,1000,39.531053
1000.0,1000,39.730292
1000.0,1000,40.477838
1000.0,1000,40.67543
1000.0,1000,41.396568
1000.0,1000,41.628919
1000.0,1000,42.337627
1000.0,1000,42.53748
1000.0,1000,43.281209
1000.0,1000,43.480881
1000.0,1000,44.196852
1000.0,1000,44.424531
1000.0,1000,45.1389
1000.0,1000,45.341205
1000.0,1000,46.058244
1000.0,1000,46.284975
1000.0,1000,46.997029
1000.0,1000,47.194415
1000.0,1000,47.931347
1000.0,1000,48.127651
1000.0,1000,48.850675
1000.0,1000,49.071818
1000.0,1000,49.785015
1000.0,1000,49.984038
1000.0,1000,50.731576
1000.0,1000,50.928893
1000.0,1000,51.642384
1000.0,1000,51.868145
1000.0,1000,52.066399
1000.0,1000,52.782601
1000.0,1000,53.010564
1000.0,1000,53.730447
1000.0,1000,53.924981
1000.0,1000,54.664993
1000.0,1000,54.863143
1000.0,1000,55.576368
1000.0,1000,55.810339
1000.0,1000,56.52697
1000.0,1000,56.726847
1000.0,1000,57.446859
1000.0,1000,57.666655
1000.0,1000,58.382217
1000.0,1000,58.578707
1000.0,1000,59.330154
1000.0,1000,59.525707
1000.0,1000,60.248013
1000.0,1000,60.475768
1000.0,1000,61.196073
1000.0,1000,61.39235
1000.0,1000,62.132834
1000.0,1000,62.331852
1000.0,1000,63.052663
1000.0,1000,63.273293
1000.0,1000,63.994285
1000.0,1000,64.186668
1000.0,1000,64.911855
1000.0,1000,65.140408
1000.0,1000,65.856778
1000.0,1000,66.061478
1000.0,1000,66.800957
1000.0,1000,67.00012
1000.0,1000,67.707512
1000.0,1000,67.90554
1000.0,1000,68.651041
1000.0,1000,68.850409
1000.0,1000,69.571962
1000.0,1000,69.767289
1000.0,1000,70.514994
1000.0,1000,70.711681
1000.0,1000,71.436368
1000.0,1000,71.667221
1000.0,1000,71.865204
1000.0,1000,72.615608
1000.0,1000,72.814438
1000.0,1000,73.531644
1000.0,1000,73.725835
1000.0,1000,74.467517
1000.0,1000,74.666363
1000.0,1000,75.3807
1000.0,1000,75.581938
1000.0,1000,76.319917
1000.0,1000,76.517806
1000.0,1000,77.235099
1000.0,1000,77.465517
1000.0,1000,78.185057
1000.0,1000,78.381391
1000.0,1000,79.10875
1000.0,1000,79.314224
1000.0,1000,80.025777
1000.0,1000,80.227547
1000.0,1000,80.960534
1000.0,1000,81.158398
1000.0,1000,81.879293
1000.0,1000,82.103726
1000.0,1000,82.828268
1000.0,1000,83.024594
1000.0,1000,83.743652
1000.0,1000,83.973701
1000.0,1000,84.687665
1000.0,1000,84.883104
1000.0,1000,85.627312
1000.0,1000,85.823764
1000.0,1000,86.542595
1000.0,1000,86.773561
1000.0,1000,87.482168
1000.0,1000,87.678874
1000.0,1000,88.403183
1000.0,1000,88.625404
1000.0,1000,89.340415
1000.0,1000,89.536743
1000.0,1000,90.282922
1000.0,1000,90.479875
