#{"t_start": 1759508410.165494, "env_id": "HalfCheetah-v5"}
r,l,t
-274.400687,1000,9.273778
-248.862213,1000,18.516641
-300.424976,1000,27.713535
-303.425889,1000,36.915614
-253.482725,1000,46.144214
-248.983226,1000,55.483438
-220.811526,1000,64.695176
-181.875532,1000,73.97003
-186.642551,1000,83.304224
-146.357008,1000,92.610081
-190.757691,1000,101.886648
-176.009497,1000,111.330068
-175.921363,1000,121.201087
-209.504459,1000,130.740606
-174.353506,1000,140.314483
-97.08575,1000,149.889864
-79.060683,1000,159.378387
-100.925032,1000,168.798257
-38.354485,1000,178.11241
-45.185534,1000,187.442108
-65.121045,1000,197.9875
9.103905,1000,207.334375
-201.784401,1000,216.707617
-128.809693,1000,226.062453
-77.738635,1000,235.418346
-35.124364,1000,244.77408
49.230396,1000,254.108769
26.069215,1000,263.396745
113.764116,1000,272.721501
28.669174,1000,282.006687
133.283041,1000,291.271282
101.017092,1000,300.639794
174.954657,1000,309.998353
147.950741,1000,319.239686
229.827929,1000,328.38319
216.511787,1000,337.347701
281.938809,1000,346.265096
325.234034,1000,355.231483
407.895817,1000,364.211736
344.479787,1000,373.151172
534.404684,1000,383.316354
477.752323,1000,392.317264
427.531621,1000,401.346071
412.006407,1000,410.25415
404.101781,1000,419.267403
451.446518,1000,428.172419
450.791756,1000,437.131468
527.995556,1000,446.071004
576.78788,1000,455.044268
595.239275,1000,464.028915
491.309763,1000,472.985557
646.919078,1000,481.968724
474.674223,1000,490.962214
526.066296,1000,499.863208
583.921108,1000,508.815654
675.168358,1000,517.73422
747.273801,1000,526.733821
691.098813,1000,537.346868
718.426974,1000,547.374626
734.530482,1000,557.737424
662.718513,1000,569.087405
636.873883,1000,578.736187
776.893998,1000,588.231783
745.282958,1000,597.795895
698.582963,1000,607.291265
788.241845,1000,616.863286
856.038658,1000,626.388753
843.943253,1000,635.913991
789.657829,1000,645.443566
714.07444,1000,654.972734
855.288275,1000,664.49334
810.496261,1000,674.134891
867.066123,1000,683.669901
922.157894,1000,693.199816
941.803173,1000,702.718734
956.642638,1000,712.249188
971.628715,1000,721.783365
975.230971,1000,731.340602
969.50948,1000,740.875248
898.362871,1000,750.437861
1005.152226,1000,761.151577
988.845866,1000,770.688994
1021.056075,1000,780.236113
1016.987344,1000,789.76864
1082.88935,1000,799.435487
1020.229942,1000,809.216033
979.614277,1000,818.959877
1055.257474,1000,828.569432
1015.870467,1000,838.258067
1051.662701,1000,847.87777
1093.46009,1000,857.554968
1093.181102,1000,867.190342
1108.965941,1000,876.878941
1162.278794,1000,886.511005
1129.636243,1000,896.158031
1169.268685,1000,905.833864
1115.238429,1000,915.601032
1086.717754,1000,925.331086
1145.755842,1000,935.076047
1079.057837,1000,944.800338
1180.662035,1000,955.732125
1179.854661,1000,965.446175
1149.079585,1000,975.192772
1189.284204,1000,984.960752
1164.752594,1000,994.699116
1215.909786,1000,1004.43548
1218.824014,1000,1014.153833
1201.731086,1000,1023.883243
1202.437817,1000,1033.621465
1188.503684,1000,1043.351521
1147.875049,1000,1053.102412
1179.027016,1000,1062.885966
1242.316653,1000,1072.146885
1215.084501,1000,1081.165703
1201.951584,1000,1090.188475
1262.251997,1000,1099.239407
1200.808845,1000,1108.331338
1252.967273,1000,1117.346378
1246.228461,1000,1126.384733
1271.130911,1000,1135.424053
1247.566486,1000,1145.537465
1234.966412,1000,1154.681107
1227.751865,1000,1163.697189
1230.238614,1000,1172.756016
1232.628882,1000,1181.831715
1195.164217,1000,1190.852333
1275.292204,1000,1199.884479
1286.281676,1000,1208.911713
1272.688319,1000,1217.951791
1282.214129,1000,1226.957918
1272.29762,1000,1235.912376
1224.595284,1000,1245.187598
1281.308489,1000,1255.430762
1335.663434,1000,1265.359653
1314.691771,1000,1275.456673
1296.99811,1000,1285.106965
1306.21861,1000,1294.626288
1279.777094,1000,1304.096076
1350.029848,1000,1314.350699
1311.671223,1000,1324.794608
1285.499579,1000,1336.54303
1293.410765,1000,1346.193173
1310.821003,1000,1355.700149
1391.312686,1000,1365.325106
1321.940205,1000,1374.90425
1316.036966,1000,1384.388979
1295.362383,1000,1393.930985
1386.476289,1000,1403.466548
1358.294611,1000,1412.97802
1367.655278,1000,1422.542444
1372.903152,1000,1432.041408
1388.032377,1000,1441.61298
1357.512066,1000,1451.11783
1345.101899,1000,1460.681832
1411.343845,1000,1470.217858
-505.367036,1000,1479.763048
1401.725323,1000,1489.301139
1355.127144,1000,1498.809535
1353.254693,1000,1508.380989
1384.208188,1000,1517.979806
1404.767288,1000,1528.738102
1345.484982,1000,1538.364707
1386.537196,1000,1547.962522
1403.200814,1000,1557.608463
1424.519122,1000,1567.218493
1345.99709,1000,1576.875683
1434.676928,1000,1586.476811
1444.514689,1000,1596.133186
1398.331928,1000,1605.785963
1429.661101,1000,1615.470404
1441.344956,1000,1625.101858
1437.613272,1000,1634.696602
1499.772694,1000,1644.36604
1490.658057,1000,1653.890936
1493.143854,1000,1663.332996
1465.24867,1000,1672.405531
1444.054769,1000,1681.457894
1409.25576,1000,1690.504375
1456.625615,1000,1699.542529
1431.670377,1000,1708.613317
1501.604133,1000,1718.803587
1494.633405,1000,1727.907117
1456.778708,1000,1736.941992
1487.437474,1000,1745.973414
1503.524614,1000,1755.057333
1480.616239,1000,1764.157921
1466.037988,1000,1773.175405
1520.310281,1000,1782.200056
1479.469603,1000,1791.304324
1487.037502,1000,1800.355069
1442.217825,1000,1809.395818
1494.32812,1000,1818.441731
1486.833638,1000,1827.498659
1508.731783,1000,1836.523212
1552.759344,1000,1845.644362
1505.168157,1000,1854.646412
1541.436985,1000,1863.666819
1511.600391,1000,1872.702075
1512.941264,1000,1881.714305
1556.81849,1000,1890.778468
1548.426225,1000,1901.29299
1525.058327,1000,1910.663277
1540.129738,1000,1920.012413
1554.093464,1000,1930.014142
1543.536082,1000,1939.675542
1548.664967,1000,1949.352315
1570.357592,1000,1958.949624
1577.956524,1000,1968.738682
1496.087573,1000,1978.661515
1585.563511,1000,1988.773289
1525.133717,1000,1998.706344
1531.018905,1000,2008.626117
1528.094012,1000,2018.420277
1555.73159,1000,2028.049882
1524.719198,1000,2037.697927
1542.795763,1000,2047.301246
1550.094548,1000,2056.951389
1591.735461,1000,2066.58892
1517.0476,1000,2076.207222
1538.2451,1000,2085.837767
1565.139851,1000,2096.651784
1576.865259,1000,2106.283557
1549.595497,1000,2115.893333
1550.133447,1000,2125.512058
1568.878932,1000,2135.135192
1544.326491,1000,2144.76435
1612.854265,1000,2154.345073
1567.684719,1000,2163.928041
1569.583759,1000,2173.588286
1588.837035,1000,2183.401706
1577.628971,1000,2193.039995
1603.040713,1000,2202.675029
1559.054964,1000,2212.386785
1596.321719,1000,2222.324682
1565.601975,1000,2232.240507
1611.689883,1000,2242.492563
1607.942224,1000,2252.267223
1611.652219,1000,2261.602897
1572.814833,1000,2270.847923
1601.074591,1000,2279.9664
1571.03632,1000,2290.079437
1621.363065,1000,2299.052963
1616.629663,1000,2308.050242
1628.011563,1000,2317.238861
1599.374399,1000,2326.912267
1615.769703,1000,2336.195653
1585.37616,1000,2345.509211
1663.116158,1000,2354.82016
1616.41873,1000,2363.912089
1581.439894,1000,2372.895902
1626.870373,1000,2381.86951
1603.261638,1000,2390.884697
1623.265074,1000,2400.01352
1637.481783,1000,2408.997431
1593.958887,1000,2418.018123
1608.065941,1000,2427.007643
1653.58048,1000,2435.985104
1630.960313,1000,2444.992469
1607.363367,1000,2453.982151
1686.999874,1000,2462.976017
1662.918161,1000,2473.050951
1652.893312,1000,2482.032987
1618.703173,1000,2491.070158
1622.928794,1000,2500.093413
1635.430764,1000,2509.115334
1674.99992,1000,2518.108022
1612.983002,1000,2527.154209
1645.657027,1000,2536.357492
1586.830346,1000,2545.429614
1721.265957,1000,2554.463222
1622.5334,1000,2563.504653
1668.360045,1000,2572.55872
1649.864809,1000,2581.633965
1675.605328,1000,2590.687379
1619.187254,1000,2599.71584
1645.598001,1000,2608.767457
1680.383875,1000,2617.824399
1678.172017,1000,2626.97294
1641.588679,1000,2636.003772
1618.268044,1000,2646.037846
1654.603187,1000,2657.152531
1624.941115,1000,2666.857214
1641.382178,1000,2676.497203
1702.824372,1000,2686.172713
1646.084398,1000,2695.844706
1688.485889,1000,2705.538558
1699.743301,1000,2715.307209
1636.048518,1000,2725.451131
1718.826737,1000,2735.638664
1684.76232,1000,2745.61355
1678.838483,1000,2755.58864
1652.422187,1000,2765.581388
1662.289127,1000,2775.304727
1637.267668,1000,2784.986971
1710.256432,1000,2794.628232
1727.005727,1000,2804.34174
1644.784491,1000,2813.983228
1674.243823,1000,2823.683057
1656.856879,1000,2833.30811
1708.19747,1000,2842.977985
1700.191117,1000,2853.839701
1676.291435,1000,2863.463963
1743.585111,1000,2873.153161
1642.005074,1000,2882.780742
1728.583857,1000,2892.493195
1693.214487,1000,2902.13467
1688.116329,1000,2911.831096
1658.254266,1000,2921.467628
1707.04663,1000,2931.170121
1726.517549,1000,2940.829405
1695.387176,1000,2950.522939
1690.293699,1000,2960.232479
1721.453104,1000,2969.761244
1680.85972,1000,2978.870863
1699.674472,1000,2987.947429
1683.274677,1000,2997.029907
1705.980007,1000,3006.074707
1700.794145,1000,3015.16199
1685.936366,1000,3024.223198
1754.931479,1000,3034.254986
1709.754599,1000,3047.050027
1711.193758,1000,3057.059696
1713.637908,1000,3067.470079
1682.344137,1000,3078.14599
1719.55516,1000,3088.497882
1662.659163,1000,3099.354585
1701.021724,1000,3110.230626
1692.597242,1000,3120.043197
1640.192922,1000,3129.889448
1707.249042,1000,3139.208452
1721.037544,1000,3150.556612
1725.863826,1000,3161.288495
1697.711662,1000,3171.078952
1737.24386,1000,3180.612076
1713.940053,1000,3190.318474
1699.11823,1000,3199.787122
1735.355275,1000,3209.510208
1737.523475,1000,3218.979534
1675.027446,1000,3228.881627
1736.252191,1000,3239.634909
1718.224064,1000,3250.440324
1688.434719,1000,3260.041465
1739.942309,1000,3269.672674
1724.921269,1000,3280.095781
1733.962715,1000,3289.689054
1739.232191,1000,3299.695455
1732.867193,1000,3309.941748
1752.978392,1000,3319.982826
1724.652689,1000,3329.831052
1729.588893,1000,3340.006193
1747.094122,1000,3349.669305
1742.310611,1000,3359.381169
1784.198875,1000,3369.655664
1747.497626,1000,3379.895977
1743.997949,1000,3389.759119
1749.332162,1000,3399.729785
1721.839539,1000,3409.895338
1764.822906,1000,3419.50624
1781.867578,1000,3429.097891
1721.042457,1000,3438.713381
1732.656122,1000,3450.393827
1782.486575,1000,3460.764946
1747.25646,1000,3471.190119
1733.971203,1000,3481.478026
1734.278585,1000,3491.510779
1736.942187,1000,3501.189052
1759.967528,1000,3510.831534
1769.576521,1000,3520.460947
1752.356669,1000,3530.087002
1764.58482,1000,3539.746196
1743.784168,1000,3549.374359
1733.349166,1000,3559.036631
1749.418043,1000,3568.665674
1738.255682,1000,3578.3203
1735.781162,1000,3587.941327
1746.3444,1000,3597.558675
1770.449857,1000,3607.233182
1772.998694,1000,3616.878787
1737.890415,1000,3626.499021
1737.394068,1000,3636.440632
1776.01472,1000,3647.49355
1708.971277,1000,3657.140194
1769.117305,1000,3667.041478
1767.508365,1000,3676.697811
1754.114903,1000,3686.373753
1733.060025,1000,3696.00817
1753.35586,1000,3705.680937
1735.042969,1000,3715.33548
1751.826236,1000,3725.51631
1783.286331,1000,3736.158935
1766.670166,1000,3746.821961
1764.532838,1000,3757.342554
1747.775847,1000,3768.027198
1783.653262,1000,3777.810766
1795.959673,1000,3787.890177
1755.31938,1000,3797.516475
1772.316326,1000,3807.366598
1765.877,1000,3817.173221
1775.607712,1000,3827.246693
1763.272383,1000,3836.785473
1792.35142,1000,3847.452047
1749.463826,1000,3857.287454
1751.632573,1000,3867.260089
1753.359732,1000,3877.086131
1745.290293,1000,3886.877473
1799.701139,1000,3896.680494
1768.250682,1000,3906.443176
1771.632156,1000,3916.283573
1784.661551,1000,3926.10913
1758.184723,1000,3935.919548
1761.547042,1000,3945.743114
1713.732465,1000,3955.532827
1754.278745,1000,3965.994169
1742.777313,1000,3975.813699
1770.335603,1000,3986.000023
1777.318529,1000,3996.267936
1806.991576,1000,4005.83992
1769.132591,1000,4015.365658
1729.948569,1000,4024.892747
1764.104611,1000,4034.476812
1783.92787,1000,4045.217038
1781.326725,1000,4054.754866
1750.482472,1000,4064.322447
1797.93787,1000,4074.090413
1772.16051,1000,4083.78146
1747.920337,1000,4093.479497
1801.889427,1000,4103.084083
1756.671898,1000,4112.665668
1776.072817,1000,4122.346795
1792.33783,1000,4132.084217
1750.7316,1000,4141.794192
1756.701125,1000,4151.539251
1774.609853,1000,4161.238385
1745.379294,1000,4171.19874
1804.101079,1000,4181.38803
1820.682944,1000,4191.045937
1765.741535,1000,4200.739169
1749.365194,1000,4210.57475
1765.694978,1000,4221.211766
1805.512467,1000,4231.744379
1788.228564,1000,4243.578432
1800.103189,1000,4254.084865
1778.904451,1000,4264.326129
1786.515793,1000,4274.015065
1798.731248,1000,4283.793441
1787.699292,1000,4293.552259
1792.938619,1000,4303.257875
1782.045607,1000,4313.013586
1789.642104,1000,4322.828845
1786.689481,1000,4332.484879
1814.293084,1000,4342.096907
1810.128368,1000,4351.684473
1788.469989,1000,4361.296894
1800.194698,1000,4370.882137
1798.469433,1000,4380.495913
1831.355984,1000,4390.097828
1775.420679,1000,4399.743572
1800.536386,1000,4409.345017
1789.063218,1000,4418.928145
1823.480219,1000,4428.555615
1833.921595,1000,4439.565841
1832.184991,1000,4449.800545
1814.555841,1000,4460.138991
1807.873722,1000,4469.592398
1804.731865,1000,4478.778008
1781.042624,1000,4487.908931
1839.558798,1000,4497.029009
1797.986423,1000,4506.162601
1816.731833,1000,4515.334433
1808.450733,1000,4524.462504
1803.650693,1000,4533.572743
1784.986557,1000,4543.629551
1840.83274,1000,4553.213497
1777.350708,1000,4562.764195
1788.733842,1000,4572.026861
1791.618778,1000,4581.174703
1804.285881,1000,4590.365179
1790.664168,1000,4600.009679
1835.88477,1000,4609.180764
1814.901735,1000,4618.54524
1821.786512,1000,4628.956129
1799.339168,1000,4638.24187
1802.182421,1000,4647.547649
1812.088259,1000,4656.874571
1814.437543,1000,4666.228424
1802.813486,1000,4675.70782
1815.7331,1000,4685.213565
1796.150461,1000,4694.776808
1791.666467,1000,4705.324828
1807.011109,1000,4714.479203
1795.980318,1000,4723.60188
1805.7441,1000,4732.748183
1832.894031,1000,4741.907294
1806.540472,1000,4751.03879
1807.168225,1000,4760.175676
1826.209512,1000,4769.32517
1801.609526,1000,4778.566525
1817.667502,1000,4787.726369
1774.268099,1000,4796.880255
1788.663678,1000,4806.023501
1829.011741,1000,4816.317304
1794.409169,1000,4826.431143
1821.605462,1000,4836.685772
1814.594091,1000,4846.393128
1810.491538,1000,4856.054509
1834.311345,1000,4865.671674
1825.155553,1000,4875.326093
1807.06154,1000,4884.972141
1831.285158,1000,4894.606269
1816.388756,1000,4904.260402
1833.213949,1000,4913.897821
1841.410826,1000,4923.79384
1823.932436,1000,4934.311378
1806.93676,1000,4944.273333
1832.470523,1000,4954.213447
1852.222952,1000,4964.154105
1830.673752,1000,4973.813603
1839.544334,1000,4983.457079
1823.1871,1000,4993.064516
1826.651193,1000,5002.738903
1846.359397,1000,5013.549439
1829.350605,1000,5023.159006
1829.160143,1000,5032.81664
1801.225416,1000,5042.439764
1844.795143,1000,5052.101847
1830.556427,1000,5061.773861
1869.671951,1000,5071.398943
1786.96599,1000,5081.00788
1812.893655,1000,5090.698803
1841.581278,1000,5100.371227
1832.28122,1000,5109.960511
1851.061856,1000,5119.543133
1822.437463,1000,5129.143501
1839.560906,1000,5138.742059
1848.31665,1000,5148.316753
1831.416842,1000,5158.708031
1858.121539,1000,5168.522568
1845.506647,1000,5178.156438
1833.033164,1000,5187.714759
1801.997181,1000,5197.266643
1309.055586,1000,5208.067856
1348.024464,1000,5217.627166
1826.150565,1000,5227.374344
1820.861866,1000,5237.461587
1844.478424,1000,5247.432024
1813.604391,1000,5257.310116
1845.630841,1000,5267.2056
1812.247961,1000,5276.792313
1820.08841,1000,5286.399815
1845.11703,1000,5295.94279
1851.616504,1000,5305.534182
1842.697617,1000,5315.083352
1859.270703,1000,5324.680867
1835.577886,1000,5334.225141
1846.866338,1000,5343.807122
1840.101279,1000,5353.342678
1865.077553,1000,5362.946028
1861.963996,1000,5372.486012
1887.7903,1000,5382.03336
1805.345622,1000,5391.61028
1810.819261,1000,5402.340698
1861.213054,1000,5411.912351
1849.502107,1000,5421.492785
1868.36796,1000,5431.057402
1845.84661,1000,5440.633636
1832.58153,1000,5450.264984
1865.511659,1000,5459.882895
1864.361834,1000,5469.525476
1859.632362,1000,5479.167263
1862.174387,1000,5488.74338
1889.543225,1000,5498.254834
1880.004211,1000,5507.829377
1838.760386,1000,5517.017107
1797.219242,1000,5526.186619
1828.354807,1000,5535.320247
1870.276927,1000,5544.518925
1865.349702,1000,5554.222786
1873.536711,1000,5563.570993
1829.956597,1000,5573.039324
1843.31698,1000,5582.494844
1851.290738,1000,5592.985765
1871.512502,1000,5602.102929
1855.060481,1000,5611.283364
1869.954655,1000,5620.390815
1861.973343,1000,5629.558559
1853.376907,1000,5638.65919
1839.647815,1000,5647.793361
1856.392996,1000,5656.945863
1858.057791,1000,5666.103873
1864.406775,1000,5675.283614
1851.891695,1000,5684.389055
1806.128869,1000,5693.505548
1840.9294,1000,5702.616164
1876.810205,1000,5711.723408
1882.738633,1000,5720.838826
1849.126194,1000,5729.96169
1870.561235,1000,5739.105193
1866.018893,1000,5748.204419
1869.270309,1000,5757.525374
1848.255719,1000,5766.688727
1848.081557,1000,5776.96027
1859.521907,1000,5786.084748
1880.234913,1000,5795.203246
1891.005297,1000,5804.4011
1861.002182,1000,5813.699581
1832.318142,1000,5822.85715
1859.265132,1000,5832.263083
1864.555552,1000,5841.945355
1848.104524,1000,5851.264326
1871.82897,1000,5860.606567
1870.677956,1000,5869.96076
1886.733748,1000,5879.432319
1863.611259,1000,5889.047656
1864.256436,1000,5898.126249
1866.656179,1000,5907.263805
1899.636899,1000,5916.385659
1877.831586,1000,5925.520751
1883.143896,1000,5934.654603
1852.440854,1000,5943.793257
1876.781562,1000,5952.893945
1850.585402,1000,5963.200425
1882.024688,1000,5972.325331
1864.375196,1000,5981.505641
1868.33509,1000,5990.722859
1902.550084,1000,5999.873763
1885.723234,1000,6009.015596
1900.170058,1000,6018.11501
1873.171319,1000,6027.239236
1893.487615,1000,6036.411189
1887.549111,1000,6045.516098
1904.493968,1000,6054.667645
1878.65463,1000,6063.785348
1899.308751,1000,6072.920736
1869.784005,1000,6082.04615
1884.914744,1000,6091.176542
1869.047801,1000,6100.309996
1883.174848,1000,6109.498824
1871.529176,1000,6118.607971
1885.380339,1000,6127.731433
1890.091304,1000,6136.832098
1858.401288,1000,6147.068635
1891.489358,1000,6156.22781
1893.956755,1000,6165.359202
1878.213062,1000,6174.512323
1885.640859,1000,6183.666912
1871.016758,1000,6192.77201
1847.188,1000,6201.923933
1902.218743,1000,6211.22804
1841.497283,1000,6220.357309
1905.347155,1000,6229.631619
1897.031828,1000,6238.74943
1881.368233,1000,6247.87688
1918.053041,1000,6257.046413
1867.087554,1000,6266.193697
1890.845779,1000,6275.306078
1850.194154,1000,6284.445145
1901.361962,1000,6293.598197
1886.08785,1000,6302.76167
1882.818182,1000,6311.870901
1862.851586,1000,6320.990639
1897.48026,1000,6331.226392
1898.738476,1000,6340.389792
1884.624334,1000,6349.531719
1897.507196,1000,6358.692844
1940.497136,1000,6367.870179
1889.059722,1000,6376.996199
1880.821458,1000,6386.306989
1907.417025,1000,6395.541227
1896.231698,1000,6404.852826
1882.731182,1000,6413.971621
1905.123229,1000,6423.12956
1885.855775,1000,6432.267108
1912.906127,1000,6441.414092
1893.716301,1000,6450.525739
1902.230303,1000,6459.836258
1880.652241,1000,6468.971769
1887.918278,1000,6478.100452
1871.789287,1000,6487.163399
1902.094018,1000,6496.257636
1881.355531,1000,6505.354237
1894.243564,1000,6515.569775
1901.538536,1000,6524.658114
1906.367876,1000,6533.745662
1896.010483,1000,6542.816601
1926.920633,1000,6551.900687
1883.248343,1000,6560.972606
1894.539244,1000,6570.063862
1895.628488,1000,6579.151227
1891.028828,1000,6588.24704
1879.587051,1000,6597.341695
1904.717724,1000,6606.424488
1907.897274,1000,6615.522873
1891.865725,1000,6624.644951
1927.152516,1000,6633.738287
1892.904598,1000,6642.834421
1904.611971,1000,6651.914053
1880.585346,1000,6661.059567
1884.291961,1000,6670.142353
1876.932924,1000,6679.27685
1899.79703,1000,6688.355723
1933.770629,1000,6698.521911
1915.014571,1000,6707.613712
1893.773456,1000,6716.711059
1907.318256,1000,6725.810513
1920.163482,1000,6735.051612
1893.683126,1000,6744.144812
1917.587704,1000,6753.196396
1899.121767,1000,6762.290939
1886.647005,1000,6771.369211
1907.079661,1000,6780.434696
1895.160385,1000,6789.52746
1916.107191,1000,6798.635687
1937.520064,1000,6807.708759
1910.703049,1000,6816.844649
1897.544583,1000,6826.10725
1902.749823,1000,6835.47649
1910.123234,1000,6844.906817
1912.2447,1000,6854.279075
1910.842121,1000,6863.680642
1883.675179,1000,6873.093614
1925.669404,1000,6883.57747
1897.113822,1000,6892.835465
1900.372049,1000,6901.956077
1923.993182,1000,6911.090828
1925.660742,1000,6920.260321
1904.914267,1000,6929.396945
1946.285966,1000,6938.523834
1947.754485,1000,6947.639523
1940.585013,1000,6956.832149
1912.177872,1000,6965.950953
1933.565473,1000,6975.069379
1924.194021,1000,6984.174933
1884.952792,1000,6993.315156
1916.847171,1000,7002.469758
1918.353271,1000,7011.601838
1898.792957,1000,7020.780582
1953.16365,1000,7029.908649
1920.116472,1000,7039.088673
1951.216391,1000,7048.200217
1915.400696,1000,7057.346483
1944.287335,1000,7067.593209
1940.355474,1000,7076.72183
1923.676008,1000,7085.859167
1930.581651,1000,7094.971756
1924.151759,1000,7104.159101
1918.536878,1000,7113.27411
1924.64539,1000,7122.419288
1945.037056,1000,7131.561471
1910.926594,1000,7140.710753
1906.901678,1000,7149.867077
1880.428391,1000,7158.970529
1955.349559,1000,7168.057481
1956.846092,1000,7177.174503
1887.19154,1000,7186.302747
1887.400798,1000,7195.40545
1928.604321,1000,7204.518371
1920.372583,1000,7213.659577
1942.815562,1000,7222.768896
1950.589378,1000,7231.896134
1924.28743,1000,7240.992332
1953.823405,1000,7251.146317
1913.943843,1000,7260.267867
1919.805625,1000,7269.360647
1917.211529,1000,7278.482364
1900.152999,1000,7287.60099
1935.009704,1000,7296.688069
1930.096728,1000,7305.773983
1920.247205,1000,7314.940706
1941.444467,1000,7324.258695
1929.999922,1000,7333.520318
1928.774733,1000,7342.602058
1917.280249,1000,7351.729151
1934.119682,1000,7360.855448
1954.625345,1000,7369.93655
1963.425204,1000,7379.025295
1920.026525,1000,7388.177864
1979.20545,1000,7397.314059
1948.270887,1000,7406.447795
1941.961724,1000,7415.541311
1930.215968,1000,7424.639918
1952.027661,1000,7434.878316
1931.050147,1000,7443.977822
1930.322155,1000,7453.121996
1934.176604,1000,7462.215625
1933.750164,1000,7471.351016
1936.480672,1000,7480.591146
1961.88879,1000,7489.722946
1954.458508,1000,7498.892061
1934.434501,1000,7508.061152
1939.569567,1000,7517.422348
1935.742969,1000,7526.814931
1958.466284,1000,7536.207857
1975.971904,1000,7545.606612
1923.50903,1000,7554.975937
1954.614865,1000,7564.3505
1937.318935,1000,7574.483231
1931.195401,1000,7584.810644
1968.882824,1000,7595.064617
1954.559114,1000,7605.03118
1959.143629,1000,7614.854091
1951.544373,1000,7626.146493
1946.417904,1000,7636.214469
1921.651979,1000,7646.198828
1939.533821,1000,7656.128031
1949.138903,1000,7666.032261
1913.742476,1000,7676.099159
1933.517772,1000,7685.930521
1947.540387,1000,7695.858422
1962.769624,1000,7705.762819
1948.44025,1000,7715.616367
1951.634367,1000,7725.334559
1951.817147,1000,7734.823107
1940.259099,1000,7744.335742
1931.282021,1000,7753.85701
1949.312982,1000,7763.342104
1950.861288,1000,7772.844043
1956.711931,1000,7782.498874
1961.766567,1000,7792.063389
1914.495537,1000,7801.895453
1945.308917,1000,7812.267422
1941.693523,1000,7824.789865
1965.317008,1000,7834.842014
1965.623106,1000,7844.664436
1974.131377,1000,7854.505932
1979.584297,1000,7864.376796
1939.102321,1000,7874.928247
1970.590516,1000,7885.420389
1937.136925,1000,7896.110456
1933.668585,1000,7905.786849
1976.262448,1000,7915.496648
1974.165773,1000,7925.086697
1947.957754,1000,7934.785127
1982.808356,1000,7944.445058
1936.21078,1000,7954.20181
1967.937423,1000,7964.047652
1971.349846,1000,7973.883911
1980.790866,1000,7983.670837
1960.573864,1000,7993.301229
1959.700863,1000,8003.021818
1959.942472,1000,8012.743607
1966.743519,1000,8023.777871
1926.49814,1000,8033.785114
1961.517121,1000,8044.07128
1951.358923,1000,8054.051801
1958.16902,1000,8064.307895
1981.702494,1000,8074.339677
1974.199975,1000,8084.162021
1975.28462,1000,8094.00334
1956.001079,1000,8103.931423
1995.691732,1000,8113.714486
1948.391049,1000,8123.508928
1969.469651,1000,8133.754937
1990.947256,1000,8144.139046
1993.492407,1000,8154.728093
1916.626303,1000,8165.369485
1965.979241,1000,8175.083078
1934.119113,1000,8184.710451
1941.159422,1000,8194.641657
1956.371394,1000,8204.414919
1955.522611,1000,8214.463356
1967.671061,1000,8225.228059
1952.720675,1000,8235.013568
1963.348709,1000,8244.711846
1913.223065,1000,8254.487894
1962.958626,1000,8264.260739
1953.469734,1000,8273.963535
1950.393309,1000,8283.677018
1968.63096,1000,8293.440457
1975.53605,1000,8303.174008
1980.988047,1000,8312.853088
1996.716891,1000,8322.636113
1986.852753,1000,8332.428138
1945.570389,1000,8342.256626
1963.396745,1000,8352.072702
1956.039534,1000,8363.193812
1986.867822,1000,8373.684036
1972.407696,1000,8384.298157
1980.824166,1000,8394.698794
1988.036642,1000,8404.354043
1979.940079,1000,8413.978691
1989.637546,1000,8424.955873
1980.944796,1000,8434.633471
1965.22335,1000,8444.383427
1969.43757,1000,8454.844778
1987.211826,1000,8465.376825
1975.708016,1000,8475.66184
1949.930897,1000,8485.252235
1986.8625,1000,8494.983237
1976.875567,1000,8504.823488
1969.780854,1000,8514.676215
1984.429497,1000,8524.264729
1971.468516,1000,8533.893643
1976.034352,1000,8543.540885
1978.471692,1000,8553.163386
1969.952814,1000,8562.796462
1980.878516,1000,8572.434286
1973.696413,1000,8582.056953
1950.022669,1000,8591.652497
1962.704447,1000,8601.315092
1957.500112,1000,8610.915509
1954.406679,1000,8621.686332
1960.608062,1000,8631.331791
1964.757007,1000,8640.919708
1973.750303,1000,8650.559986
1979.321168,1000,8660.20397
1964.468894,1000,8669.848055
1993.51219,1000,8679.438959
1986.173708,1000,8689.06107
1962.130593,1000,8698.740625
1974.554006,1000,8708.361951
1967.537243,1000,8717.989149
1979.651926,1000,8727.587685
1989.69687,1000,8737.244657
1984.933045,1000,8746.855832
1990.294696,1000,8756.562674
1982.207444,1000,8766.134473
1962.415305,1000,8775.756449
1968.102201,1000,8785.457184
1982.304521,1000,8795.098518
1998.13265,1000,8804.727852
1975.656097,1000,8815.617685
1991.431169,1000,8825.227637
1980.928847,1000,8834.865577
1979.96915,1000,8844.479019
1957.471414,1000,8854.156875
1970.508351,1000,8863.598841
1995.686691,1000,8872.799181
1963.206421,1000,8881.975314
1982.537194,1000,8891.179501
1982.814007,1000,8900.3224
1965.09251,1000,8909.483609
1982.571604,1000,8918.62226
1999.931348,1000,8927.908608
2003.581547,1000,8937.634761
1981.859006,1000,8947.118908
2031.719318,1000,8956.58171
1997.807821,1000,8966.049383
1964.726281,1000,8975.321682
1963.785186,1000,8984.600783
1988.51182,1000,8993.734598
2014.509432,1000,9003.993852
1999.393842,1000,9013.115418
1995.053455,1000,9023.083292
1980.52344,1000,9032.709036
1981.882453,1000,9042.342368
1964.038137,1000,9051.946934
2008.051303,1000,9061.60603
1976.129175,1000,9071.187006
1983.01576,1000,9080.856551
1993.302567,1000,9090.553583
1983.92632,1000,9100.905017
1960.864585,1000,9110.72073
1992.368993,1000,9120.705413
1995.846999,1000,9130.705938
1979.448094,1000,9140.462045
2005.966509,1000,9150.049992
1995.2825,1000,9159.640936
1985.982349,1000,9169.200052
2000.625099,1000,9178.88457
1965.90541,1000,9188.417408
1983.198881,1000,9199.180791
1984.246847,1000,9208.72044
1983.219258,1000,9218.273411
1988.832067,1000,9227.833751
1949.28855,1000,9237.429708
1975.537173,1000,9246.958213
1986.970833,1000,9256.533311
1955.221845,1000,9266.061046
1982.929065,1000,9275.669298
1967.913481,1000,9285.216119
1963.743895,1000,9294.827828
2009.041666,1000,9304.415271
1959.235941,1000,9313.982711
1947.233532,1000,9323.584279
1983.626731,1000,9333.116005
1993.828379,1000,9342.578544
1987.765703,1000,9351.78003
2003.58331,1000,9360.886962
1996.394058,1000,9369.966637
1984.038079,1000,9379.318324
1999.800193,1000,9389.854242
1963.78407,1000,9399.109607
1999.715129,1000,9409.285038
1988.482348,1000,9418.622028
1997.790633,1000,9427.963157
2030.947449,1000,9437.508521
2000.562706,1000,9446.957863
1992.297751,1000,9456.39751
2013.464991,1000,9465.756985
1996.116229,1000,9475.098808
1952.706266,1000,9484.456617
1990.462972,1000,9494.094989
2028.02159,1000,9503.827406
1989.045325,1000,9513.40729
1975.090153,1000,9522.931661
1996.560649,1000,9532.475749
1992.38911,1000,9541.998412
2021.179679,1000,9551.669172
1996.05432,1000,9561.309834
1976.403753,1000,9572.189609
