rollout/ep_len_mean,time/iterations,time/time_elapsed,rollout/ep_rew_mean,time/total_timesteps,time/fps,train/value_loss,train/explained_variance,train/approx_kl,train/policy_gradient_loss,train/entropy_loss,train/clip_fraction,train/loss,train/learning_rate,train/n_updates,train/std,train/clip_range,eval/mean_ep_length,eval/mean_reward
7.65,1,0,7.65,2048,5137,,,,,,,,,,,,,
10.19,2,1,10.19,4096,3344,13.02467526718974,0.0001304149627685547,0.019371752,-0.021612901949265507,-1.3970668748021127,0.172509765625,2.562638759613037,0.0003,10,0.9545564651489258,0.2,,
15.79,3,2,15.79,6144,3006,13.09841300547123,0.14954841136932373,0.02495503,-0.03179458608210552,-1.3397498808801174,0.1953125,4.754187107086182,0.0003,20,0.8985257744789124,0.2,,
23.26,4,2,23.26,8192,2862,25.036651885509492,0.139043390750885,0.022807123,-0.02991068071423797,-1.2920749984681605,0.20166015625,13.343159675598145,0.0003,30,0.8648617267608643,0.2,,
,,,,10000,,43.02529618144035,0.10869467258453369,0.009999363,-0.02148499414179241,-1.2593152556568383,0.1177734375,23.917156219482422,0.0003,40,0.840985894203186,0.2,102.4,102.4
31.25,5,3,31.25,10240,2679,,,,,,,,,,,,,
40.88,6,4,40.88,12288,2640,51.09986676573753,0.15842342376708984,0.0077302977,-0.01769626254681498,-1.2362570535391568,0.101513671875,18.226900100708008,0.0003,50,0.8242467641830444,0.2,,
50.59,7,5,50.59,14336,2621,40.747744315862654,0.4762495160102844,0.0077544213,-0.012301067571388557,-1.2213166572153569,0.07216796875,23.105762481689453,0.0003,60,0.8165631294250488,0.2,,
60.83,8,6,60.83,16384,2590,47.20497488975525,0.584778904914856,0.014181435,-0.016727198447915724,-1.2055370509624481,0.118212890625,28.023578643798828,0.0003,70,0.7992724776268005,0.2,,
69.97,9,7,69.97,18432,2569,35.77051059007645,0.7554932236671448,0.00931257,-0.0075563109130598605,-1.1858477737754582,0.074609375,15.23080825805664,0.0003,80,0.7834612131118774,0.2,,
,,,,20000,,16.690449430048467,0.9040298461914062,0.006840218,-0.009874083925387822,-1.1786108519881964,0.097021484375,3.661728858947754,0.0003,90,0.7905150055885315,0.2,140.4,140.4
80.86,10,8,80.86,20480,2516,,,,,,,,,,,,,
91.24,11,8,91.24,22528,2518,19.48607732206583,0.9135479927062988,0.010751058,-0.01244116461602971,-1.1749535884708167,0.1068359375,6.004513740539551,0.0003,100,0.7777446508407593,0.2,,
106.33,12,9,106.33,24576,2505,20.898649778962135,0.9185664057731628,0.0079494845,-0.008649030012020376,-1.1731834910809993,0.097216796875,4.5534796714782715,0.0003,110,0.7862260341644287,0.2,,
119.64,13,10,119.64,26624,2510,18.140121260285376,0.9336386919021606,0.008939339,-0.0087538331412361,-1.178433495014906,0.079638671875,5.305515289306641,0.0003,120,0.7875901460647583,0.2,,
134.54,14,11,134.54,28672,2511,13.249413852393626,0.9565188884735107,0.011342899,-0.01738847837841604,-1.173405320569873,0.12490234375,4.612758636474609,0.0003,130,0.7747369408607483,0.2,,
,,,,30000,,12.800932320952416,0.957970142364502,0.011048923,-0.01701229583559325,-1.1574130348861218,0.1166015625,5.277318954467773,0.0003,140,0.7663965821266174,0.2,1000.0,1000.0
153.01,15,12,153.01,30720,2372,,,,,,,,,,,,,
171.26,16,13,171.26,32768,2387,10.082290164381266,0.9048972129821777,0.009615332,-0.01815734556876123,-1.1351580254733562,0.11923828125,1.6227152347564697,0.0003,150,0.7359819412231445,0.2,,
189.34,17,14,189.34,34816,2395,3.885177721362561,0.6369685530662537,0.009589199,-0.01137597183114849,-1.096749884262681,0.09716796875,0.33959290385246277,0.0003,160,0.7092492580413818,0.2,,
207.91,18,15,207.91,36864,2404,2.3321189768903423,-0.09314167499542236,0.012907419,-0.003376165549707366,-1.061708813533187,0.07138671875,0.0656537413597107,0.0003,170,0.6844670176506042,0.2,,
226.52,19,16,226.52,38912,2410,1.4825211694289464,-0.03277122974395752,0.003602875,0.0010011082587880083,-1.0469039645045997,0.02861328125,0.17263571918010712,0.0003,180,0.6976310014724731,0.2,,
,,,,40000,,0.9849309685101616,-0.043152689933776855,0.004513434,-0.0005252694099908695,-1.0679662995040418,0.049169921875,0.005225301254540682,0.0003,190,0.7130929231643677,0.2,1000.0,1000.0
244.85,20,17,244.85,40960,2314,,,,,,,,,,,,,
263.69,21,18,263.69,43008,2323,0.5856410876323934,-0.007520198822021484,0.005770851,4.22635130234994e-05,-1.087706758081913,0.038671875,0.04744847118854523,0.0003,200,0.7238807678222656,0.2,,
282.33,22,19,282.33,45056,2334,0.3489047745530115,-0.012280106544494629,0.0056397035,-0.0010168767519644461,-1.1133421208709477,0.059130859375,0.01897868514060974,0.0003,210,0.7548143267631531,0.2,,
300.76,23,20,300.76,47104,2337,0.21249703715839133,0.02465301752090454,0.0068860007,-0.003860701937810518,-1.1462547358125448,0.0716796875,-0.0071379393339157104,0.0003,220,0.7686967849731445,0.2,,
320.24,24,20,320.24,49152,2342,0.12658983095479925,-0.015754342079162598,0.0058702086,-0.0007361030366155319,-1.1671935424208641,0.04384765625,0.025574445724487305,0.0003,230,0.7884482741355896,0.2,,
,,,,50000,,36.168743561487645,0.0011007189750671387,0.0039205044,-0.00045797875500284133,-1.1808373920619488,0.041796875,46.351253509521484,0.0003,240,0.7868756651878357,0.2,1000.0,1000.0
338.51,25,22,338.51,51200,2267,,,,,,,,,,,,,
356.1,26,23,356.1,53248,2279,0.07946835214097518,-2.1640491485595703,0.0072225216,-0.0033580859810172113,-1.1808737721294165,0.098779296875,-0.012423942796885967,0.0003,250,0.7908079624176025,0.2,,
374.3,27,24,374.3,55296,2287,0.04344174057423515,-0.027015328407287598,0.007318495,-0.002498526172712445,-1.1811320830136538,0.09853515625,-0.011344671249389648,0.0003,260,0.7872850298881531,0.2,,
392.32,28,24,392.32,57344,2296,0.026334626103562186,-0.04774463176727295,0.0056774383,-0.002572732084081508,-1.1957516241818666,0.0623046875,-0.02412494458258152,0.0003,270,0.8130010366439819,0.2,,
409.97,29,25,409.97,59392,2298,0.016316917175254277,0.04852890968322754,0.0073066438,-0.004131430626148358,-1.213346380367875,0.08974609375,0.013142530806362629,0.0003,280,0.8153398036956787,0.2,,
,,,,60000,,0.010301847856953827,-0.04962658882141113,0.004384539,0.0016508883178175892,-1.2106482911854983,0.04169921875,0.003252912312746048,0.0003,290,0.8086358308792114,0.2,1000.0,1000.0
427.64,30,27,427.64,61440,2239,,,,,,,,,,,,,
445.72,31,28,445.72,63488,2248,0.006707458316577685,-0.037805795669555664,0.009395249,-0.0041114935418590905,-1.2035867497324944,0.112841796875,-0.01731681264936924,0.0003,300,0.8037601709365845,0.2,,
463.94,32,29,463.94,65536,2253,0.004258067678824773,-0.07394003868103027,0.0063097216,-0.0033453380514401943,-1.2037534926086664,0.058349609375,-0.027263488620519638,0.0003,310,0.8104984760284424,0.2,,
481.46,33,29,481.46,67584,2261,0.0028517423723315007,-0.06621646881103516,0.0038826107,-0.0007791867406922393,-1.2036828618496656,0.034033203125,-0.0014053289778530598,0.0003,320,0.8003816604614258,0.2,,
499.65,34,30,499.65,69632,2267,0.001847578465924471,-0.09427249431610107,0.0037026154,-1.628298341529444e-05,-1.1956967566162349,0.031982421875,0.016066990792751312,0.0003,330,0.7991418838500977,0.2,,
,,,,70000,,0.001253454773058138,-0.06733894348144531,0.008789478,0.00038231370999710637,-1.1878853633999824,0.0697265625,-0.001417890191078186,0.0003,340,0.7894799113273621,0.2,1000.0,1000.0
517.49,35,32,517.49,71680,2220,,,,,,,,,,,,,
534.4,36,33,534.4,73728,2226,0.0008179690497740922,-0.07907998561859131,0.0051618023,-0.0012573590771353337,-1.1808612421154976,0.048583984375,-0.00599347660318017,0.0003,350,0.7857339382171631,0.2,,
553.08,37,33,553.08,75776,2231,0.0006195661043335576,-0.14058220386505127,0.006173114,-0.001568073393718805,-1.1822716519236565,0.06396484375,-0.012824365869164467,0.0003,360,0.7932736277580261,0.2,,
580.61,38,34,580.61,77824,2237,0.0005378323798311158,-0.1436392068862915,0.0034962585,-0.002119447743461933,-1.1857749082148075,0.05263671875,-0.009721644222736359,0.0003,370,0.7903165817260742,0.2,,
597.69,39,35,597.69,79872,2244,0.0003718101509775806,-0.1289825439453125,0.00487475,0.000444824191799853,-1.1798044566065073,0.03544921875,0.006396476645022631,0.0003,380,0.7864009141921997,0.2,,
,,,,80000,,0.0002065734488240878,-0.12095129489898682,0.0035377638,1.328089347225614e-05,-1.1725546829402447,0.041748046875,-0.006001685746014118,0.0003,390,0.7765606641769409,0.2,1000.0,1000.0
615.8,40,37,615.8,81920,2196,,,,,,,,,,,,,
633.88,41,38,633.88,83968,2189,0.0001687057366410727,-0.11246633529663086,0.0060875043,-0.0005476793645357248,-1.1493422195315361,0.0337890625,0.0076929484494030476,0.0003,400,0.7532612681388855,0.2,,
651.97,42,39,651.97,86016,2193,9.678845111125157e-05,-0.30184900760650635,0.0076986565,-0.001975308339751791,-1.1348477005958557,0.0755859375,-0.00042725930688902736,0.0003,410,0.7521416544914246,0.2,,
669.41,43,40,669.41,88064,2201,7.452889315118227e-05,-0.48414814472198486,0.0033760862,-0.0007008915839833207,-1.126833674684167,0.051025390625,-0.011167293414473534,0.0003,420,0.7432739734649658,0.2,,
,,,,90000,,6.0305804345262005e-05,-0.3079417943954468,0.0032984456,-0.0034584090768476016,-1.1076931122690439,0.054736328125,0.004229971673339605,0.0003,430,0.7225464582443237,0.2,1000.0,1000.0
687.03,44,41,687.03,90112,2172,,,,,,,,,,,,,
704.06,45,42,704.06,92160,2180,4.420950864130191e-05,-0.7108914852142334,0.0025903648,0.0004606326532666571,-1.0900414030998946,0.030810546875,-0.005091947969049215,0.0003,440,0.7169309854507446,0.2,,
721.78,46,43,721.78,94208,2188,2.8366063580165247e-05,-0.6222108602523804,0.0049173646,-0.004399701642250875,-1.0608937203884126,0.0326171875,-0.00745644373819232,0.0003,450,0.6846367716789246,0.2,,
739.99,47,43,739.99,96256,2197,2.2628744605412977e-05,-0.9675731658935547,0.0023278696,0.000922859559796052,-1.0317281752824783,0.027685546875,-0.019048290327191353,0.0003,460,0.6734794974327087,0.2,,
757.71,48,44,757.71,98304,2203,2.4290911034086095e-05,-0.8471881151199341,0.007942952,-0.003365233125077793,-1.0127146888524294,0.092333984375,0.005523828789591789,0.0003,470,0.6591818332672119,0.2,,
,,,,100000,,1.858800912089009e-05,-1.4757061004638672,0.0048173927,-0.0027296920045046134,-0.9877058677375317,0.037255859375,-0.005094156600534916,0.0003,480,0.6416956186294556,0.2,1000.0,1000.0
774.99,49,46,774.99,100352,2175,,,,,,,,,,,,,
791.56,50,46,791.56,102400,2180,1.592049322027833e-05,-1.5865824222564697,0.0033302098,0.0014055298815947026,-0.9656898643821478,0.0357421875,-0.004872750025242567,0.0003,490,0.6300570368766785,0.2,,
808.62,51,47,808.62,104448,2186,1.360962173180269e-05,-1.7650601863861084,0.00762719,-0.0015610883318004198,-0.9402549512684345,0.0521484375,-0.010243983939290047,0.0003,500,0.6116983294487,0.2,,
823.34,52,48,823.34,106496,2193,7.695624358916574e-06,-2.527039051055908,0.0035354448,0.0006563880262547173,-0.9072357172146439,0.0373046875,0.043362002819776535,0.0003,510,0.5908511281013489,0.2,,
839.38,53,49,839.38,108544,2197,9.838619493507395e-06,-3.589557647705078,0.0064977305,0.0017824150127125904,-0.8781033838167787,0.049072265625,0.007848536595702171,0.0003,520,0.5756785273551941,0.2,,
,,,,110000,,3.552973103637669e-06,-2.5433907508850098,0.0030433773,-0.000581427855649963,-0.8466613337397575,0.03583984375,-0.012875791639089584,0.0003,530,0.5542463064193726,0.2,1000.0,1000.0
856.18,54,50,856.18,110592,2171,,,,,,,,,,,,,
874.44,55,51,874.44,112640,2177,3.830924123349178e-06,-4.88867712020874,0.00406812,-7.65660937759094e-05,-0.8078670663759112,0.0427734375,-0.008621233515441418,0.0003,540,0.5356441736221313,0.2,,
888.71,56,52,888.71,114688,2182,1.2037654155960808e-05,-4.047351360321045,0.0048897685,0.0010483652018592692,-0.7800935622304678,0.04755859375,-0.005138487555086613,0.0003,550,0.5201345682144165,0.2,,
905.49,57,53,905.49,116736,2188,7.424155165836055e-06,-5.43229341506958,0.00612359,-0.0018063514013192616,-0.7400272203609347,0.0380859375,-0.00589191447943449,0.0003,560,0.4970896244049072,0.2,,
918.85,58,54,918.85,118784,2193,1.2451815535996503e-06,-7.604085922241211,0.0061447592,-0.0008725352556211874,-0.693681769259274,0.03916015625,-0.001458878512494266,0.0003,570,0.4746192991733551,0.2,,
,,,,120000,,1.9455886345554063e-05,-10.894574165344238,0.0045190183,-5.553377122851089e-05,-0.6531071480363607,0.046435546875,0.0034460434690117836,0.0003,580,0.45632824301719666,0.2,1000.0,1000.0
944.13,59,55,944.13,120832,2169,,,,,,,,,,,,,
957.27,60,56,957.27,122880,2176,5.608475385088241e-06,-17.181529998779297,0.00468034,-0.0014123732602456585,-0.6118584601208568,0.031494140625,0.014673558063805103,0.0003,590,0.43764740228652954,0.2,,
970.32,61,57,970.32,124928,2181,2.5864316910428897e-06,-11.069563865661621,0.008089462,0.002342190440685954,-0.5782799208536744,0.041259765625,-0.02290152758359909,0.0003,600,0.42708075046539307,0.2,,
984.11,62,58,984.11,126976,2187,2.3006654771506875e-06,-14.479365348815918,0.0030359994,0.0003425235627219081,-0.5548208020627499,0.042333984375,-0.008258872665464878,0.0003,610,0.4152700901031494,0.2,,
991.97,63,58,991.97,129024,2192,0.00011419587559089451,-12.37236499786377,0.0029424783,0.0016545932667213492,-0.5218361496925354,0.052099609375,0.009515432640910149,0.0003,620,0.40218839049339294,0.2,,
,,,,130000,,8.023490920550103e-07,-11.587287902832031,0.0054272246,0.0010487992811249569,-0.4878390973433852,0.04345703125,0.03147704526782036,0.0003,630,0.38768231868743896,0.2,1000.0,1000.0
991.97,64,60,991.97,131072,2169,,,,,,,,,,,,,
991.97,65,61,991.97,133120,2174,3.375324888565956e-06,-10.844614028930664,0.0025658193,0.0019853091980621684,-0.4602097313851118,0.037548828125,-0.010164097882807255,0.0003,640,0.37901341915130615,0.2,,
991.97,66,61,991.97,135168,2180,5.581518422559384e-07,-13.993424415588379,0.004122001,-0.0008096006247797049,-0.4272026205435395,0.0494140625,0.016908369958400726,0.0003,650,0.36446407437324524,0.2,,
991.97,67,62,991.97,137216,2185,1.9295442768907377e-06,-11.518160820007324,0.007556147,0.00010988293215632438,-0.3942410137504339,0.049462890625,0.004659008700400591,0.0003,660,0.3543412387371063,0.2,,
991.97,68,63,991.97,139264,2190,0.00013863031956304895,-14.379491806030273,0.0075136903,-0.0037862906712689435,-0.3560155786573887,0.058154296875,-0.005070250481367111,0.0003,670,0.337856650352478,0.2,,
,,,,140000,,8.257256433807925e-06,-13.953896522521973,0.0075300224,0.0010938959792838431,-0.3163836617022753,0.074560546875,-0.020325524732470512,0.0003,680,0.32724201679229736,0.2,1000.0,1000.0
991.97,69,65,991.97,141312,2171,,,,,,,,,,,,,
991.97,70,65,991.97,143360,2176,4.5186465058577596e-07,-14.108757019042969,0.004672109,-0.0005621111951768399,-0.28250028043985365,0.05087890625,0.005610302090644836,0.0003,690,0.3164668083190918,0.2,,
991.97,71,66,991.97,145408,2181,1.55482419756936e-06,-11.38132381439209,0.0064103566,-0.0005402532202424482,-0.2501253619790077,0.072412109375,-0.006194646004587412,0.0003,700,0.3068423569202423,0.2,,
991.97,72,67,991.97,147456,2185,3.223602647040025e-07,-10.272775650024414,0.004448301,-0.0003783839987590909,-0.21407148018479347,0.044384765625,0.0054429373703897,0.0003,710,0.29377877712249756,0.2,,
1000.0,73,68,1000.0,149504,2190,5.964209719877544e-07,-12.313543319702148,0.004000457,0.0021436538765556177,-0.17757113985717296,0.08671875,0.00017084642604459077,0.0003,720,0.28588128089904785,0.2,,
,,,,150000,,0.0004135908643036146,-14.62800121307373,0.0058807014,0.0034645874387933874,-0.15295565947890283,0.06728515625,0.001798710087314248,0.0003,730,0.27937644720077515,0.2,1000.0,1000.0
1000.0,74,69,1000.0,151552,2170,,,,,,,,,,,,,
1000.0,75,70,1000.0,153600,2174,2.8318247018432886e-07,-10.328263282775879,0.0053513963,0.004506902437424287,-0.13456827029585838,0.05888671875,0.010674091055989265,0.0003,740,0.27418041229248047,0.2,,
1000.0,76,71,1000.0,155648,2179,3.342976498288408e-07,-10.584836959838867,0.009918328,0.005077643929689657,-0.11232308596372605,0.0943359375,-0.009203113615512848,0.0003,750,0.26763176918029785,0.2,,
1000.0,77,72,1000.0,157696,2183,3.656259281115126e-07,-14.622424125671387,0.009642267,0.001981376238836674,-0.08636470846831798,0.06337890625,-0.012549800798296928,0.0003,760,0.25928881764411926,0.2,,
1000.0,78,73,1000.0,159744,2187,5.070960042985462e-07,-14.038239479064941,0.007352037,-0.0019237978543969803,-0.06618626229465008,0.077587890625,-0.00040152936708182096,0.0003,770,0.2585003972053528,0.2,,
,,,,160000,,2.706990613887683e-07,-11.313316345214844,0.005866698,-0.0012149762565968557,-0.050617146864533426,0.098046875,-0.010606599040329456,0.0003,780,0.25077566504478455,0.2,1000.0,1000.0
1000.0,79,74,1000.0,161792,2170,,,,,,,,,,,,,
1000.0,80,75,1000.0,163840,2174,7.832100521909524e-07,-8.73072338104248,0.0055271257,-0.003124530288914684,-0.007640046626329422,0.050146484375,0.008567526936531067,0.0003,790,0.23905763030052185,0.2,,
1000.0,81,76,1000.0,165888,2178,0.00010366708112883317,-11.146010398864746,0.0045537837,-0.001058420867775567,0.030373461544513702,0.0583984375,-0.013733326457440853,0.0003,800,0.231521874666214,0.2,,
1000.0,82,76,1000.0,167936,2182,8.611558826032706e-07,-11.759068489074707,0.0034848752,3.48655172274448e-05,0.06339341402053833,0.05693359375,0.004367976915091276,0.0003,810,0.22318509221076965,0.2,,
1000.0,83,77,1000.0,169984,2185,1.4800239114265424e-07,-8.67167854309082,0.0069649853,-0.0027744278791942633,0.10140344947576523,0.05283203125,0.0017427854472771287,0.0003,820,0.21489036083221436,0.2,,
,,,,170000,,1.670068201065078e-07,-10.058698654174805,0.0051315413,0.0021732369335950353,0.13146371878683566,0.071044921875,-0.0022129733115434647,0.0003,830,0.2095113843679428,0.2,1000.0,1000.0
1000.0,84,79,1000.0,172032,2170,,,,,,,,,,,,,
1000.0,85,80,1000.0,174080,2174,2.1679636006410873e-07,-11.891098022460938,0.008540417,0.0030072904519329313,0.1604861319065094,0.07734375,-0.004243718925863504,0.0003,840,0.2026691734790802,0.2,,
1000.0,86,80,1000.0,176128,2177,0.0003820473163244742,-10.41861343383789,0.006569412,-0.0013626195766846649,0.19347215220332145,0.060791015625,0.02503281831741333,0.0003,850,0.19634869694709778,0.2,,
1000.0,87,81,1000.0,178176,2181,8.80547113126795e-05,-1.3212015628814697,0.0068849027,0.0056797394281602465,0.21581126227974892,0.142822265625,-0.0039056153036653996,0.0003,860,0.1934615820646286,0.2,,
,,,,180000,,3.9298229239648206e-07,-3.345366954803467,0.006138465,0.0006594773018150591,0.23367374055087567,0.078662109375,0.024259407073259354,0.0003,870,0.19041353464126587,0.2,1000.0,1000.0
1000.0,88,83,1000.0,180224,2165,,,,,,,,,,,,,
1000.0,89,83,1000.0,182272,2170,2.0767300554780376e-07,-2.260352849960327,0.015726488,0.0021195609675487503,0.24598137624561786,0.1013671875,-0.044013191014528275,0.0003,880,0.18837696313858032,0.2,,
1000.0,90,84,1000.0,184320,2173,2.0571608558839216e-07,-3.5596446990966797,0.0071400395,0.0018981443579832557,0.2623567648231983,0.102294921875,-0.001954788574948907,0.0003,890,0.1841398924589157,0.2,,
1000.0,91,85,1000.0,186368,2177,3.7178292870976294e-07,-4.6933274269104,0.0036750422,0.003350585902808234,0.28783624097704885,0.07041015625,-0.005540613550692797,0.0003,900,0.1795307695865631,0.2,,
1000.0,92,86,1000.0,188416,2181,1.6269513014322002e-05,-10.653936386108398,0.008209442,0.004314407470519655,0.3092746715992689,0.086865234375,0.010082713328301907,0.0003,910,0.17526018619537354,0.2,,
,,,,190000,,5.129995372499252e-07,-4.1912970542907715,0.0049367426,0.0009737008178490214,0.3372710827738047,0.092236328125,-0.0036063226871192455,0.0003,920,0.17033833265304565,0.2,1000.0,1000.0
1000.0,93,87,1000.0,190464,2167,,,,,,,,,,,,,
1000.0,94,88,1000.0,192512,2170,6.433852377085714e-07,-8.754405975341797,0.00787841,0.0006900341220898553,0.361805484816432,0.09189453125,-0.01307613030076027,0.0003,930,0.1666467785835266,0.2,,
1000.0,95,89,1000.0,194560,2174,6.658093374767304e-06,-7.134241104125977,0.00581977,0.0031992787247872912,0.38183075822889806,0.10322265625,0.0005510839400812984,0.0003,940,0.16408225893974304,0.2,,
1000.0,96,90,1000.0,196608,2176,2.5557840803003274e-05,-8.289172172546387,0.0132603375,0.002272859151707962,0.39283759593963624,0.12265625,0.014355397783219814,0.0003,950,0.16263751685619354,0.2,,
1000.0,97,91,1000.0,198656,2179,3.264201751562723e-07,-8.104933738708496,0.008777248,0.0011168267592438497,0.4100967928767204,0.132666015625,-0.02188807912170887,0.0003,960,0.1593150645494461,0.2,,
,,,,200000,,0.0005123416794418744,-8.699173927307129,0.017178267,0.0032678710616892205,0.4314443293958902,0.105517578125,-0.011137115769088268,0.0003,970,0.1555781215429306,0.2,1000.0,1000.0
1000.0,98,92,1000.0,200704,2165,,,,,,,,,,,,,
1000.0,99,93,1000.0,202752,2168,1.1707581018072233e-05,-6.6296257972717285,0.011303369,-0.00029777151939924806,0.44784339889883995,0.134375,0.0016955945175141096,0.0003,980,0.15426746010780334,0.2,,
1000.0,100,94,1000.0,204800,2172,8.910276676488138e-08,-5.960273742675781,0.013922151,0.003974519472103566,0.46476268246769903,0.111865234375,0.015648115426301956,0.0003,990,0.15061600506305695,0.2,,
1000.0,101,95,1000.0,206848,2175,2.9369689968916646e-07,-9.779657363891602,0.009681005,0.002525517328467686,0.49433503970503806,0.084521484375,-0.00958129484206438,0.0003,1000,0.1455923318862915,0.2,,
1000.0,102,95,1000.0,208896,2178,2.483055709490145e-07,-11.826428413391113,0.0073306435,0.004238326492486522,0.5195744559168816,0.09599609375,0.006602196488529444,0.0003,1010,0.14264369010925293,0.2,,
,,,,210000,,7.177342901059092e-05,-11.146958351135254,0.03153749,0.005982747752204887,0.5401235058903694,0.136572265625,-0.011378384195268154,0.0003,1020,0.13954319059848785,0.2,1000.0,1000.0
1000.0,103,97,1000.0,210944,2164,,,,,,,,,,,,,
1000.0,104,98,1000.0,212992,2167,1.9938262880714318e-07,-10.551554679870605,0.01038826,0.0032921475656621626,0.5546872097998857,0.121533203125,0.022341309115290642,0.0003,1030,0.138120636343956,0.2,,
1000.0,105,99,1000.0,215040,2168,1.8283973588495427e-07,-10.710441589355469,0.009651892,-1.4154007658362389e-05,0.5696346305310727,0.136669921875,0.025517547503113747,0.0003,1040,0.13551831245422363,0.2,,
1000.0,106,99,1000.0,217088,2172,2.249356555239501e-07,-8.981645584106445,0.007542036,0.00039009589090710506,0.5812257960438728,0.1568359375,-0.01230170764029026,0.0003,1050,0.13555054366588593,0.2,,
1000.0,107,100,1000.0,219136,2175,0.0004671706125691344,-12.719572067260742,0.0059739314,0.0013530206255381928,0.5912765499204398,0.1259765625,0.002472213003784418,0.0003,1060,0.1324622631072998,0.2,,
,,,,220000,,1.5053280719712347e-07,-11.150696754455566,0.0036225985,0.0035143733985023573,0.6109748102724553,0.124951171875,-0.0015907263150438666,0.0003,1070,0.13024760782718658,0.2,1000.0,1000.0
1000.0,108,102,1000.0,221184,2163,,,,,,,,,,,,,
1000.0,109,103,1000.0,223232,2166,7.598427487209847e-08,-8.410211563110352,0.010624998,0.00193166504468536,0.6287394732236862,0.123291015625,0.010074660181999207,0.0003,1080,0.12836317718029022,0.2,,
1000.0,110,103,1000.0,225280,2169,9.013623980536067e-08,-8.106846809387207,0.01053202,0.0018224944185931235,0.6483897663652897,0.12412109375,0.01705818995833397,0.0003,1090,0.12485869973897934,0.2,,
1000.0,111,104,1000.0,227328,2172,7.510049044867629e-08,-8.095876693725586,0.0060672443,0.0038199774906388486,0.6758633986115455,0.13701171875,0.009616013616323471,0.0003,1100,0.12159907817840576,0.2,,
1000.0,112,105,1000.0,229376,2175,2.5075372604987934e-07,-11.329495429992676,0.0092164595,0.0034100657154340296,0.6975845001637936,0.120703125,0.012840463779866695,0.0003,1110,0.11916821449995041,0.2,,
,,,,230000,,1.488729589311788e-05,-9.05652141571045,0.009995418,-1.0136423225048929e-05,0.7128377251327038,0.1453125,-0.010502154938876629,0.0003,1120,0.11835600435733795,0.2,1000.0,1000.0
1000.0,113,106,1000.0,231424,2163,,,,,,,,,,,,,
1000.0,114,107,1000.0,233472,2165,1.1217845218425282e-05,-11.077964782714844,0.017804174,0.008471947567886672,0.7268563695251942,0.1568359375,-0.006915058940649033,0.0003,1130,0.11638232320547104,0.2,,
1000.0,115,108,1000.0,235520,2168,2.443744210722798e-06,-9.97826099395752,0.0109974,0.0054332090221578255,0.7398427620530128,0.114013671875,-0.013051698915660381,0.0003,1140,0.1147540956735611,0.2,,
1000.0,116,109,1000.0,237568,2170,2.3969624533037858e-05,-6.283623218536377,0.004668551,0.003195636736927554,0.758390236645937,0.116162109375,-0.008679494261741638,0.0003,1150,0.1121666431427002,0.2,,
1000.0,117,110,1000.0,239616,2173,2.3504134389895625e-07,-11.012423515319824,0.009193018,0.004204950008715969,0.7831207126379013,0.14384765625,-0.00984901562333107,0.0003,1160,0.10928022861480713,0.2,,
,,,,240000,,8.854400261384398e-05,-9.524003028869629,0.016254148,0.004541411230457015,0.8065087698400021,0.18984375,-0.01027490384876728,0.0003,1170,0.10667647421360016,0.2,1000.0,1000.0
1000.0,118,111,1000.0,241664,2162,,,,,,,,,,,,,
1000.0,119,112,1000.0,243712,2164,0.0004668068703466588,-0.08468461036682129,0.016943406,0.003269392834044993,0.8157006971538067,0.12900390625,0.008279790170490742,0.0003,1180,0.10709512233734131,0.2,,
1000.0,120,113,1000.0,245760,2166,1.6442070688071907e-06,-0.16117072105407715,0.010321575,0.006334656610852108,0.8098308637738227,0.188037109375,-0.0015879787970334291,0.0003,1190,0.10810770839452744,0.2,,
1000.0,121,114,1000.0,247808,2169,6.645823532380746e-07,-0.2940952777862549,0.021206237,0.005924803478410468,0.7958411149680614,0.16015625,0.0022920207120478153,0.0003,1200,0.11004889756441116,0.2,,
1000.0,122,115,1000.0,249856,2172,1.4193510565974067e-06,0.025439798831939697,0.007030691,0.0075844900260563005,0.7767982929944992,0.153466796875,0.0134487459436059,0.0003,1210,0.11206281930208206,0.2,,
,,,,250000,,1.0218017990837326e-06,-0.5799921751022339,0.008839609,0.007910684397211298,0.7675632163882256,0.160400390625,0.015417570248246193,0.0003,1220,0.11269594728946686,0.2,1000.0,1000.0
1000.0,123,116,1000.0,251904,2161,,,,,,,,,,,,,
1000.0,124,117,1000.0,253952,2164,1.201320313271026e-06,-0.3135535717010498,0.014845369,0.004467260558158159,0.7651125103235245,0.163671875,0.036576710641384125,0.0003,1230,0.11257598549127579,0.2,,
1000.0,125,118,1000.0,256000,2166,1.2018959125725814e-06,-0.7459826469421387,0.009758661,0.006526714879146312,0.7673429049551487,0.151953125,0.028721069917082787,0.0003,1240,0.1122986376285553,0.2,,
1000.0,126,118,1000.0,258048,2168,1.5927197694054485e-07,-1.226259469985962,0.00672111,0.007487290135031799,0.7661339864134789,0.184814453125,-0.006869347766041756,0.0003,1250,0.1126413643360138,0.2,,
,,,,260000,,1.6126149944284406e-07,-2.3419439792633057,0.010324194,0.006633026158669964,0.7632838442921639,0.135693359375,-0.0021103329490870237,0.0003,1260,0.11301244795322418,0.2,1000.0,1000.0
1000.0,127,120,1000.0,260096,2158,,,,,,,,,,,,,
1000.0,128,121,1000.0,262144,2161,5.497182351632546e-06,-3.1516542434692383,0.022683274,0.005443274306890089,0.7704862356185913,0.123095703125,0.022546954452991486,0.0003,1270,0.11098968237638474,0.2,,
1000.0,129,122,1000.0,264192,2163,2.1010753172845398e-05,-4.574254512786865,0.005530754,0.00678952776506776,0.7749814458191395,0.167626953125,0.004312997683882713,0.0003,1280,0.11200311779975891,0.2,,
1000.0,130,122,1000.0,266240,2165,0.00016589529298300932,-10.544002532958984,0.007827207,0.006473966890189331,0.7786918297410012,0.096484375,0.06826175004243851,0.0003,1290,0.1103365495800972,0.2,,
1000.0,131,123,1000.0,268288,2168,4.506376910740073e-07,-2.2480907440185547,0.008832999,0.0036966866842703893,0.7944925494492054,0.121337890625,-0.007532373536378145,0.0003,1300,0.10825508832931519,0.2,,
,,,,270000,,4.463124639642047e-07,-3.340306282043457,0.013033513,0.004997662633832079,0.8055413417518139,0.177294921875,-0.017503123730421066,0.0003,1310,0.10777106881141663,0.2,1000.0,1000.0
1000.0,132,125,1000.0,270336,2158,,,,,,,,,,,,,
1000.0,133,126,1000.0,272384,2160,2.333376841079371e-07,-11.148698806762695,0.0037829604,0.007266628737852443,0.8150798514485359,0.138134765625,-0.0055825370363891125,0.0003,1320,0.10644939541816711,0.2,,
1000.0,134,126,1000.0,274432,2162,0.0005722286941420407,-5.792917251586914,0.014877486,0.0036708513463963753,0.8378192901611328,0.1390625,0.008553413674235344,0.0003,1330,0.10322775691747665,0.2,,
1000.0,135,127,1000.0,276480,2164,4.6350515958692996e-08,-3.9376449584960938,0.015177578,0.009604469923942816,0.8556465543806553,0.18564453125,-0.004319398198276758,0.0003,1340,0.10257232934236526,0.2,,
1000.0,136,128,1000.0,278528,2167,9.26141041190931e-08,-6.985313415527344,0.008853145,0.006274829553149175,0.8686736099421978,0.136376953125,-0.02038593776524067,0.0003,1350,0.10018176585435867,0.2,,
,,,,280000,,1.022732911337698e-06,-9.654095649719238,0.007412743,0.001836892220308073,0.8937809564173221,0.1103515625,0.005237340461462736,0.0003,1360,0.09801119565963745,0.2,1000.0,1000.0
1000.0,137,130,1000.0,280576,2157,,,,,,,,,,,,,
1000.0,138,130,1000.0,282624,2159,1.0929410336757428e-07,-6.877584934234619,0.012669794,0.0014671418335638008,0.9111935824155808,0.124951171875,-0.029195701703429222,0.0003,1370,0.09641273319721222,0.2,,
1000.0,139,131,1000.0,284672,2161,7.794463385835115e-08,-7.802947044372559,0.017570185,0.005078921923995949,0.9287775866687298,0.14169921875,0.023018399253487587,0.0003,1380,0.09506461024284363,0.2,,
1000.0,140,132,1000.0,286720,2164,4.451246326198088e-07,-8.046889305114746,0.020451501,0.004661362554179505,0.9373074889183044,0.12880859375,-0.004110569134354591,0.0003,1390,0.09448488801717758,0.2,,
1000.0,141,133,1000.0,288768,2166,1.3055675395889921e-06,-12.449512481689453,0.010271785,0.0037085343305079733,0.9551030494272709,0.134912109375,0.004596861079335213,0.0003,1400,0.09174181520938873,0.2,,
,,,,290000,,0.00020389737121888628,-1.3635144233703613,0.012724312,0.0049926904212043155,0.972717997431755,0.1673828125,-0.006131409667432308,0.0003,1410,0.09144733101129532,0.2,1000.0,1000.0
1000.0,142,134,1000.0,290816,2156,,,,,,,,,,,,,
1000.0,143,135,1000.0,292864,2157,5.4613329251651524e-05,-0.6580435037612915,0.012735084,0.005985180640709587,0.9702027685940265,0.220166015625,-0.007627041544765234,0.0003,1420,0.0921744555234909,0.2,,
1000.0,144,136,1000.0,294912,2159,2.0310339721163473e-07,-1.5802617073059082,0.057448,0.008745395742880645,0.9600823625922204,0.187109375,0.005984650459140539,0.0003,1430,0.09307418763637543,0.2,,
1000.0,145,137,1000.0,296960,2161,8.820391002473115e-07,-3.0673375129699707,0.0089658825,0.006025043969566468,0.955970934778452,0.144384765625,-0.012091369368135929,0.0003,1440,0.09325657039880753,0.2,,
1000.0,146,138,1000.0,299008,2163,8.48780501883084e-08,-1.3376100063323975,0.010223238,0.002777970144234132,0.9601665668189525,0.140380859375,0.012161552906036377,0.0003,1450,0.09229958057403564,0.2,,
,,,,300000,,2.2899950238297607e-07,-4.1440019607543945,0.007850957,0.006086174357915297,0.9702902898192406,0.148388671875,0.033201247453689575,0.0003,1460,0.09126715362071991,0.2,1000.0,1000.0
1000.0,147,139,1000.0,301056,2153,,,,,,,,,,,,,
1000.0,148,140,1000.0,303104,2156,1.979709658144202e-05,-5.785863876342773,0.0066349264,0.003809480890049599,0.9886186800897121,0.117724609375,-0.023499371483922005,0.0003,1470,0.08888286352157593,0.2,,
1000.0,149,141,1000.0,305152,2158,9.470182078530343e-08,-4.2039408683776855,0.012578335,0.003918739320943132,1.0080376453697681,0.136279296875,0.0006903356406837702,0.0003,1480,0.0880933478474617,0.2,,
1000.0,150,142,1000.0,307200,2159,0.00016684206584329785,-5.773119926452637,0.005613114,0.007772400685644243,1.0224341839551925,0.1619140625,0.005059813614934683,0.0003,1490,0.086109459400177,0.2,,
1000.0,151,143,1000.0,309248,2161,1.2271794389562273e-07,-6.58707857131958,0.018700603,0.006430076115066186,1.0495350606739522,0.147314453125,0.011339421384036541,0.0003,1500,0.0836561769247055,0.2,,
,,,,310000,,0.00018455660693348364,-4.8003740310668945,0.006605681,0.0023170561631559393,1.0765823811292647,0.10830078125,0.02831340581178665,0.0003,1510,0.08094462752342224,0.2,1000.0,1000.0
1000.0,152,144,1000.0,311296,2152,,,,,,,,,,,,,
1000.0,153,145,1000.0,313344,2153,1.9072198540470708e-07,-9.491634368896484,0.012239478,0.004899800739076454,1.110882443189621,0.15205078125,0.008729733526706696,0.0003,1520,0.07853537052869797,0.2,,
1000.0,154,146,1000.0,315392,2155,1.193193725157471e-07,-6.0280632972717285,0.004203322,0.006229544541565701,1.1303432010114194,0.17412109375,0.0033118047285825014,0.0003,1530,0.07730609178543091,0.2,,
1000.0,155,147,1000.0,317440,2157,1.0569100794555197e-06,-7.542638778686523,0.025650922,0.0043916801223531365,1.1563000224530697,0.157861328125,-0.012612096033990383,0.0003,1540,0.07509375363588333,0.2,,
1000.0,156,147,1000.0,319488,2159,0.0006782928522085285,-7.021023750305176,0.0100175785,0.008650082981330343,1.1765868335962295,0.2015625,0.08307018876075745,0.0003,1550,0.07381681352853775,0.2,,
,,,,320000,,1.4927491093885692e-06,-3.869284152984619,0.017914863,0.004722614381171298,1.2024978272616864,0.183251953125,0.010370462201535702,0.0003,1560,0.07188334316015244,0.2,1000.0,1000.0
1000.0,157,149,1000.0,321536,2150,,,,,,,,,,,,,
1000.0,158,150,1000.0,323584,2152,1.1361657072939125e-07,-4.683742523193359,0.007234025,0.006803190926439129,1.224898324161768,0.162109375,0.04150119051337242,0.0003,1570,0.07015426456928253,0.2,,
1000.0,159,151,1000.0,325632,2155,8.175064465376636e-08,-3.72076416015625,0.006723522,0.0076238299356191416,1.2466934405267238,0.167724609375,-0.007621845230460167,0.0003,1580,0.06883680075407028,0.2,,
1000.0,160,151,1000.0,327680,2156,1.3709787367588432e-07,-6.294904708862305,0.009351411,0.003410936325963121,1.2656648129224777,0.13544921875,-0.0024184223730117083,0.0003,1590,0.06775815784931183,0.2,,
1000.0,161,152,1000.0,329728,2158,4.496227461459057e-08,-6.042903423309326,0.0065895626,0.00489175321708899,1.2834025986492634,0.176220703125,0.023669587448239326,0.0003,1600,0.06643819063901901,0.2,,
,,,,330000,,0.00030151872405212996,-6.43316650390625,0.021180682,0.006798040453577414,1.301914782077074,0.179052734375,-0.004379595629870892,0.0003,1610,0.06537952274084091,0.2,1000.0,1000.0
1000.0,162,154,1000.0,331776,2150,,,,,,,,,,,,,
1000.0,163,155,1000.0,333824,2151,9.735236022834216e-06,-0.545366644859314,0.009256789,0.007433781956206076,1.3156466320157052,0.137744140625,-0.004556908737868071,0.0003,1620,0.06446685642004013,0.2,,
1000.0,164,155,1000.0,335872,2153,1.6988534170536695e-05,-0.9736734628677368,0.015212922,0.005835211731027812,1.336313320696354,0.152392578125,0.002704177750274539,0.0003,1630,0.06284942477941513,0.2,,
1000.0,165,156,1000.0,337920,2155,6.673416017690669e-05,-0.901473879814148,0.012811428,0.006749729123839643,1.3558164469897747,0.178271484375,0.010011349804699421,0.0003,1640,0.06182149052619934,0.2,,
1000.0,166,157,1000.0,339968,2156,0.0002624266454319013,-0.10326564311981201,0.0140014505,0.0032198693283135072,1.3814014844596385,0.180419921875,0.006320963613688946,0.0003,1650,0.059367381036281586,0.2,,
,,,,340000,,0.00019235565054032122,0.002590656280517578,0.023087326,0.0066505037524621,1.418375350534916,0.18759765625,-0.0022196993231773376,0.0003,1660,0.05768747255206108,0.2,1000.0,1000.0
1000.0,167,159,1000.0,342016,2148,,,,,,,,,,,,,
1000.0,168,159,1000.0,344064,2150,5.5772946564047746e-05,-0.0038330554962158203,0.009908365,0.005678691159118898,1.4457726784050464,0.176806640625,-0.001611372921615839,0.0003,1670,0.056295305490493774,0.2,,
1000.0,169,160,1000.0,346112,2152,1.2606834590656036e-05,-0.0037478208541870117,0.031061023,0.009297725002397783,1.464590847492218,0.210595703125,0.029095344245433807,0.0003,1680,0.055685803294181824,0.2,,
1000.0,170,161,1000.0,348160,2154,1.3079347834832333e-05,-0.004859328269958496,0.0070634317,0.005762492222129367,1.4802240289747715,0.1828125,-0.006555009167641401,0.0003,1690,0.05451289564371109,0.2,,
,,,,350000,,1.4655576990207919e-05,-0.009860038757324219,0.018089658,0.009424807771574705,1.4969727657735348,0.28359375,0.008341386914253235,0.0003,1700,0.05391953885555267,0.2,1000.0,1000.0
1000.0,171,163,1000.0,350208,2146,,,,,,,,,,,,,
1000.0,172,163,1000.0,352256,2148,1.1360838513496674e-05,-0.02010190486907959,0.013763285,0.010411781092989259,1.5080402329564095,0.2263671875,-0.020505599677562714,0.0003,1710,0.05309610068798065,0.2,,
1000.0,173,164,1000.0,354304,2150,0.00015845421278584126,-0.02931499481201172,0.029121358,0.007257095749082509,1.5295660354197025,0.238330078125,-0.018143780529499054,0.0003,1720,0.05177201330661774,0.2,,
1000.0,174,165,1000.0,356352,2151,3.067983740834279e-06,-0.02691340446472168,0.018686604,0.006033866901998408,1.5581211410462856,0.224072265625,-0.008154353126883507,0.0003,1730,0.050173114985227585,0.2,,
1000.0,175,166,1000.0,358400,2153,3.5239379201357224e-06,-0.02466583251953125,0.013852889,0.008166742500907275,1.5835745304822921,0.194873046875,-0.005115262698382139,0.0003,1740,0.04925739765167236,0.2,,
,,,,360000,,1.1040861238598154e-06,-0.0949549674987793,0.047847413,0.009027280239388346,1.606785499304533,0.225341796875,-0.0053742872551083565,0.0003,1750,0.04797370731830597,0.2,1000.0,1000.0
1000.0,176,167,1000.0,360448,2146,,,,,,,,,,,,,
1000.0,177,168,1000.0,362496,2147,6.46598656715014e-06,-0.15007615089416504,0.013651523,0.005697861887165345,1.6280334286391736,0.18837890625,0.02936731092631817,0.0003,1760,0.047213874757289886,0.2,,
1000.0,178,169,1000.0,364544,2149,1.0706067385513052e-05,-0.25205981731414795,0.014313093,0.00830841913848417,1.6405017964541913,0.1876953125,0.0010783259058371186,0.0003,1770,0.04644466191530228,0.2,,
1000.0,179,170,1000.0,366592,2151,1.0654097224005455e-06,-0.2633359432220459,0.022682019,0.01225875626259949,1.6551958158612252,0.235400390625,-0.00984431803226471,0.0003,1780,0.046081654727458954,0.2,,
1000.0,180,171,1000.0,368640,2152,1.0903994481736846e-05,-0.5882221460342407,0.032827735,0.015035444987006485,1.6654974393546582,0.2787109375,-0.001283495337702334,0.0003,1790,0.04548902064561844,0.2,,
,,,,370000,,0.00019331217820592884,-0.47917473316192627,0.02132339,0.0057106368934910275,1.675658392906189,0.202099609375,0.015651868656277657,0.0003,1800,0.04499433562159538,0.2,1000.0,1000.0
1000.0,181,172,1000.0,370688,2144,,,,,,,,,,,,,
1000.0,182,173,1000.0,372736,2145,1.09355780068654e-05,-0.8626464605331421,0.011585312,0.014081319008255377,1.6831830881536007,0.216455078125,-0.012103856541216373,0.0003,1810,0.04496842622756958,0.2,,
1000.0,183,174,1000.0,374784,2145,9.716245585877914e-08,-0.9600507020950317,0.023957875,0.012572601165447849,1.6868574000895022,0.254638671875,-0.038411468267440796,0.0003,1820,0.044631555676460266,0.2,,
1000.0,184,175,1000.0,376832,2144,0.0017597043855602124,-1.184593915939331,0.014683412,0.009125141630647704,1.7065094254910946,0.206201171875,-0.006086553912609816,0.0003,1830,0.0433269739151001,0.2,,
1000.0,185,176,1000.0,378880,2145,1.0538643095969746e-07,-1.8495736122131348,0.041200735,0.011429531332396436,1.7262535035610198,0.2140625,0.061034370213747025,0.0003,1840,0.04282505810260773,0.2,,
,,,,380000,,4.260394632638054e-08,-1.042701244354248,0.040208887,0.009550748299443513,1.7392887480556964,0.237255859375,-0.016675682738423347,0.0003,1850,0.042174726724624634,0.2,1000.0,1000.0
1000.0,186,178,1000.0,380928,2138,,,,,,,,,,,,,
1000.0,187,179,1000.0,382976,2139,5.571091605816037e-08,-2.077982187271118,0.008843249,0.010830470777000301,1.7536366738379001,0.244384765625,0.0063156140968203545,0.0003,1860,0.0415278784930706,0.2,,
1000.0,188,179,1000.0,385024,2140,3.7306584488305816e-07,-2.993821382522583,0.027486801,0.01119649965839926,1.7729445390403271,0.236181640625,-0.008066118694841862,0.0003,1870,0.040895670652389526,0.2,,
1000.0,189,180,1000.0,387072,2140,1.508791788751296e-06,-6.869983196258545,0.021195095,0.010638591447059299,1.7845924913883209,0.24609375,0.030512144789099693,0.0003,1880,0.0403282567858696,0.2,,
1000.0,190,181,1000.0,389120,2141,7.210360593035148e-08,-3.9747323989868164,0.06372397,0.015018117865838575,1.7981670461595058,0.2919921875,0.05131993442773819,0.0003,1890,0.03974060341715813,0.2,,
,,,,390000,,5.046776152539678e-08,-4.791772842407227,0.035691395,0.01680747455538949,1.8037556499242782,0.2546875,0.012838782742619514,0.0003,1900,0.0398450568318367,0.2,1000.0,1000.0
1000.0,191,183,1000.0,391168,2133,,,,,,,,,,,,,
1000.0,192,184,1000.0,393216,2134,3.414926652567374e-08,-4.435265064239502,0.027580712,0.015508626955852377,1.8023606263101102,0.283984375,0.02834823913872242,0.0003,1910,0.03993191570043564,0.2,,
1000.0,193,185,1000.0,395264,2135,1.0724308765475144e-07,-6.154430866241455,0.03530426,0.022557345216046087,1.804928035289049,0.308203125,-0.0010684308363124728,0.0003,1920,0.03956243023276329,0.2,,
1000.0,194,185,1000.0,397312,2137,2.3525553558556566e-07,-6.910678386688232,0.020889075,0.016491163670434617,1.8190008409321308,0.253662109375,0.0233991090208292,0.0003,1930,0.03886212036013603,0.2,,
1000.0,195,186,1000.0,399360,2137,0.0019365238374859928,-5.726922512054443,0.027263876,0.011352884679217823,1.8320020496845246,0.22138671875,0.020678706467151642,0.0003,1940,0.03844986855983734,0.2,,
,,,,400000,,2.4923587886860333e-07,-0.40072381496429443,0.025338497,0.014024750451790169,1.8363166347146034,0.2900390625,0.0004141198005527258,0.0003,1950,0.038709115236997604,0.2,1000.0,1000.0
1000.0,196,188,1000.0,401408,2129,,,,,,,,,,,,,
1000.0,197,189,1000.0,403456,2130,1.567708608263274e-07,-1.3225946426391602,0.032273807,0.008633446959720459,1.8269246317446233,0.281201171875,0.00044745896593667567,0.0003,1960,0.03901064023375511,0.2,,
1000.0,198,190,1000.0,405504,2131,2.0619664837795425e-07,-2.45330810546875,0.023779152,0.01398998828663025,1.8227106466889382,0.292431640625,0.0026610575150698423,0.0003,1970,0.03916821628808975,0.2,,
1000.0,199,191,1000.0,407552,2133,1.47291356711321e-07,-1.7352914810180664,0.025608107,0.009626120761095081,1.818119440227747,0.205224609375,0.004426305647939444,0.0003,1980,0.03930424153804779,0.2,,
1000.0,200,191,1000.0,409600,2133,1.22048948014708e-07,-2.8465120792388916,0.027388807,0.014400583796668798,1.8172611884772778,0.292333984375,-0.021013062447309494,0.0003,1990,0.03924406319856644,0.2,,
,,,,410000,,2.4762224768437593e-07,-2.452342987060547,0.030642094,0.016294013448350596,1.8132762670516969,0.305126953125,0.016339696943759918,0.0003,2000,0.03967590630054474,0.2,1000.0,1000.0
1000.0,201,193,1000.0,411648,2126,,,,,,,,,,,,,
1000.0,202,194,1000.0,413696,2127,0.00012564394110938792,-6.412029266357422,0.017339543,0.012819235557253705,1.8168700166046619,0.27529296875,0.016225896775722504,0.0003,2010,0.03920070081949234,0.2,,
1000.0,203,195,1000.0,415744,2127,9.852298035184504e-08,-7.422285079956055,0.01240793,0.012352414316410432,1.8282776288688183,0.228076171875,0.002942448714748025,0.0003,2020,0.038544684648513794,0.2,,
1000.0,204,196,1000.0,417792,2129,3.4173629899214574e-07,-7.047806739807129,0.05293785,0.013623502642440144,1.8380041353404521,0.273291015625,0.04585471749305725,0.0003,2030,0.03840496018528938,0.2,,
1000.0,205,197,1000.0,419840,2129,1.6284423054457875e-07,-5.928684711456299,0.024014374,0.01681286346865818,1.846903671324253,0.272265625,0.0552690215408802,0.0003,2040,0.038038935512304306,0.2,,
,,,,420000,,3.031971971267922e-08,-4.921821594238281,0.008590105,0.010326883631933015,1.8639979027211666,0.234716796875,-0.004704009275883436,0.0003,2050,0.03710825741291046,0.2,1000.0,1000.0
1000.0,206,198,1000.0,421888,2122,,,,,,,,,,,,,
1000.0,207,199,1000.0,423936,2123,0.0005748700074576618,-7.431748390197754,0.020431953,0.01275787805643631,1.8857259593904019,0.2419921875,-0.025091364979743958,0.0003,2060,0.036443013697862625,0.2,,
1000.0,208,200,1000.0,425984,2124,1.0891091960729683e-06,-6.311404705047607,0.041387044,0.018075985566247253,1.8975479900836945,0.350439453125,0.010521291755139828,0.0003,2070,0.036185767501592636,0.2,,
1000.0,209,201,1000.0,428032,2125,1.1422628745094699e-07,-5.264774799346924,0.011587363,0.009038339805556461,1.9107781492173672,0.181494140625,0.05823554843664169,0.0003,2080,0.035487037152051926,0.2,,
,,,,430000,,1.097076022915644e-07,-8.663799285888672,0.07984623,0.018757777982682456,1.9330003336071968,0.286328125,0.013009577058255672,0.0003,2090,0.034859076142311096,0.2,1000.0,1000.0
1000.0,210,202,1000.0,430080,2118,,,,,,,,,,,,,
1000.0,211,203,1000.0,432128,2119,2.08574405348827e-05,-8.357756614685059,0.015009164,0.00976713468116941,1.9369026280939579,0.278125,-0.0015794045757502317,0.0003,2100,0.03486093133687973,0.2,,
1000.0,212,204,1000.0,434176,2120,0.0011220623218946458,-7.221083641052246,0.013277825,0.010690461683407194,1.9338829584419728,0.29228515625,-0.006860901601612568,0.0003,2110,0.03494609519839287,0.2,,
1000.0,213,205,1000.0,436224,2121,5.514024508102011e-08,-5.343611717224121,0.038641125,0.013782505760900676,1.9412164628505706,0.280615234375,-0.003606675658375025,0.0003,2120,0.03458532691001892,0.2,,
1000.0,214,206,1000.0,438272,2122,3.8343904407156514e-08,-6.118450164794922,0.10548529,0.018023925105808303,1.9514644891023636,0.319921875,0.022787384688854218,0.0003,2130,0.03412153199315071,0.2,,
,,,,440000,,4.7210917841766786e-08,-6.021605014801025,0.014202112,0.015648009850701784,1.961793553829193,0.26083984375,0.003956765867769718,0.0003,2140,0.03397674858570099,0.2,1000.0,1000.0
1000.0,215,208,1000.0,440320,2115,,,,,,,,,,,,,
1000.0,216,209,1000.0,442368,2115,3.261832830503408e-08,-3.906865119934082,0.029444616,0.01812667009726283,1.9676050156354905,0.307275390625,0.01527635008096695,0.0003,2150,0.0338362492620945,0.2,,
1000.0,217,209,1000.0,444416,2116,4.3746388200816e-08,-5.353634357452393,0.02720005,0.015164639748400077,1.9749495938420296,0.321240234375,0.003524844069033861,0.0003,2160,0.03332284092903137,0.2,,
1000.0,218,210,1000.0,446464,2117,3.778062023229722e-08,-8.542859077453613,0.034595802,0.011891369221848436,1.9912861913442612,0.224072265625,0.043730683624744415,0.0003,2170,0.03279183804988861,0.2,,
1000.0,219,211,1000.0,448512,2118,7.8570562322966e-08,-6.960961818695068,0.035659626,0.018196698529936838,1.9988191820681096,0.30673828125,-0.00029944104608148336,0.0003,2180,0.032748766243457794,0.2,,
,,,,450000,,6.48799840519132e-08,-6.491047382354736,0.015346222,0.012638695316854864,2.005186538770795,0.282763671875,0.006137675140053034,0.0003,2190,0.03248417004942894,0.2,1000.0,1000.0
1000.0,220,213,1000.0,450560,2111,,,,,,,,,,,,,
1000.0,221,214,1000.0,452608,2112,5.8432348737369466e-08,-7.302149772644043,0.0407069,0.013664178032195195,2.015998986363411,0.2767578125,0.06786002963781357,0.0003,2200,0.03202420845627785,0.2,,
1000.0,222,215,1000.0,454656,2113,1.9676200508911278e-07,-5.522572994232178,0.026641741,0.012060708038916346,2.0236306577920913,0.3068359375,-0.022458158433437347,0.0003,2210,0.03189512714743614,0.2,,
1000.0,223,216,1000.0,456704,2114,0.0007891379959886535,-6.8892388343811035,0.028592102,0.015662610073923132,2.0230044901371,0.304052734375,0.011843839660286903,0.0003,2220,0.0320432074368,0.2,,
1000.0,224,216,1000.0,458752,2114,0.00023923433469974498,-0.03279435634613037,0.0215334,0.012335332864313386,2.0067113760858772,0.27548828125,0.04789187014102936,0.0003,2230,0.0328722782433033,0.2,,
,,,,460000,,0.001056310285730433,-0.02128434181213379,0.09082885,0.016614741954253987,1.9846425533294678,0.3162109375,0.03968897834420204,0.0003,2240,0.033671796321868896,0.2,1000.0,1000.0
1000.0,225,218,1000.0,460800,2108,,,,,,,,,,,,,
1000.0,226,219,1000.0,462848,2109,3.136298917922886e-05,0.11620992422103882,0.024111431,0.019265413501125296,1.9611946888267995,0.335302734375,-0.01432127971202135,0.0003,2250,0.03437988460063934,0.2,,
1000.0,227,220,1000.0,464896,2110,3.3454186223025316e-06,-0.31892621517181396,0.04517493,0.017414020869182423,1.942348063737154,0.3345703125,0.05768947675824165,0.0003,2260,0.03495965898036957,0.2,,
1000.0,228,221,1000.0,466944,2111,1.4914010364464049e-07,-0.716286301612854,0.049956314,0.020526100804272574,1.924288722127676,0.279833984375,0.030071189627051353,0.0003,2270,0.035649850964546204,0.2,,
1000.0,229,222,1000.0,468992,2111,1.6057684604220412e-07,-1.0568504333496094,0.036648095,0.011810146282368806,1.901994663476944,0.306005859375,-0.003282379126176238,0.0003,2280,0.036777812987565994,0.2,,
,,,,470000,,0.0006428552530508113,-1.5364899635314941,0.06393294,0.01212675498391036,1.8825819745659829,0.297314453125,-0.004152446519583464,0.0003,2290,0.0368635468184948,0.2,1000.0,1000.0
1000.0,230,223,1000.0,471040,2105,,,,,,,,,,,,,
1000.0,231,224,1000.0,473088,2106,2.1372847385237037e-06,-0.2824275493621826,0.021881733,0.012459463077539113,1.8881906561553479,0.2583984375,0.004388994537293911,0.0003,2300,0.036375418305397034,0.2,,
1000.0,232,225,1000.0,475136,2107,5.164360632647913e-06,-0.09899115562438965,0.042387877,0.010545255010947585,1.8985170535743237,0.251806640625,0.09997455775737762,0.0003,2310,0.035834502428770065,0.2,,
1000.0,233,226,1000.0,477184,2108,2.8189928116262306e-07,-0.3084375858306885,0.009864279,0.009750592929776758,1.915386577695608,0.234765625,0.0017585738096386194,0.0003,2320,0.03533683344721794,0.2,,
1000.0,234,227,1000.0,479232,2109,1.8501716567698167e-07,-0.4646209478378296,0.02223941,0.010716148214123677,1.926642580330372,0.18544921875,-0.02273031510412693,0.0003,2330,0.035147350281476974,0.2,,
,,,,480000,,1.2295860187805375e-07,-0.5496513843536377,0.019259034,0.01295255106233526,1.939836872369051,0.281298828125,-0.003380992915481329,0.0003,2340,0.03445616737008095,0.2,1000.0,1000.0
1000.0,235,228,1000.0,481280,2102,,,,,,,,,,,,,
1000.0,236,229,1000.0,483328,2103,0.00028870652769796834,-1.378143548965454,0.038290136,0.014291034774214496,1.9589706778526306,0.251806640625,0.006595599930733442,0.0003,2350,0.03388358652591705,0.2,,
1000.0,237,230,1000.0,485376,2104,9.781836922684306e-08,-0.6318529844284058,0.04882134,0.014856412558583543,1.9839084163308143,0.26376953125,8.276246262539644e-06,0.0003,2360,0.032968346029520035,0.2,,
1000.0,238,231,1000.0,487424,2105,1.5491115988197634e-06,-1.5025513172149658,0.016417226,0.0172465352632571,2.001718096062541,0.282177734375,0.017222827300429344,0.0003,2370,0.032543547451496124,0.2,,
1000.0,239,232,1000.0,489472,2107,1.648871972292909e-07,-1.437748908996582,0.034794662,0.014074311518925242,2.0164662092924117,0.270263671875,0.012337654829025269,0.0003,2380,0.031938061118125916,0.2,,
,,,,490000,,2.7213046024598953e-06,-2.8135108947753906,0.039355513,0.01127088365610689,2.035637763142586,0.224169921875,0.054404690861701965,0.0003,2390,0.03136422485113144,0.2,1000.0,1000.0
1000.0,240,234,1000.0,491520,2100,,,,,,,,,,,,,
1000.0,241,234,1000.0,493568,2101,0.0005929606004741572,-3.7314467430114746,0.02703996,0.016758881251735146,2.0510096728801726,0.276025390625,0.0221406202763319,0.0003,2400,0.031029721722006798,0.2,,
1000.0,242,235,1000.0,495616,2102,3.715740319876204e-08,-3.6104211807250977,0.03227996,0.015976240373856854,2.059808026254177,0.245068359375,0.016321847215294838,0.0003,2410,0.03067641146481037,0.2,,
1000.0,243,236,1000.0,497664,2103,3.9788619687897156e-08,-3.024686336517334,0.046297096,0.021769149813917466,2.0692148655653,0.29091796875,0.03929835557937622,0.0003,2420,0.030524427071213722,0.2,,
1000.0,244,237,1000.0,499712,2103,3.182969976478489e-08,-3.9091596603393555,0.009277006,0.008555751004314516,2.07736741900444,0.183935546875,0.0028400542214512825,0.0003,2430,0.03012789413332939,0.2,,
,,,,500000,,5.708492665235099e-08,-5.912681579589844,0.03924948,0.02013603920349851,2.0859428152441977,0.29541015625,-0.0007665650337003171,0.0003,2440,0.029973745346069336,0.2,1000.0,1000.0
1000.0,245,239,1000.0,501760,2097,,,,,,,,,,,,,
