#{"t_start": 1759152785.904209, "env_id": "CartPole-v1"}
r,l,t
30.0,30,14.012249
20.0,20,14.013269
20.0,20,14.014368
22.0,22,14.015739
26.0,26,14.021169
34.0,34,14.023067
34.0,34,14.024799
13.0,13,14.025449
49.0,49,14.029825
16.0,16,14.030657
22.0,22,14.031909
35.0,35,14.034452
33.0,33,14.039024
17.0,17,14.039822
33.0,33,14.041213
12.0,12,14.041759
17.0,17,14.044321
16.0,16,14.045179
22.0,22,14.04619
30.0,30,14.047799
20.0,20,14.050714
16.0,16,14.051477
62.0,62,14.054616
10.0,10,14.055108
26.0,26,14.057694
16.0,16,14.058431
14.0,14,14.05906
10.0,10,14.059672
11.0,11,14.063315
18.0,18,14.066527
18.0,18,14.115539
20.0,20,14.117344
40.0,40,14.132715
15.0,15,14.13371
13.0,13,14.134836
31.0,31,14.136353
27.0,27,14.139873
9.0,9,14.140317
17.0,17,14.141025
26.0,26,14.142085
22.0,22,14.144243
14.0,14,14.144876
24.0,24,14.146008
8.0,8,14.146386
23.0,23,14.149435
18.0,18,14.15027
16.0,16,14.151171
35.0,35,14.152831
9.0,9,14.154574
18.0,18,14.155358
42.0,42,14.157116
25.0,25,14.158185
10.0,10,14.160017
12.0,12,14.160555
11.0,11,14.161032
17.0,17,14.161736
27.0,27,14.164108
45.0,45,14.165975
24.0,24,14.167138
22.0,22,14.168119
29.0,29,14.170644
26.0,26,14.17176
13.0,13,14.172308
15.0,15,14.172948
20.0,20,14.175222
23.0,23,14.176179
20.0,20,14.177025
15.0,15,14.177675
20.0,20,14.179645
11.0,11,14.180164
43.0,43,14.182122
36.0,36,14.183768
38.0,38,14.186855
32.0,32,14.188201
29.0,29,14.18939
12.0,12,14.189909
11.0,11,14.191914
42.0,42,14.193693
14.0,14,14.194275
14.0,14,14.194878
14.0,14,14.196708
73.0,73,14.200184
12.0,12,14.200749
12.0,12,14.201286
15.0,15,14.203415
17.0,17,14.204153
43.0,43,14.205952
20.0,20,14.207389
44.0,44,14.210838
22.0,22,14.211784
18.0,18,14.212531
14.0,14,14.213133
16.0,16,14.215254
39.0,39,14.216915
12.0,12,14.217607
17.0,17,14.218418
18.0,18,14.220643
17.0,17,14.221376
29.0,29,14.222632
25.0,25,14.223684
17.0,17,14.228655
22.0,22,14.230396
17.0,17,14.23166
22.0,22,14.232936
39.0,39,14.262756
13.0,13,14.263411
23.0,23,14.264448
20.0,20,14.265341
17.0,17,14.268009
10.0,10,14.268532
9.0,9,14.268942
24.0,24,14.270145
32.0,32,14.277741
43.0,43,14.280933
14.0,14,14.282005
13.0,13,14.282797
18.0,18,14.285348
13.0,13,14.285925
14.0,14,14.287152
60.0,60,14.289666
20.0,20,14.292157
47.0,47,14.294084
13.0,13,14.294627
17.0,17,14.295331
11.0,11,14.297356
17.0,17,14.298105
10.0,10,14.298567
24.0,24,14.299641
14.0,14,14.301577
9.0,9,14.301997
63.0,63,14.304563
29.0,29,14.30575
33.0,33,14.309439
29.0,29,14.310691
13.0,13,14.311249
17.0,17,14.312074
13.0,13,14.314046
17.0,17,14.314771
13.0,13,14.315336
15.0,15,14.315989
16.0,16,14.318358
14.0,14,14.318958
17.0,17,14.319708
57.0,57,14.322057
11.0,11,14.323815
11.0,11,14.324285
22.0,22,14.325516
27.0,27,14.326705
26.0,26,14.332023
16.0,16,14.332788
25.0,25,14.333936
32.0,32,14.335322
13.0,13,14.337938
58.0,58,14.340399
47.0,47,14.342808
15.0,15,14.34365
13.0,13,14.345597
26.0,26,14.346719
21.0,21,14.347628
11.0,11,14.348248
10.0,10,14.350134
15.0,15,14.35249
34.0,34,14.35645
23.0,23,14.358557
45.0,45,14.362117
18.0,18,14.36291
10.0,10,14.363337
15.0,15,14.363978
26.0,26,14.367147
24.0,24,14.368275
37.0,37,14.369833
12.0,12,14.370407
15.0,15,14.372652
34.0,34,14.374142
30.0,30,14.375688
24.0,24,14.376696
29.0,29,14.379884
11.0,11,14.380369
17.0,17,14.381138
32.0,32,14.382561
13.0,13,14.385166
17.0,17,14.385935
16.0,16,14.386611
9.0,9,14.386995
24.0,24,14.389192
23.0,23,14.390156
18.0,18,14.390915
12.0,12,14.391422
25.0,25,14.393789
15.0,15,14.394458
42.0,42,14.396188
21.0,21,14.397056
24.0,24,14.399266
27.0,27,14.400437
13.0,13,14.400988
15.0,15,14.40163
14.0,14,14.403381
34.0,34,14.404782
21.0,21,14.405652
32.0,32,14.406964
20.0,20,14.409268
16.0,16,14.409993
10.0,10,14.410463
13.0,13,14.411032
17.0,17,14.412983
13.0,13,14.413575
46.0,46,14.415433
37.0,37,14.417048
27.0,27,14.419244
25.0,25,14.420291
20.0,20,14.42116
34.0,34,14.422775
41.0,41,14.426384
11.0,11,14.426886
15.0,15,14.427719
21.0,21,14.428631
19.0,19,14.433279
32.0,32,14.435215
20.0,20,14.436927
22.0,22,14.43789
27.0,27,14.44076
9.0,9,14.4412
30.0,30,14.457321
16.0,16,14.465171
20.0,20,14.477131
10.0,10,14.480896
14.0,14,14.489045
11.0,11,14.493017
13.0,13,14.502239
39.0,39,14.519815
52.0,52,14.552997
9.0,9,14.558353
52.0,52,14.588017
16.0,16,14.595607
16.0,16,14.602968
71.0,71,14.633972
29.0,29,14.656225
22.0,22,14.664896
20.0,20,14.675352
12.0,12,14.680584
15.0,15,14.689878
36.0,36,14.708628
13.0,13,14.714366
18.0,18,14.723939
22.0,22,14.734908
19.0,19,14.744723
11.0,11,14.753166
19.0,19,14.764255
17.0,17,14.776817
23.0,23,14.787949
9.0,9,14.793768
16.0,16,14.801375
19.0,19,14.810901
15.0,15,14.818128
24.0,24,14.829457
14.0,14,14.836856
24.0,24,14.850416
15.0,15,14.860607
40.0,40,14.880749
13.0,13,14.911375
23.0,23,14.934209
13.0,13,14.942262
13.0,13,14.948066
35.0,35,14.96977
20.0,20,14.982321
13.0,13,14.989208
27.0,27,15.001946
27.0,27,15.013631
31.0,31,15.030151
15.0,15,15.038523
23.0,23,15.04964
14.0,14,15.055567
15.0,15,15.064664
37.0,37,15.086354
19.0,19,15.095872
27.0,27,15.109501
20.0,20,15.121068
22.0,22,15.131598
16.0,16,15.13944
30.0,30,15.154617
39.0,39,15.173543
22.0,22,15.221878
8.0,8,15.228101
12.0,12,15.234195
9.0,9,15.24083
18.0,18,15.250765
24.0,24,15.262285
15.0,15,15.268477
18.0,18,15.278968
10.0,10,15.28644
26.0,26,15.3018
14.0,14,15.307702
21.0,21,15.320556
11.0,11,15.324807
13.0,13,15.332161
19.0,19,15.340257
15.0,15,15.349217
9.0,9,15.353894
21.0,21,15.365082
17.0,17,15.373014
14.0,14,15.380711
10.0,10,15.385742
10.0,10,15.389182
9.0,9,15.404418
18.0,18,15.414282
37.0,37,15.432156
13.0,13,15.439974
17.0,17,15.447548
39.0,39,15.469177
17.0,17,15.476356
16.0,16,15.483954
11.0,11,15.489022
12.0,12,15.498653
42.0,42,15.52003
10.0,10,15.525743
12.0,12,15.531361
14.0,14,15.566555
19.0,19,15.580497
12.0,12,15.585989
23.0,23,15.597019
16.0,16,15.611858
28.0,28,15.626093
15.0,15,15.631994
16.0,16,15.640533
10.0,10,15.648394
34.0,34,15.665572
40.0,40,15.684816
18.0,18,15.694457
21.0,21,15.708759
15.0,15,15.717989
85.0,85,15.757627
22.0,22,15.768648
17.0,17,15.778384
18.0,18,15.786228
17.0,17,15.79626
23.0,23,15.806513
17.0,17,15.823208
13.0,13,15.829231
13.0,13,15.835069
25.0,25,15.84647
19.0,19,15.856802
31.0,31,15.898931
11.0,11,15.908625
24.0,24,15.925473
16.0,16,15.935266
16.0,16,15.944593
15.0,15,15.950769
29.0,29,15.965627
12.0,12,15.973627
24.0,24,15.98596
38.0,38,16.003281
53.0,53,16.033192
16.0,16,16.042528
16.0,16,16.050369
24.0,24,16.062699
24.0,24,16.074088
29.0,29,16.091033
23.0,23,16.10072
13.0,13,16.108455
18.0,18,16.116612
10.0,10,16.127992
17.0,17,16.135755
19.0,19,16.145466
32.0,32,16.191406
14.0,14,16.199185
23.0,23,16.21107
25.0,25,16.222908
23.0,23,16.238582
33.0,33,16.254977
13.0,13,16.260857
32.0,32,16.27587
36.0,36,16.292897
15.0,15,16.301806
49.0,49,16.324732
35.0,35,16.345795
19.0,19,16.355455
17.0,17,16.364876
11.0,11,16.370919
54.0,54,16.396006
56.0,56,16.421946
25.0,25,16.435987
52.0,52,16.496904
17.0,17,16.504718
21.0,21,16.514335
34.0,34,16.532861
21.0,21,16.542756
21.0,21,16.556806
19.0,19,16.566571
16.0,16,16.575977
19.0,19,16.586317
17.0,17,16.594364
21.0,21,16.604185
40.0,40,16.62471
30.0,30,16.639933
25.0,25,16.654873
21.0,21,16.665203
24.0,24,16.678319
13.0,13,16.68549
19.0,19,16.694842
32.0,32,16.709326
61.0,61,16.739324
32.0,32,16.754118
12.0,12,16.764498
60.0,60,16.793852
35.0,35,16.854013
19.0,19,16.863963
14.0,14,16.875203
31.0,31,16.890348
24.0,24,16.903339
30.0,30,16.920746
18.0,18,16.928314
26.0,26,16.941799
26.0,26,16.954293
28.0,28,16.972406
35.0,35,16.992146
17.0,17,16.999917
53.0,53,17.027614
25.0,25,17.041039
22.0,22,17.050474
14.0,14,17.057736
26.0,26,17.070753
32.0,32,17.091207
59.0,59,17.119952
34.0,34,17.133954
18.0,18,17.144922
19.0,19,17.191652
11.0,11,17.196352
36.0,36,17.213813
36.0,36,17.232054
37.0,37,17.25127
17.0,17,17.25945
20.0,20,17.268962
31.0,31,17.289655
44.0,44,17.311713
19.0,19,17.320061
45.0,45,17.343098
35.0,35,17.360967
21.0,21,17.603678
31.0,31,17.622971
25.0,25,17.636021
18.0,18,17.645524
25.0,25,17.657666
39.0,39,17.677538
28.0,28,17.690974
28.0,28,17.705966
73.0,73,17.745369
34.0,34,17.762528
13.0,13,17.768527
19.0,19,17.779588
36.0,36,17.797479
57.0,57,17.827297
11.0,11,17.833144
122.0,122,17.924399
95.0,95,17.97501
27.0,27,17.988406
50.0,50,18.011224
43.0,43,18.039189
14.0,14,18.046741
41.0,41,18.066059
29.0,29,18.079251
32.0,32,18.096274
54.0,54,18.123486
27.0,27,18.137298
25.0,25,18.152382
15.0,15,18.160396
36.0,36,18.178681
43.0,43,18.199209
57.0,57,18.225278
24.0,24,18.238221
137.0,137,18.343058
37.0,37,18.366507
11.0,11,18.372216
13.0,13,18.379765
88.0,88,18.422135
86.0,86,18.466747
41.0,41,18.488251
42.0,42,18.511905
10.0,10,18.5179
70.0,70,18.551833
53.0,53,18.581902
22.0,22,18.594617
144.0,144,18.701816
26.0,26,18.713186
14.0,14,18.720473
143.0,143,18.796799
28.0,28,18.809758
15.0,15,18.81569
19.0,19,18.825088
19.0,19,18.836396
59.0,59,18.865199
17.0,17,18.873339
40.0,40,18.897676
44.0,44,18.920663
25.0,25,18.932379
21.0,21,18.942712
13.0,13,18.949695
45.0,45,19.001291
38.0,38,19.025227
19.0,19,19.035256
26.0,26,19.047836
10.0,10,19.053533
14.0,14,19.06061
81.0,81,19.106865
15.0,15,19.117424
26.0,26,19.130131
39.0,39,19.149948
50.0,50,19.173903
11.0,11,19.179419
20.0,20,19.190115
23.0,23,19.202072
34.0,34,19.221888
48.0,48,19.244711
136.0,136,19.347805
39.0,39,19.366673
13.0,13,19.373673
18.0,18,19.385288
46.0,46,19.40915
31.0,31,19.428656
10.0,10,19.433837
33.0,33,19.449112
28.0,28,19.463106
57.0,57,19.491801
35.0,35,19.50797
87.0,87,19.554542
15.0,15,19.561776
24.0,24,19.573927
30.0,30,19.603622
31.0,31,19.641643
14.0,14,19.649273
66.0,66,19.68415
21.0,21,19.694494
25.0,25,19.706937
31.0,31,19.724443
18.0,18,19.732013
36.0,36,19.753512
23.0,23,19.764945
9.0,9,19.771057
96.0,96,19.818299
45.0,45,19.842968
105.0,105,19.898055
42.0,42,19.947702
25.0,25,19.970048
14.0,14,19.975502
36.0,36,19.992461
64.0,64,20.025491
118.0,118,20.087245
61.0,61,20.115608
95.0,95,20.164232
19.0,19,20.174268
50.0,50,20.199299
105.0,105,20.24874
69.0,69,20.313024
58.0,58,20.345353
68.0,68,20.381535
72.0,72,20.415593
35.0,35,20.432548
112.0,112,20.495963
87.0,87,20.537711
22.0,22,20.548766
18.0,18,20.556416
30.0,30,20.573744
22.0,22,20.583654
115.0,115,20.674523
24.0,24,20.685742
17.0,17,20.698681
48.0,48,20.723594
49.0,49,20.749345
50.0,50,20.7721
33.0,33,20.789825
23.0,23,20.805301
16.0,16,20.81321
26.0,26,20.827011
20.0,20,20.839016
22.0,22,20.84935
107.0,107,20.903615
23.0,23,20.917632
51.0,51,20.944123
70.0,70,21.014557
29.0,29,21.030898
16.0,16,21.039351
69.0,69,21.076926
108.0,108,21.138336
52.0,52,21.164741
62.0,62,21.195921
50.0,50,21.225619
41.0,41,21.248264
12.0,12,21.25375
82.0,82,21.292051
83.0,83,21.353731
93.0,93,21.417574
65.0,65,21.452751
19.0,19,21.462261
37.0,37,21.482864
104.0,104,21.533905
30.0,30,21.553939
63.0,63,21.585566
14.0,14,21.593952
26.0,26,21.608368
14.0,14,21.614821
20.0,20,21.624765
21.0,21,21.635926
26.0,26,21.652102
24.0,24,21.666098
39.0,39,21.68539
124.0,124,21.786726
22.0,22,21.797006
18.0,18,21.807325
24.0,24,21.819215
41.0,41,21.84169
35.0,35,21.858643
34.0,34,21.880096
22.0,22,21.891294
14.0,14,21.899059
51.0,51,21.92541
30.0,30,21.939744
94.0,94,21.991045
54.0,54,22.019659
17.0,17,22.029212
118.0,118,22.118189
22.0,22,22.134907
26.0,26,22.149238
14.0,14,22.15722
187.0,187,22.252133
107.0,107,22.308074
89.0,89,22.352554
55.0,55,22.379215
79.0,79,22.422435
34.0,34,22.43831
38.0,38,22.492558
19.0,19,22.508514
57.0,57,22.537203
42.0,42,22.556978
34.0,34,22.577924
27.0,27,22.592246
49.0,49,22.621278
34.0,34,22.637297
17.0,17,22.648439
40.0,40,22.668602
43.0,43,22.689651
38.0,38,22.708729
24.0,24,22.726501
31.0,31,22.742196
41.0,41,22.763918
14.0,14,22.769848
57.0,57,22.838852
40.0,40,22.859202
40.0,40,22.879474
13.0,13,22.885462
86.0,86,22.934032
121.0,121,22.995436
58.0,58,23.023245
32.0,32,23.043566
89.0,89,23.094659
29.0,29,23.109514
28.0,28,23.122807
39.0,39,23.143197
166.0,166,23.263436
82.0,82,23.304684
62.0,62,23.335359
58.0,58,23.485185
113.0,113,23.544115
59.0,59,23.602915
79.0,79,23.646535
59.0,59,23.679565
78.0,78,23.719651
32.0,32,23.736783
100.0,100,23.788821
161.0,161,23.869572
38.0,38,23.895187
88.0,88,23.938476
63.0,63,23.96879
192.0,192,24.106406
199.0,199,24.212828
59.0,59,24.241541
50.0,50,24.268388
27.0,27,24.281934
110.0,110,24.377524
55.0,55,24.415802
121.0,121,24.476188
78.0,78,24.520764
71.0,71,24.559979
49.0,49,24.585432
70.0,70,24.630279
106.0,106,24.686864
147.0,147,24.794239
79.0,79,24.837048
22.0,22,24.851112
156.0,156,24.93191
114.0,114,24.994771
95.0,95,25.046319
20.0,20,25.057351
71.0,71,25.094416
91.0,91,25.141581
79.0,79,25.186495
19.0,19,25.196455
76.0,76,25.272398
141.0,141,25.345053
113.0,113,25.405317
149.0,149,25.484701
52.0,52,25.510556
18.0,18,25.520276
63.0,63,25.5533
89.0,89,25.629868
159.0,159,25.720806
153.0,153,25.805639
150.0,150,25.88134
139.0,139,25.956611
193.0,193,26.092155
152.0,152,26.174537
419.0,419,26.399577
50.0,50,26.430828
43.0,43,26.454304
230.0,230,26.619349
80.0,80,26.665626
117.0,117,26.725692
143.0,143,26.810152
132.0,132,26.890867
68.0,68,26.924525
65.0,65,26.991479
250.0,250,27.124933
161.0,161,27.217452
121.0,121,27.280328
191.0,191,27.428938
235.0,235,27.55601
285.0,285,27.712917
28.0,28,27.728242
170.0,170,27.855343
193.0,193,27.959021
140.0,140,28.035627
33.0,33,28.052875
43.0,43,28.074498
149.0,149,28.152719
92.0,92,28.241029
164.0,164,28.324262
298.0,298,28.485765
168.0,168,28.578504
202.0,202,28.744091
185.0,185,28.867642
244.0,244,29.007073
454.0,454,29.308192
77.0,77,29.351398
241.0,241,29.715055
231.0,231,29.907449
202.0,202,30.061379
57.0,57,30.092954
25.0,25,30.105333
66.0,66,30.138915
330.0,330,30.318088
191.0,191,30.42086
80.0,80,30.500302
298.0,298,30.662635
165.0,165,30.756897
249.0,249,30.923113
197.0,197,31.03277
147.0,147,31.107036
239.0,239,31.252528
217.0,217,31.425226
235.0,235,31.560166
213.0,213,31.674365
210.0,210,31.820626
239.0,239,31.954473
246.0,246,32.093537
300.0,300,32.29089
45.0,45,32.320017
196.0,196,32.433473
171.0,171,32.530353
198.0,198,32.63957
193.0,193,32.782864
310.0,310,32.959491
204.0,204,33.07395
183.0,183,33.211024
234.0,234,33.338178
248.0,248,33.51741
284.0,284,33.679578
193.0,193,33.78691
423.0,423,34.06253
219.0,219,34.186353
190.0,190,34.287076
244.0,244,34.425699
181.0,181,34.567824
179.0,179,34.673535
181.0,181,34.775616
225.0,225,34.938753
197.0,197,35.050388
206.0,206,35.173836
213.0,213,35.303866
238.0,238,35.44337
180.0,180,35.541768
167.0,167,35.636352
175.0,175,35.731329
206.0,206,35.981721
193.0,193,36.087871
200.0,200,36.237997
214.0,214,36.352884
160.0,160,36.445531
214.0,214,36.560649
177.0,177,36.691634
172.0,172,36.786167
194.0,194,36.89168
186.0,186,36.992774
210.0,210,37.142828
191.0,191,37.247587
162.0,162,37.344591
198.0,198,37.455644
162.0,162,37.589015
198.0,198,37.699473
175.0,175,37.801773
166.0,166,37.892719
179.0,179,38.035688
181.0,181,38.140465
208.0,208,38.263607
161.0,161,38.34869
258.0,258,38.534324
163.0,163,38.626437
178.0,178,38.723506
190.0,190,38.83107
166.0,166,38.961308
180.0,180,39.063891
181.0,181,39.163859
161.0,161,39.253682
161.0,161,39.37828
154.0,154,39.463768
148.0,148,39.545612
166.0,166,39.634604
150.0,150,39.760945
155.0,155,39.841234
157.0,157,39.933342
167.0,167,40.027632
153.0,153,40.120472
154.0,154,40.236773
151.0,151,40.326436
176.0,176,40.436673
172.0,172,40.574498
150.0,150,40.661584
164.0,164,40.766456
167.0,167,40.865415
42.0,42,40.891114
152.0,152,41.012381
153.0,153,41.097984
162.0,162,41.189331
159.0,159,41.282852
167.0,167,41.375791
158.0,158,41.486818
151.0,151,41.573173
183.0,183,41.679748
160.0,160,41.763513
146.0,146,41.904524
147.0,147,42.039676
162.0,162,42.135162
148.0,148,42.315102
153.0,153,42.433656
152.0,152,42.517172
149.0,149,42.596177
146.0,146,42.678686
148.0,148,42.758387
155.0,155,42.867364
138.0,138,42.950194
157.0,157,43.036923
138.0,138,43.113999
141.0,141,43.192145
138.0,138,43.280827
148.0,148,43.383857
143.0,143,43.457528
158.0,158,43.544599
14.0,14,43.553154
135.0,135,43.627715
153.0,153,43.711148
146.0,146,43.803026
154.0,154,43.906949
165.0,165,43.991327
152.0,152,44.07488
154.0,154,44.158956
143.0,143,44.240739
144.0,144,44.318942
151.0,151,44.431157
14.0,14,44.439379
155.0,155,44.521047
158.0,158,44.607053
156.0,156,44.692711
150.0,150,44.7741
147.0,147,44.885116
141.0,141,44.963765
141.0,141,45.035648
144.0,144,45.1144
139.0,139,45.194475
154.0,154,45.277015
141.0,141,45.349943
152.0,152,45.467906
139.0,139,45.548763
140.0,140,45.625421
149.0,149,45.705052
151.0,151,45.788028
143.0,143,45.872405
122.0,122,45.976613
140.0,140,46.058727
142.0,142,46.139527
141.0,141,46.214083
143.0,143,46.292992
126.0,126,46.362265
149.0,149,46.478804
122.0,122,46.542524
128.0,128,46.613279
128.0,128,46.682552
140.0,140,46.753138
123.0,123,46.85315
150.0,150,46.933478
142.0,142,47.011992
128.0,128,47.077599
131.0,131,47.151415
139.0,139,47.258198
133.0,133,47.33029
128.0,128,47.399777
129.0,129,47.470005
124.0,124,47.539517
135.0,135,47.613341
130.0,130,47.680071
127.0,127,47.784338
126.0,126,47.855178
137.0,137,47.930321
123.0,123,47.996038
131.0,131,48.07146
120.0,120,48.24145
143.0,143,48.337706
131.0,131,48.410763
126.0,126,48.481045
133.0,133,48.586351
131.0,131,48.655987
137.0,137,48.730619
136.0,136,48.808958
142.0,142,48.887116
141.0,141,48.96082
24.0,24,48.973017
148.0,148,49.091721
128.0,128,49.161966
136.0,136,49.23688
133.0,133,49.305184
135.0,135,49.382016
124.0,124,49.450506
129.0,129,49.516563
134.0,134,49.619553
122.0,122,49.690218
132.0,132,49.775298
140.0,140,49.852512
140.0,140,49.926461
129.0,129,50.034874
131.0,131,50.10457
135.0,135,50.178332
125.0,125,50.242097
129.0,129,50.316594
135.0,135,50.390901
131.0,131,50.459063
129.0,129,50.529503
140.0,140,50.6413
124.0,124,50.710682
137.0,137,50.781787
136.0,136,50.856041
134.0,134,50.931254
133.0,133,51.000786
122.0,122,51.069631
129.0,129,51.171303
139.0,139,51.250913
24.0,24,51.263183
131.0,131,51.335127
129.0,129,51.401709
130.0,130,51.474734
127.0,127,51.544061
134.0,134,51.614443
132.0,132,51.713586
133.0,133,51.792242
146.0,146,51.871398
134.0,134,51.941641
138.0,138,52.015233
127.0,127,52.108292
137.0,137,52.195021
124.0,124,52.257644
128.0,128,52.328352
138.0,138,52.407173
133.0,133,52.47634
123.0,123,52.545165
139.0,139,52.655785
22.0,22,52.668169
132.0,132,52.740543
243.0,243,52.871187
129.0,129,52.94224
126.0,126,53.010237
122.0,122,53.107624
126.0,126,53.177704
133.0,133,53.249243
11.0,11,53.257654
126.0,126,53.322093
126.0,126,53.391787
126.0,126,53.460962
130.0,130,53.565192
120.0,120,53.627775
120.0,120,53.693941
126.0,126,53.757019
119.0,119,53.826082
141.0,141,53.904158
118.0,118,53.96587
123.0,123,54.063716
132.0,132,54.211449
125.0,125,54.27718
16.0,16,54.285355
130.0,130,54.355643
126.0,126,54.468724
126.0,126,54.53891
136.0,136,54.612109
133.0,133,54.68112
121.0,121,54.767163
127.0,127,54.838207
131.0,131,54.94363
129.0,129,55.013726
137.0,137,55.09351
135.0,135,55.165326
135.0,135,55.235642
130.0,130,55.308811
127.0,127,55.411106
129.0,129,55.492469
126.0,126,55.557823
123.0,123,55.627457
132.0,132,55.702848
132.0,132,55.816037
126.0,126,55.881541
124.0,124,55.95051
138.0,138,56.029621
133.0,133,56.098612
135.0,135,56.172728
133.0,133,56.276857
135.0,135,56.353881
134.0,134,56.427612
142.0,142,56.504732
133.0,133,56.580239
141.0,141,56.689227
14.0,14,56.701532
143.0,143,56.782435
127.0,127,56.852712
127.0,127,56.922588
133.0,133,56.996104
135.0,135,57.098822
133.0,133,57.177487
127.0,127,57.246471
129.0,129,57.318136
140.0,140,57.396954
139.0,139,57.469733
141.0,141,57.604928
136.0,136,57.675976
131.0,131,57.749842
128.0,128,57.823467
125.0,125,57.890318
126.0,126,57.992127
129.0,129,58.064787
126.0,126,58.140026
128.0,128,58.210517
124.0,124,58.291503
132.0,132,58.401864
123.0,123,58.478484
126.0,126,58.552105
135.0,135,58.633658
120.0,120,58.735718
134.0,134,58.80899
139.0,139,58.889805
131.0,131,58.96874
125.0,125,59.042032
130.0,130,59.145093
131.0,131,59.22298
133.0,133,59.302222
134.0,134,59.373696
141.0,141,59.453371
122.0,122,59.569436
132.0,132,59.644264
124.0,124,59.713667
135.0,135,59.785026
132.0,132,59.905781
132.0,132,59.978857
138.0,138,60.057279
138.0,138,60.129126
127.0,127,60.203274
141.0,141,60.311316
174.0,174,60.482409
145.0,145,60.56189
138.0,138,60.636322
127.0,127,60.732027
134.0,134,60.808579
129.0,129,60.878622
125.0,125,60.945453
131.0,131,61.019628
142.0,142,61.098741
132.0,132,61.166841
146.0,146,61.247907
137.0,137,61.357286
137.0,137,61.441008
134.0,134,61.514629
132.0,132,61.586119
139.0,139,61.662796
150.0,150,61.786069
152.0,152,61.86928
144.0,144,61.95427
121.0,121,62.023088
137.0,137,62.097598
139.0,139,62.204991
150.0,150,62.293715
145.0,145,62.380889
140.0,140,62.452577
122.0,122,62.520435
121.0,121,62.623784
13.0,13,62.630087
127.0,127,62.701286
123.0,123,62.765276
116.0,116,62.832135
124.0,124,62.900315
110.0,110,62.959127
123.0,123,63.029078
119.0,119,63.098632
117.0,117,63.192353
124.0,124,63.263833
118.0,118,63.331785
124.0,124,63.39903
131.0,131,63.473198
117.0,117,63.546551
110.0,110,63.646663
107.0,107,63.70455
113.0,113,63.768257
116.0,116,63.829056
118.0,118,63.897437
113.0,113,63.991301
116.0,116,64.057985
120.0,120,64.121046
114.0,114,64.182813
119.0,119,64.24612
114.0,114,64.30985
105.0,105,64.363336
111.0,111,64.425954
113.0,113,64.52803
116.0,116,64.596007
121.0,121,64.659299
112.0,112,64.722777
113.0,113,64.783436
116.0,116,64.89094
121.0,121,64.96568
117.0,117,65.031037
115.0,115,65.094199
113.0,113,65.15785
117.0,117,65.222425
113.0,113,65.311494
116.0,116,65.377761
107.0,107,65.443762
112.0,112,65.503575
112.0,112,65.567214
117.0,117,65.631339
117.0,117,65.740424
106.0,106,65.799938
113.0,113,65.862173
110.0,110,65.925396
116.0,116,65.991181
114.0,114,66.04949
110.0,110,66.143435
110.0,110,66.207162
120.0,120,66.268638
117.0,117,66.336133
119.0,119,66.400508
118.0,118,66.558953
113.0,113,66.620365
111.0,111,66.679361
117.0,117,66.743915
113.0,113,66.804163
114.0,114,66.867493
112.0,112,66.931288
116.0,116,67.052952
116.0,116,67.115426
121.0,121,67.1826
12.0,12,67.189654
114.0,114,67.254861
113.0,113,67.316189
111.0,111,67.409905
113.0,113,67.47202
112.0,112,67.530216
122.0,122,67.597822
111.0,111,67.655208
115.0,115,67.719364
116.0,116,67.784905
117.0,117,67.903199
112.0,112,67.962584
114.0,114,68.026348
112.0,112,68.089211
120.0,120,68.155117
114.0,114,68.217897
118.0,118,68.317849
118.0,118,68.379098
111.0,111,68.442869
117.0,117,68.502243
111.0,111,68.563589
115.0,115,68.627579
116.0,116,68.690703
127.0,127,68.791195
120.0,120,68.857976
111.0,111,68.918862
114.0,114,68.989478
121.0,121,69.056746
117.0,117,69.116572
113.0,113,69.180276
122.0,122,69.277115
113.0,113,69.340593
115.0,115,69.4057
116.0,116,69.469719
116.0,116,69.532385
111.0,111,69.593009
118.0,118,69.653053
110.0,110,69.762653
116.0,116,69.827801
124.0,124,69.897003
116.0,116,69.957686
121.0,121,70.033973
117.0,117,70.132274
126.0,126,70.205818
122.0,122,70.268497
115.0,115,70.334335
117.0,117,70.396417
119.0,119,70.469997
113.0,113,70.565115
117.0,117,70.630077
118.0,118,70.697656
116.0,116,70.763111
116.0,116,70.824224
115.0,115,70.889303
112.0,112,70.952296
118.0,118,71.049511
114.0,114,71.114569
119.0,119,71.178674
114.0,114,71.239828
110.0,110,71.315222
116.0,116,71.380566
120.0,120,71.442125
113.0,113,71.547246
114.0,114,71.61101
114.0,114,71.677608
112.0,112,71.740517
113.0,113,71.838246
117.0,117,71.903417
118.0,118,71.9717
124.0,124,72.046321
125.0,125,72.116462
121.0,121,72.180169
118.0,118,72.282078
114.0,114,72.357386
108.0,108,72.41705
118.0,118,72.485612
117.0,117,72.55136
119.0,119,72.713727
114.0,114,72.778224
119.0,119,72.844443
116.0,116,72.905568
116.0,116,72.970186
117.0,117,73.03185
122.0,122,73.134582
115.0,115,73.197428
110.0,110,73.255121
117.0,117,73.324775
122.0,122,73.394656
117.0,117,73.455348
109.0,109,73.546299
120.0,120,73.616702
116.0,116,73.67645
118.0,118,73.742916
111.0,111,73.804688
115.0,115,73.867662
121.0,121,73.941105
112.0,112,73.998397
118.0,118,74.096453
112.0,112,74.161749
118.0,118,74.226845
118.0,118,74.290071
112.0,112,74.352022
112.0,112,74.411788
111.0,111,74.508904
107.0,107,74.56768
119.0,119,74.630169
116.0,116,74.696131
116.0,116,74.762032
113.0,113,74.820192
117.0,117,74.886511
105.0,105,74.942182
117.0,117,75.058081
111.0,111,75.133661
114.0,114,75.202257
122.0,122,75.268117
113.0,113,75.372857
112.0,112,75.437501
114.0,114,75.510558
122.0,122,75.574085
118.0,118,75.647908
114.0,114,75.742018
114.0,114,75.811584
116.0,116,75.875601
120.0,120,75.950573
118.0,118,76.013389
117.0,117,76.127985
122.0,122,76.197741
111.0,111,76.259133
111.0,111,76.316635
111.0,111,76.379894
121.0,121,76.490817
123.0,123,76.560251
120.0,120,76.62204
112.0,112,76.685949
120.0,120,76.755722
122.0,122,76.820084
121.0,121,76.903978
113.0,113,76.980911
113.0,113,77.042511
118.0,118,77.127762
121.0,121,77.195089
114.0,114,77.256232
116.0,116,77.353077
112.0,112,77.417473
116.0,116,77.478337
115.0,115,77.541229
119.0,119,77.610963
110.0,110,77.669048
110.0,110,77.729507
117.0,117,77.82564
109.0,109,77.885283
112.0,112,77.949115
116.0,116,78.008894
109.0,109,78.06919
115.0,115,78.135989
112.0,112,78.19564
114.0,114,78.284773
120.0,120,78.350781
117.0,117,78.412622
117.0,117,78.488658
113.0,113,78.547358
115.0,115,78.619491
111.0,111,78.712859
118.0,118,78.794637
109.0,109,78.968307
112.0,112,79.030919
114.0,114,79.13339
112.0,112,79.191168
109.0,109,79.252317
115.0,115,79.317299
118.0,118,79.379764
109.0,109,79.440353
115.0,115,79.500269
114.0,114,79.595188
118.0,118,79.661429
115.0,115,79.719637
120.0,120,79.785122
114.0,114,79.847531
114.0,114,79.910436
114.0,114,79.972524
119.0,119,80.034827
117.0,117,80.123721
116.0,116,80.191374
114.0,114,80.251933
121.0,121,80.319761
113.0,113,80.382221
106.0,106,80.447146
112.0,112,80.511461
112.0,112,80.568812
110.0,110,80.629355
110.0,110,80.726866
108.0,108,80.78269
120.0,120,80.849609
112.0,112,80.912706
120.0,120,80.976763
114.0,114,81.072479
115.0,115,81.137228
116.0,116,81.197753
113.0,113,81.265915
114.0,114,81.331673
123.0,123,81.411646
108.0,108,81.504791
115.0,115,81.580079
109.0,109,81.638755
118.0,118,81.706579
124.0,124,81.780507
119.0,119,81.891184
115.0,115,81.953014
120.0,120,82.02107
122.0,122,82.091161
116.0,116,82.159497
120.0,120,82.261228
111.0,111,82.32588
110.0,110,82.384845
118.0,118,82.453696
112.0,112,82.516399
110.0,110,82.574723
115.0,115,82.673206
114.0,114,82.741529
115.0,115,82.800179
120.0,120,82.867106
112.0,112,82.939226
120.0,120,83.004791
117.0,117,83.103376
108.0,108,83.164568
115.0,115,83.22427
111.0,111,83.288299
113.0,113,83.350678
116.0,116,83.415985
112.0,112,83.479307
111.0,111,83.538929
118.0,118,83.643557
117.0,117,83.711209
116.0,116,83.776178
113.0,113,83.841958
114.0,114,83.912029
113.0,113,83.975146
122.0,122,84.09271
120.0,120,84.159361
119.0,119,84.230125
110.0,110,84.293678
115.0,115,84.355854
113.0,113,84.422397
117.0,117,84.482366
113.0,113,84.575967
118.0,118,84.641265
117.0,117,84.708502
110.0,110,84.765195
114.0,114,84.829026
114.0,114,84.887165
116.0,116,84.983535
119.0,119,85.119567
112.0,112,85.182882
110.0,110,85.246942
113.0,113,85.343451
118.0,118,85.408587
108.0,108,85.470368
113.0,113,85.530103
115.0,115,85.59565
116.0,116,85.658579
117.0,117,85.755204
109.0,109,85.816864
112.0,112,85.881885
113.0,113,85.940402
108.0,108,86.008098
108.0,108,86.06546
115.0,115,86.168437
115.0,115,86.234727
114.0,114,86.298195
119.0,119,86.360074
111.0,111,86.425073
115.0,115,86.483973
109.0,109,86.580261
118.0,118,86.646675
111.0,111,86.707389
109.0,109,86.769031
110.0,110,86.831932
110.0,110,86.88865
116.0,116,86.988427
113.0,113,87.050656
113.0,113,87.110869
110.0,110,87.175266
119.0,119,87.254461
113.0,113,87.313403
118.0,118,87.41534
112.0,112,87.47717
115.0,115,87.539398
112.0,112,87.602126
116.0,116,87.663313
110.0,110,87.727765
117.0,117,87.823507
108.0,108,87.885498
110.0,110,87.944507
122.0,122,88.010699
113.0,113,88.070698
112.0,112,88.134232
108.0,108,88.190364
115.0,115,88.25458
120.0,120,88.37437
110.0,110,88.441852
110.0,110,88.49926
118.0,118,88.564961
106.0,106,88.622832
115.0,115,88.72203
115.0,115,88.787111
115.0,115,88.848386
110.0,110,88.908656
110.0,110,88.969778
115.0,115,89.029844
107.0,107,89.125367
113.0,113,89.189755
110.0,110,89.247089
108.0,108,89.306826
118.0,118,89.372532
112.0,112,89.433491
114.0,114,89.497035
120.0,120,89.558913
113.0,113,89.651814
115.0,115,89.717878
113.0,113,89.776353
116.0,116,89.842631
111.0,111,89.917401
111.0,111,89.976134
108.0,108,90.06852
114.0,114,90.141677
111.0,111,90.200047
117.0,117,90.265879
114.0,114,90.329754
109.0,109,90.386989
109.0,109,90.491049
115.0,115,90.559452
112.0,112,90.617653
108.0,108,90.677501
120.0,120,90.744532
111.0,111,90.803859
112.0,112,90.866756
115.0,115,90.962853
113.0,113,91.020793
110.0,110,91.084982
114.0,114,91.206762
111.0,111,91.269135
113.0,113,91.326814
114.0,114,91.427341
119.0,119,91.49476
111.0,111,91.550682
115.0,115,91.614563
114.0,114,91.69107
113.0,113,91.75098
114.0,114,91.813479
114.0,114,91.87405
117.0,117,91.975122
116.0,116,92.039802
119.0,119,92.101847
108.0,108,92.161489
114.0,114,92.2221
109.0,109,92.325448
109.0,109,92.388484
118.0,118,92.452848
113.0,113,92.523083
113.0,113,92.589083
115.0,115,92.651837
121.0,121,92.752701
116.0,116,92.828396
115.0,115,92.899936
117.0,117,92.963076
119.0,119,93.031483
109.0,109,93.130262
105.0,105,93.185133
117.0,117,93.248864
118.0,118,93.320104
112.0,112,93.380305
109.0,109,93.440684
107.0,107,93.494957
112.0,112,93.588921
111.0,111,93.655065
112.0,112,93.712618
112.0,112,93.775549
109.0,109,93.835264
121.0,121,93.900045
112.0,112,93.990892
114.0,114,94.056007
117.0,117,94.115329
120.0,120,94.184192
116.0,116,94.246154
117.0,117,94.307952
116.0,116,94.40056
115.0,115,94.471343
110.0,110,94.52676
115.0,115,94.59146
110.0,110,94.647958
116.0,116,94.714357
110.0,110,94.769951
110.0,110,94.863383
109.0,109,94.923945
114.0,114,94.983266
118.0,118,95.049632
116.0,116,95.114315
119.0,119,95.175452
119.0,119,95.240532
112.0,112,95.297042
116.0,116,95.393253
110.0,110,95.454628
110.0,110,95.512317
111.0,111,95.575129
111.0,111,95.640796
117.0,117,95.716029
111.0,111,95.816408
116.0,116,95.882106
112.0,112,95.945935
112.0,112,96.005451
114.0,114,96.070568
111.0,111,96.128975
115.0,115,96.23966
113.0,113,96.305119
119.0,119,96.386605
107.0,107,96.443734
109.0,109,96.555264
110.0,110,96.622601
115.0,115,96.691829
110.0,110,96.757161
14.0,14,96.763452
113.0,113,96.835611
109.0,109,96.934127
113.0,113,96.991152
117.0,117,97.063563
108.0,108,97.12975
116.0,116,97.194244
116.0,116,97.258314
114.0,114,97.424268
109.0,109,97.488506
121.0,121,97.558119
112.0,112,97.618237
117.0,117,97.683759
113.0,113,97.777101
110.0,110,97.840646
112.0,112,97.903468
124.0,124,97.972849
115.0,115,98.033788
114.0,114,98.0971
112.0,112,98.154451
109.0,109,98.248072
116.0,116,98.313281
115.0,115,98.376157
113.0,113,98.438488
114.0,114,98.500566
113.0,113,98.558731
113.0,113,98.625611
112.0,112,98.683697
119.0,119,98.747731
118.0,118,98.845555
111.0,111,98.909345
113.0,113,98.967012
119.0,119,99.033798
115.0,115,99.091794
117.0,117,99.160807
112.0,112,99.221844
115.0,115,99.280986
113.0,113,99.374363
120.0,120,99.451895
115.0,115,99.510774
118.0,118,99.583455
116.0,116,99.652899
118.0,118,99.764713
119.0,119,99.835264
118.0,118,99.905866
111.0,111,99.966231
122.0,122,100.03301
113.0,113,100.135589
119.0,119,100.202609
113.0,113,100.260389
119.0,119,100.329441
115.0,115,100.394832
111.0,111,100.453307
113.0,113,100.517446
110.0,110,100.575517
111.0,111,100.637044
121.0,121,100.705159
115.0,115,100.792209
109.0,109,100.854989
124.0,124,100.923936
124.0,124,100.988366
110.0,110,101.050041
116.0,116,101.111798
112.0,112,101.173772
117.0,117,101.246811
118.0,118,101.327674
114.0,114,101.393214
114.0,114,101.455982
109.0,109,101.5144
113.0,113,101.575672
119.0,119,101.638625
121.0,121,101.736371
114.0,114,101.800077
117.0,117,101.862298
112.0,112,101.934531
119.0,119,102.007828
114.0,114,102.070692
117.0,117,102.16607
115.0,115,102.233626
123.0,123,102.305551
112.0,112,102.364617
111.0,111,102.426016
117.0,117,102.490631
114.0,114,102.581706
116.0,116,102.650259
112.0,112,102.707597
120.0,120,102.777378
118.0,118,102.843792
114.0,114,102.901211
111.0,111,102.969002
118.0,118,103.051751
121.0,121,103.130264
110.0,110,103.190567
114.0,114,103.263644
116.0,116,103.32676
122.0,122,103.50053
117.0,117,103.562374
119.0,119,103.636602
112.0,112,103.702105
113.0,113,103.763261
109.0,109,103.859428
110.0,110,103.921948
115.0,115,103.983516
113.0,113,104.047081
117.0,117,104.112573
118.0,118,104.174424
114.0,114,104.239812
115.0,115,104.299646
112.0,112,104.392038
117.0,117,104.455515
117.0,117,104.519208
110.0,110,104.579
119.0,119,104.647449
122.0,122,104.711028
121.0,121,104.780065
116.0,116,104.840423
119.0,119,104.976775
114.0,114,105.039706
120.0,120,105.107968
112.0,112,105.170474
112.0,112,105.232989
120.0,120,105.299775
113.0,113,105.398645
118.0,118,105.460508
124.0,124,105.528918
121.0,121,105.593893
119.0,119,105.65849
113.0,113,105.721206
120.0,120,105.783904
119.0,119,105.885025
118.0,118,105.951476
115.0,115,106.014541
114.0,114,106.076298
127.0,127,106.152792
115.0,115,106.215127
115.0,115,106.279689
112.0,112,106.368058
114.0,114,106.432415
111.0,111,106.509105
121.0,121,106.576302
119.0,119,106.644843
123.0,123,106.715627
121.0,121,106.826215
19.0,19,106.836938
121.0,121,106.906886
118.0,118,106.979025
114.0,114,107.04279
116.0,116,107.140594
115.0,115,107.205885
120.0,120,107.269984
118.0,118,107.341174
119.0,119,107.410042
117.0,117,107.470506
117.0,117,107.536383
115.0,115,107.59855
114.0,114,107.695827
119.0,119,107.760581
132.0,132,107.833226
114.0,114,107.895685
113.0,113,107.957766
114.0,114,108.017393
116.0,116,108.082946
126.0,126,108.185694
121.0,121,108.251925
132.0,132,108.320823
118.0,118,108.386624
121.0,121,108.45532
124.0,124,108.522869
130.0,130,108.635102
110.0,110,108.695764
128.0,128,108.76615
119.0,119,108.830178
113.0,113,108.893343
127.0,127,108.958842
120.0,120,109.059285
131.0,131,109.131575
114.0,114,109.192569
123.0,123,109.256581
117.0,117,109.328837
119.0,119,109.395726
116.0,116,109.501942
115.0,115,109.648908
124.0,124,109.72287
118.0,118,109.82849
127.0,127,109.897757
125.0,125,109.972673
119.0,119,110.042801
117.0,117,110.104484
113.0,113,110.167756
126.0,126,110.284289
116.0,116,110.347551
122.0,122,110.416905
121.0,121,110.485652
123.0,123,110.550751
125.0,125,110.656115
121.0,121,110.722
121.0,121,110.786567
118.0,118,110.851407
113.0,113,110.923116
128.0,128,110.989725
116.0,116,111.122295
119.0,119,111.184191
145.0,145,111.274058
128.0,128,111.346089
114.0,114,111.439292
124.0,124,111.503509
132.0,132,111.581952
123.0,123,111.651894
114.0,114,111.711473
117.0,117,111.776589
124.0,124,111.879355
123.0,123,111.944776
121.0,121,112.010529
120.0,120,112.075645
128.0,128,112.145556
122.0,122,112.255899
127.0,127,112.334302
132.0,132,112.408626
119.0,119,112.47293
119.0,119,112.541185
117.0,117,112.606471
115.0,115,112.668476
118.0,118,112.769351
123.0,123,112.839229
118.0,118,112.900466
121.0,121,112.969292
155.0,155,113.054145
120.0,120,113.117548
131.0,131,113.226991
116.0,116,113.291119
147.0,147,113.374014
155.0,155,113.454545
164.0,164,113.542632
131.0,131,113.642739
101.0,101,113.70348
116.0,116,113.763479
112.0,112,113.82483
117.0,117,113.885566
115.0,115,113.951828
117.0,117,114.016476
140.0,140,114.090065
128.0,128,114.196242
123.0,123,114.268783
120.0,120,114.334952
124.0,124,114.408487
166.0,166,114.505406
114.0,114,114.574644
128.0,128,114.68266
142.0,142,114.760084
131.0,131,114.82933
114.0,114,114.89656
128.0,128,114.969574
146.0,146,115.082445
115.0,115,115.144141
119.0,119,115.212112
142.0,142,115.291578
137.0,137,115.362299
118.0,118,115.460024
113.0,113,115.524619
151.0,151,115.617968
130.0,130,115.691696
149.0,149,115.885533
147.0,147,115.973034
139.0,139,116.055125
136.0,136,116.132008
126.0,126,116.238098
147.0,147,116.319765
113.0,113,116.382627
125.0,125,116.454846
124.0,124,116.518802
137.0,137,116.595812
134.0,134,116.700759
128.0,128,116.775876
140.0,140,116.84759
130.0,130,116.921367
130.0,130,116.992569
128.0,128,117.058837
116.0,116,117.123538
129.0,129,117.232461
131.0,131,117.299675
121.0,121,117.367393
134.0,134,117.438606
119.0,119,117.512586
136.0,136,117.588772
140.0,140,117.708849
133.0,133,117.786322
107.0,107,117.847985
140.0,140,117.929043
114.0,114,118.026583
118.0,118,118.0967
126.0,126,118.164807
138.0,138,118.252032
126.0,126,118.321339
132.0,132,118.435449
119.0,119,118.499223
143.0,143,118.579023
135.0,135,118.654273
135.0,135,118.752678
143.0,143,118.855084
114.0,114,118.920137
127.0,127,118.990447
119.0,119,119.055434
108.0,108,119.151875
122.0,122,119.217395
136.0,136,119.293607
118.0,118,119.357085
116.0,116,119.421017
119.0,119,119.486694
110.0,110,119.541858
132.0,132,119.645002
110.0,110,119.709322
108.0,108,119.765975
111.0,111,119.828388
114.0,114,119.891727
112.0,112,119.953103
120.0,120,120.024981
110.0,110,120.09095
114.0,114,120.182625
136.0,136,120.262131
112.0,112,120.321365
119.0,119,120.389422
120.0,120,120.457527
110.0,110,120.517759
118.0,118,120.616283
115.0,115,120.68202
109.0,109,120.739896
114.0,114,120.805282
13.0,13,120.813295
114.0,114,120.876017
109.0,109,120.932314
17.0,17,120.944217
116.0,116,121.041776
122.0,122,121.109483
15.0,15,121.117528
120.0,120,121.184683
115.0,115,121.244683
120.0,120,121.312039
115.0,115,121.370995
121.0,121,121.440159
112.0,112,121.528818
121.0,121,121.596133
120.0,120,121.662124
115.0,115,121.728626
115.0,115,121.78637
119.0,119,121.912625
112.0,112,122.013787
114.0,114,122.095683
114.0,114,122.15889
112.0,112,122.21758
123.0,123,122.288456
118.0,118,122.390377
116.0,116,122.45036
120.0,120,122.51713
114.0,114,122.581129
119.0,119,122.644743
17.0,17,122.653131
112.0,112,122.715842
113.0,113,122.809066
115.0,115,122.871054
118.0,118,122.936934
119.0,119,123.003061
113.0,113,123.061434
120.0,120,123.171261
113.0,113,123.236032
109.0,109,123.291949
115.0,115,123.354983
112.0,112,123.414927
109.0,109,123.475024
115.0,115,123.538013
113.0,113,123.59594
117.0,117,123.698213
122.0,122,123.776261
112.0,112,123.833856
118.0,118,123.897919
112.0,112,123.96908
121.0,121,124.032469
121.0,121,124.134255
122.0,122,124.211714
119.0,119,124.281208
108.0,108,124.338051
120.0,120,124.447115
123.0,123,124.515813
112.0,112,124.576207
121.0,121,124.643929
113.0,113,124.707432
112.0,112,124.765584
114.0,114,124.831729
112.0,112,124.928
110.0,110,124.984533
111.0,111,125.046591
108.0,108,125.105139
117.0,117,125.169835
118.0,118,125.255994
118.0,118,125.33481
122.0,122,125.402605
114.0,114,125.466192
111.0,111,125.525208
113.0,113,125.590463
109.0,109,125.654808
118.0,118,125.716227
113.0,113,125.8119
113.0,113,125.874538
118.0,118,125.940316
111.0,111,126.004301
107.0,107,126.058054
107.0,107,126.119428
107.0,107,126.183686
110.0,110,126.288725
118.0,118,126.350287
117.0,117,126.424858
114.0,114,126.492471
109.0,109,126.548712
106.0,106,126.650069
119.0,119,126.712409
116.0,116,126.780246
111.0,111,126.848819
119.0,119,126.916924
113.0,113,127.014354
120.0,120,127.084025
122.0,122,127.156275
116.0,116,127.217891
113.0,113,127.28225
116.0,116,127.345859
113.0,113,127.45783
114.0,114,127.520273
115.0,115,127.580673
120.0,120,127.649359
119.0,119,127.716309
114.0,114,127.776442
115.0,115,127.885676
124.0,124,127.958123
115.0,115,128.019814
124.0,124,128.189416
123.0,123,128.258116
119.0,119,128.321394
116.0,116,128.386289
119.0,119,128.447622
122.0,122,128.515369
117.0,117,128.630071
122.0,122,128.696857
118.0,118,128.759946
117.0,117,128.82587
118.0,118,128.899014
120.0,120,128.962383
122.0,122,129.031401
127.0,127,129.147774
124.0,124,129.217822
123.0,123,129.292417
116.0,116,129.357105
122.0,122,129.425381
124.0,124,129.530765
116.0,116,129.591638
111.0,111,129.655113
122.0,122,129.718637
118.0,118,129.788994
122.0,122,129.857172
119.0,119,129.920553
114.0,114,130.02737
113.0,113,130.093
123.0,123,130.158122
120.0,120,130.225918
123.0,123,130.292983
118.0,118,130.35684
124.0,124,130.457735
118.0,118,130.53191
120.0,120,130.600846
120.0,120,130.666546
120.0,120,130.742
115.0,115,130.820329
114.0,114,130.912618
116.0,116,130.977455
123.0,123,131.054183
125.0,125,131.127932
115.0,115,131.227432
118.0,118,131.294451
117.0,117,131.360227
112.0,112,131.419695
116.0,116,131.483701
120.0,120,131.57048
114.0,114,131.646514
120.0,120,131.713528
125.0,125,131.781759
116.0,116,131.84385
117.0,117,131.909437
128.0,128,131.983918
122.0,122,132.082898
118.0,118,132.146173
111.0,111,132.209034
126.0,126,132.275035
124.0,124,132.34427
124.0,124,132.44696
120.0,120,132.513523
36.0,36,132.531822
126.0,126,132.600466
121.0,121,132.673001
117.0,117,132.736589
122.0,122,132.801531
118.0,118,132.900975
122.0,122,132.972036
119.0,119,133.038773
121.0,121,133.100932
125.0,125,133.169343
121.0,121,133.238622
119.0,119,133.30081
119.0,119,133.397345
126.0,126,133.466445
116.0,116,133.540444
116.0,116,133.615113
124.0,124,133.701011
109.0,109,133.763113
117.0,117,133.826164
117.0,117,133.931813
117.0,117,133.995974
118.0,118,134.058786
116.0,116,134.12558
113.0,113,134.185034
115.0,115,134.28177
