rollout/ep_len_mean,time/time_elapsed,time/total_timesteps,time/iterations,time/fps,rollout/ep_rew_mean,train/n_updates,train/explained_variance,train/clip_range,train/approx_kl,train/policy_gradient_loss,train/loss,train/value_loss,train/learning_rate,train/std,train/clip_fraction,train/entropy_loss
7.65,0,2048,1,4707,6.65,,,,,,,,,,,
10.05,1,4096,2,3157,9.05,10,0.00014722347259521484,0.2,0.019460514,-0.021877954437513836,2.954758405685425,11.116416943073272,0.0003,0.9556285738945007,0.1716796875,-1.3965882673859595
14.55,2,6144,3,2816,13.55,20,0.14851289987564087,0.2,0.019666744,-0.031231464122538456,5.432960033416748,14.32446762919426,0.0003,0.9122089743614197,0.197314453125,-1.3502144142985344
23.61,3,8192,4,2705,22.61,30,0.13032913208007812,0.2,0.024351815,-0.03217150429845787,16.24466896057129,28.653921979665757,0.0003,0.8775872588157654,0.2013671875,-1.306977017596364
31.26,3,10240,5,2634,30.26,40,0.07852315902709961,0.2,0.010550553,-0.02058230269321939,26.19389533996582,47.78942379951477,0.0003,0.8551675081253052,0.11611328125,-1.2759092666208744
42.92,4,12288,6,2609,41.92,50,0.12732470035552979,0.2,0.008647988,-0.016578209736326243,14.72917652130127,59.68838549256325,0.0003,0.8402588367462158,0.09775390625,-1.2536855645477771
54.74,5,14336,7,2578,53.74,60,0.33713918924331665,0.2,0.0076465774,-0.01197541930305306,26.566059112548828,55.14020591378212,0.0003,0.8307507634162903,0.06591796875,-1.2389437925070523
63.76,6,16384,8,2551,62.76,70,0.5411232709884644,0.2,0.009230902,-0.014436889463104308,25.675662994384766,53.76017488837242,0.0003,0.8156880140304565,0.08798828125,-1.223337636888027
79.58,7,18432,9,2526,78.58,80,0.7335280179977417,0.2,0.0059313443,-0.007514825586986263,19.651079177856445,38.82778861820698,0.0003,0.8049095869064331,0.073828125,-1.2084919337183238
91.85,8,20480,10,2456,90.85,90,0.7897951602935791,0.2,0.007713191,-0.01100966723242891,7.6062517166137695,38.10362439155578,0.0003,0.8027397394180298,0.067529296875,-1.1996572658419609
108.9,9,22528,11,2445,107.9,100,0.7478586435317993,0.2,0.0075595174,-0.011888184252893553,14.889789581298828,49.28822699785233,0.0003,0.7944128513336182,0.082958984375,-1.1940974496304988
125.62,10,24576,12,2438,124.63,110,0.829700767993927,0.2,0.0075856885,-0.016582630496122873,7.021975040435791,33.99274531006813,0.0003,0.7900826334953308,0.0802734375,-1.185934068635106
144.42,11,26624,13,2413,143.45,120,0.5923627614974976,0.2,0.0058564865,-0.0072316405137826225,10.377861022949219,30.802539712935687,0.0003,0.7801693081855774,0.051953125,-1.177106936275959
162.57,11,28672,14,2408,161.62,130,-0.6047964096069336,0.2,0.008701248,-0.005417666649009334,0.3845685124397278,9.486926536797545,0.0003,0.7516366839408875,0.054833984375,-1.1587536305189132
181.52,12,30720,15,2393,180.59,140,0.007221639156341553,0.2,0.008366768,0.00026986996381310745,0.07730158418416977,6.703354016545927,0.0003,0.7510779500007629,0.056494140625,-1.1324977327138186
200.25,13,32768,16,2389,199.34,150,-0.010534286499023438,0.2,0.010057609,0.0018645967880729585,0.21167607605457306,4.08661015885591,0.0003,0.7579833269119263,0.06025390625,-1.1335665699094535
219.15,14,34816,17,2389,218.26,160,-0.017891883850097656,0.2,0.0076139164,0.0006701228368910961,0.06869551539421082,2.544700568915869,0.0003,0.7530691027641296,0.065576171875,-1.1390053976327181
237.47,15,36864,18,2384,236.6,170,-0.013078570365905762,0.2,0.006899004,-0.002305449056439102,0.007249082438647747,1.5321080438174248,0.0003,0.7595378160476685,0.07001953125,-1.1384122889488935
256.07,16,38912,19,2377,255.22,180,0.007336974143981934,0.2,0.0051784543,0.0005019285104935989,0.06910385191440582,0.907797564791872,0.0003,0.7590928673744202,0.029150390625,-1.1421652551740409
278.39,17,40960,20,2375,277.56,190,-0.024329781532287598,0.2,0.0041822502,0.0003140583648928441,0.01888386718928814,0.5521023103799962,0.0003,0.7783254384994507,0.047705078125,-1.1528011672198772
297.34,18,43008,21,2378,296.53,200,0.0016998648643493652,0.2,0.0022342713,-0.0031572056439472364,9.594158172607422,59.76602603457868,0.0003,0.7750508785247803,0.037255859375,-1.165106152743101
316.11,18,45056,22,2376,315.32,210,-1.645042896270752,0.2,0.00850076,-0.007812001160345972,0.10904723405838013,0.5233702385099605,0.0003,0.7765573263168335,0.118896484375,-1.1632854942232371
335.27,19,47104,23,2372,334.5,220,-1.0944182872772217,0.2,0.0074422946,-0.009254743465862702,-0.020069368183612823,0.16330317618849222,0.0003,0.7440043687820435,0.058544921875,-1.14553786739707
353.97,20,49152,24,2373,353.22,230,-0.06512081623077393,0.2,0.0057306667,-0.00251638410409214,-0.009772902354598045,0.0924553335080418,0.0003,0.7581774592399597,0.07294921875,-1.1313084654510022
373.31,21,51200,25,2372,372.58,240,-0.036341190338134766,0.2,0.0058232723,-0.002386489708442241,0.02846674434840679,0.05686636165910386,0.0003,0.7574800848960876,0.05703125,-1.1423230476677417
391.74,22,53248,26,2372,391.03,250,-0.029198408126831055,0.2,0.004223137,0.0011619208024058025,0.020493745803833008,0.03452459211475798,0.0003,0.7590076327323914,0.0263671875,-1.1431761566549539
411.09,23,55296,27,2374,410.4,260,-0.037216782569885254,0.2,0.0030978576,-0.0016707708840840497,0.0012424876913428307,0.022210697356831587,0.0003,0.7614532709121704,0.0271484375,-1.143843012675643
429.18,24,57344,28,2372,428.51,270,-0.021314501762390137,0.2,0.002313396,0.0005684060372004752,0.006726700346916914,0.013232048970985488,0.0003,0.774432361125946,0.013623046875,-1.1545467607676982
448.11,25,59392,29,2370,447.46,280,-0.027977466583251953,0.2,0.0040178644,-8.07161326520145e-05,-0.007106679957360029,0.008693640345109088,0.0003,0.7774697542190552,0.0359375,-1.164893174916506
467.71,25,61440,30,2373,467.08,290,-0.03752255439758301,0.2,0.004781695,0.0005655500863213092,-6.676377961412072e-05,0.005517924788773598,0.0003,0.7932201623916626,0.034033203125,-1.175338114053011
486.13,26,63488,31,2370,485.52,300,-0.01261293888092041,0.2,0.005274175,-0.0025579617948096713,-0.007523291278630495,0.0036451671144277498,0.0003,0.7974172830581665,0.044140625,-1.19102785885334
504.46,27,65536,32,2365,503.87,310,-0.05310213565826416,0.2,0.00478555,-0.0012251802050741389,0.03912068158388138,0.0024265055008982016,0.0003,0.803621232509613,0.0404296875,-1.1968152351677417
522.69,29,67584,33,2327,522.12,320,-0.07611095905303955,0.2,0.0035132575,-0.00036091023503104225,-0.005151722580194473,0.001637425437775164,0.0003,0.8107941746711731,0.03603515625,-1.2063050869852305
540.49,31,69632,34,2239,539.94,330,-0.07529544830322266,0.2,0.003141047,-0.0009139812114881352,0.005010377150028944,0.0010700150984803258,0.0003,0.8142520189285278,0.043505859375,-1.2121420510113239
558.41,32,71680,35,2227,557.88,340,-0.11521375179290771,0.2,0.004023997,-0.0010251922401948832,-0.0021391662303358316,0.0008558874477984091,0.0003,0.8342217803001404,0.079638671875,-1.2265721816569566
585.77,33,73728,36,2233,585.27,350,-0.1129460334777832,0.2,0.0030572915,-0.0025833251798758282,-0.004228259902447462,0.000611154783297252,0.0003,0.8109866380691528,0.044189453125,-1.2225412830710412
604.22,33,75776,37,2236,603.74,360,-0.10689151287078857,0.2,0.00422358,0.000636290128750261,0.006977791897952557,0.0004201664474180689,0.0003,0.8167769908905029,0.0169921875,-1.212388702481985
622.19,34,77824,38,2242,621.73,370,-0.2759040594100952,0.2,0.0028837644,-0.0007655325724044814,0.006128550041466951,0.0002621396863503378,0.0003,0.8096145391464233,0.044775390625,-1.2122702986001967
641.46,35,79872,39,2241,641.02,380,-0.2735896110534668,0.2,0.004943887,1.386214280501008e-05,-0.006165677681565285,0.00022700745674057997,0.0003,0.8088494539260864,0.042431640625,-1.2069016683846712
658.88,36,81920,40,2244,658.46,390,-0.28804659843444824,0.2,0.005903572,-0.00028828450522269124,-0.0010539117502048612,0.00014007186349260792,0.0003,0.7941704988479614,0.0435546875,-1.1963816106319427
677.05,37,83968,41,2247,676.65,400,-0.38008153438568115,0.2,0.0068520214,-0.0008671289659105241,0.011891410686075687,8.248956297336462e-05,0.0003,0.770700216293335,0.058056640625,-1.1731384739279747
696.07,38,86016,42,2249,695.69,410,-0.46478569507598877,0.2,0.008395233,-0.0037982972360623537,-4.124498082092032e-05,7.064084604451182e-05,0.0003,0.7651041746139526,0.087353515625,-1.1549051158130168
714.81,39,88064,43,2254,714.45,420,-0.6577818393707275,0.2,0.00421658,1.5253208403009921e-05,-0.0008171750232577324,5.842213849120981e-05,0.0003,0.7516564130783081,0.039208984375,-1.1402268316596746
729.07,39,90112,44,2258,728.73,430,-0.5860621929168701,0.2,0.0031225765,-0.0026104393095010892,-0.003944735042750835,4.287107066147655e-05,0.0003,0.7267950773239136,0.028955078125,-1.11529138982296
746.53,40,92160,45,2258,746.21,440,-0.9707916975021362,0.2,0.0031604157,0.0005707329473807476,0.0070647564716637135,2.57971879221941e-05,0.0003,0.7156546115875244,0.033642578125,-1.0928813546895981
764.75,41,94208,46,2261,764.45,450,-0.7335696220397949,0.2,0.002711019,-0.0019522677786881105,-0.012072731740772724,1.9086193287876085e-05,0.0003,0.6895244121551514,0.025439453125,-1.0638706553727388
781.52,42,96256,47,2264,781.24,460,-1.3094923496246338,0.2,0.0034385023,0.0008272049512015655,-0.018475865945219994,1.6493916655235806e-05,0.0003,0.6743025183677673,0.031103515625,-1.034559442475438
799.72,43,98304,48,2265,799.46,470,-1.5419046878814697,0.2,0.0067486633,-0.0019718282812391406,-0.007120345253497362,1.086495607012239e-05,0.0003,0.6546722650527954,0.050927734375,-1.0080334899947048
816.71,44,100352,49,2255,816.47,480,-2.1405282020568848,0.2,0.0058032614,-0.003870602395909373,-0.0035684749018400908,7.877556674884545e-06,0.0003,0.6280009746551514,0.04912109375,-0.9721594393253327
835.17,45,102400,50,2254,834.95,490,-1.8391451835632324,0.2,0.0039461562,0.001710089850530494,0.0038761901669204235,1.3116965354242893e-05,0.0003,0.6174814105033875,0.044140625,-0.944154960103333
853.0,46,104448,51,2257,852.8,500,-5.375064373016357,0.2,0.005405466,-0.0028059741205652246,-0.019635049626231194,1.9310465782496065e-05,0.0003,0.5980391502380371,0.046923828125,-0.9180895229801536
869.37,47,106496,52,2259,869.19,510,-4.858570098876953,0.2,0.004475192,0.0001836274503148161,-0.007406459655612707,1.0073055196357928e-05,0.0003,0.5758178234100342,0.042919921875,-0.8841992070898413
886.03,47,108544,53,2262,885.87,520,-9.81460952758789,0.2,0.0057776254,-0.0012399307961459272,0.0075134774670004845,8.399034035733166e-06,0.0003,0.5617375373840332,0.058837890625,-0.8533122982829809
903.58,48,110592,54,2263,903.44,530,-2.853034734725952,0.2,0.0052773496,-0.0014185684922267683,0.011337715201079845,5.484900640340129e-06,0.0003,0.5445560216903687,0.06650390625,-0.825872115045786
921.72,49,112640,55,2263,921.6,540,-7.0951385498046875,0.2,0.0059874663,-0.0019675634350278413,-0.0017065731808543205,3.362267133866226e-06,0.0003,0.5196470022201538,0.04658203125,-0.7840834680944682
936.66,50,114688,56,2266,936.56,550,-6.600708484649658,0.2,0.0032739248,-0.0005849869710800703,0.005501491483300924,2.0697448650253137e-05,0.0003,0.5041115283966064,0.03583984375,-0.7497004980221391
960.32,51,116736,57,2267,960.25,560,-10.100842475891113,0.2,0.0048525184,-0.0029155353011447007,-0.019058773294091225,2.4647022428325726e-06,0.0003,0.4816475510597229,0.057080078125,-0.708682757243514
966.04,52,118784,58,2270,965.99,570,-20.88373374938965,0.2,0.008435059,0.0009283709019655362,-0.0019609518349170685,4.692384456461695e-06,0.0003,0.4655930697917938,0.04013671875,-0.6684237793087959
977.72,53,120832,59,2271,977.69,580,-21.58962059020996,0.2,0.0056069763,-0.0004165455451584421,-0.00460983719676733,2.0187969235507806e-05,0.0003,0.448756605386734,0.064599609375,-0.6317438876256347
984.84,54,122880,60,2274,984.82,590,-17.41973114013672,0.2,0.006066463,-0.001270125863084104,0.004028527997434139,1.8103179371564692e-06,0.0003,0.4353581368923187,0.061279296875,-0.6027564944699406
984.84,54,124928,61,2276,984.82,600,-17.805408477783203,0.2,0.005700722,0.0031138674123212693,-0.015247938223183155,6.40637509491171e-05,0.0003,0.4248819351196289,0.0431640625,-0.5740047199651599
984.84,55,126976,62,2279,984.82,610,-21.594165802001953,0.2,0.005875167,0.0008450394831015729,0.015313689596951008,1.3176271210113554e-06,0.0003,0.413845956325531,0.049755859375,-0.5508682984858752
984.84,56,129024,63,2282,984.82,620,-18.073774337768555,0.2,0.007822209,0.0026028250067611225,0.015092799440026283,1.063771097165045e-06,0.0003,0.4010588526725769,0.051220703125,-0.5186065604910255
984.84,57,131072,64,2285,984.82,630,-17.26726722717285,0.2,0.0094050225,0.0012883973628049715,0.016456468030810356,1.6467195905534026e-06,0.0003,0.38831913471221924,0.061669921875,-0.4891226474195719
984.84,58,133120,65,2283,984.82,640,-24.841846466064453,0.2,0.005749814,0.0025009473341924605,-0.016240175813436508,5.97941441213834e-05,0.0003,0.3821060061454773,0.043896484375,-0.4642456205561757
984.84,59,135168,66,2284,984.82,650,-21.504135131835938,0.2,0.004841808,0.0019310753283207304,0.021581077948212624,2.2794863042463475e-06,0.0003,0.370596706867218,0.048291015625,-0.4418882539495826
984.84,60,137216,67,2286,984.82,660,-15.988985061645508,0.2,0.005737217,0.00302535883456585,-0.006369938142597675,4.627444951665893e-06,0.0003,0.3658442795276642,0.0572265625,-0.4180712876841426
992.53,60,139264,68,2287,992.52,670,-26.45442008972168,0.2,0.010614693,0.000683322643453721,0.007750300224870443,3.932852990828906e-06,0.0003,0.3521462678909302,0.06845703125,-0.39262442775070666
1000.0,61,141312,69,2289,1000.0,680,-25.499013900756836,0.2,0.006787424,-0.00341061846120283,0.0035018869675695896,0.0002880843868695138,0.0003,0.334179550409317,0.05380859375,-0.3470236759632826
1000.0,62,143360,70,2289,1000.0,690,-0.7404597997665405,0.2,0.004700531,0.0030138634887407535,-0.0047533148899674416,3.3212174514574143e-06,0.0003,0.33030176162719727,0.08603515625,-0.3155755952000618
1000.0,63,145408,71,2291,1000.0,700,-1.814624547958374,0.2,0.005771354,0.0032968135841656477,0.0015605740481987596,4.979293123597017e-06,0.0003,0.32905685901641846,0.09150390625,-0.3085594117641449
1000.0,64,147456,72,2293,1000.0,710,-1.507554292678833,0.2,0.005249206,0.003555941862578038,-4.760386946145445e-05,2.6006339766126985e-06,0.0003,0.3275289833545685,0.06484375,-0.30598740093410015
1000.0,65,149504,73,2294,1000.0,720,-1.6267964839935303,0.2,0.010331179,0.002662087200587848,0.0006506919162347913,2.245129300604276e-06,0.0003,0.3204615116119385,0.0806640625,-0.29227132610976697
1000.0,66,151552,74,2295,1000.0,730,-2.663513422012329,0.2,0.0048331507,0.0007123726485588122,-0.005872537847608328,1.2086614873396684e-06,0.0003,0.3151111900806427,0.075390625,-0.27387621738016604
1000.0,66,153600,75,2297,1000.0,740,-3.066554069519043,0.2,0.0016640249,0.002330377360340208,0.003560948185622692,1.6346642408393563e-05,0.0003,0.31143444776535034,0.0708984375,-0.25595315620303155
1000.0,67,155648,76,2298,1000.0,750,-5.698534965515137,0.2,0.0039312467,0.00031803055317141115,0.0016752945957705379,1.3041159886029163e-05,0.0003,0.3054676353931427,0.049755859375,-0.24418242312967778
1000.0,68,157696,77,2301,1000.0,760,-8.618971824645996,0.2,0.0066661644,0.0027203793462831525,0.00978812389075756,8.769141032871631e-07,0.0003,0.3003719449043274,0.097265625,-0.22391051128506662
1000.0,69,159744,78,2302,1000.0,770,-7.7023115158081055,0.2,0.0071511036,0.0014142785963485948,0.03142446652054787,4.134828762403231e-05,0.0003,0.2941541373729706,0.07060546875,-0.20687580294907093
1000.0,70,161792,79,2305,1000.0,780,-24.528879165649414,0.2,0.0075019337,0.00011994552914984524,-0.019779788330197334,7.221840348847763e-06,0.0003,0.2838771343231201,0.085986328125,-0.17690675482153892
1000.0,71,163840,80,2307,1000.0,790,-11.273355484008789,0.2,0.005942274,0.000844283121114131,-0.018897565081715584,4.68944612919131e-06,0.0003,0.2810388505458832,0.056396484375,-0.15413566827774047
1000.0,71,165888,81,2310,1000.0,800,-5.977436542510986,0.2,0.010937164,0.00014151599316392094,0.002403539838269353,1.668110040782267e-05,0.0003,0.27288055419921875,0.075537109375,-0.13380132876336576
1000.0,72,167936,82,2310,1000.0,810,-1.482254981994629,0.2,0.009415241,0.0012494806767790578,0.0034088308457285166,4.225019982015965e-05,0.0003,0.2719222605228424,0.10224609375,-0.11967018581926822
1000.0,73,169984,83,2311,1000.0,820,-1.6714987754821777,0.2,0.009316732,0.002212805154704256,0.0093301460146904,1.8473818755637693e-06,0.0003,0.26600074768066406,0.07490234375,-0.10413447245955468
1000.0,74,172032,84,2314,1000.0,830,-3.4625186920166016,0.2,0.0075115147,-8.458490920020268e-05,0.007031179964542389,3.178208885117329e-05,0.0003,0.26479125022888184,0.093994140625,-0.09215190559625626
1000.0,75,174080,85,2315,1000.0,840,-2.3943374156951904,0.2,0.004464554,0.002876326322439127,0.015145787969231606,9.457263558942941e-07,0.0003,0.25955235958099365,0.091064453125,-0.07896895632147789
1000.0,76,176128,86,2316,1000.0,850,-3.3270277976989746,0.2,0.0059242896,0.00038434348680311815,0.06458856910467148,0.0001189269876704202,0.0003,0.2556218206882477,0.083447265625,-0.06321420632302761
1000.0,76,178176,87,2315,1000.0,860,-6.234475612640381,0.2,0.006783534,0.0023363035637885333,-0.0007559746154583991,5.321341831177051e-07,0.0003,0.2537505328655243,0.1052734375,-0.050146347284317015
1000.0,77,180224,88,2316,1000.0,870,-7.033601760864258,0.2,0.0049135634,0.0014016493878443725,0.004393991082906723,3.134299106477556e-07,0.0003,0.24932603538036346,0.080126953125,-0.03646347746253013
1000.0,78,182272,89,2318,1000.0,880,-19.291780471801758,0.2,0.009355027,0.0020267373009119185,-0.011622859165072441,4.055659218238361e-06,0.0003,0.24477651715278625,0.107666015625,-0.019735685363411904
1000.0,79,184320,90,2320,1000.0,890,-14.580126762390137,0.2,0.0067487657,0.0023384778236504645,0.00016873094136826694,4.9218379075455235e-06,0.0003,0.240605428814888,0.0908203125,-0.0018019914627075196
1000.0,80,186368,91,2322,1000.0,900,-17.751585006713867,0.2,0.007160038,0.00022957878827583044,-0.0014356907922774553,3.9178422355234944e-07,0.0003,0.23522347211837769,0.080029296875,0.01822716072201729
1000.0,81,188416,92,2323,1000.0,910,-26.303695678710938,0.2,0.010389801,0.0019534651655703783,-0.008252259343862534,0.00026525168491389197,0.0003,0.22985206544399261,0.11689453125,0.04058542624115944
1000.0,81,190464,93,2324,1000.0,920,-15.723150253295898,0.2,0.005132672,0.0011651128734229133,-0.008848925121128559,4.328425831090499e-07,0.0003,0.22606396675109863,0.068896484375,0.0591942809522152
1000.0,82,192512,94,2325,1000.0,930,-16.67047882080078,0.2,0.0043348055,-0.0007167517265770585,0.04390806704759598,2.161764939501154e-07,0.0003,0.223044291138649,0.0634765625,0.0753165103495121
1000.0,83,194560,95,2327,1000.0,940,-13.63477897644043,0.2,0.012396033,0.002680104701721575,0.010305605828762054,8.821870693509482e-07,0.0003,0.2205563336610794,0.101123046875,0.08700053803622723
1000.0,84,196608,96,2328,1000.0,950,-19.552358627319336,0.2,0.006548716,0.0005486813446623273,-0.0040559894405305386,2.4281039159745887e-05,0.0003,0.21011103689670563,0.0802734375,0.11506126970052719
1000.0,85,198656,97,2329,1000.0,960,-15.742992401123047,0.2,0.0050349673,0.0007076217196299694,0.0010879288893193007,2.2205614413906005e-07,0.0003,0.2101115882396698,0.086865234375,0.1434029221534729
1000.0,86,200704,98,2330,1000.0,970,-26.300294876098633,0.2,0.009346025,0.00387885056406958,-0.008421028032898903,3.2507265075309987e-07,0.0003,0.20682834088802338,0.1388671875,0.1498715404421091
