time/iterations,time/fps,time/total_timesteps,rollout/ep_len_mean,time/time_elapsed,rollout/ep_rew_mean,train/clip_fraction,train/policy_gradient_loss,train/std,train/approx_kl,train/explained_variance,train/loss,train/clip_range,train/entropy_loss,train/learning_rate,train/value_loss,train/n_updates,eval/mean_reward,eval/mean_ep_length
1,5857,2048,200.0,0,-1190.8826377999999,,,,,,,,,,,,,
2,3744,4096,200.0,1,-1144.3174963000001,0.0232421875,-0.002291180410247762,0.9880203604698181,0.0036137225,0.008196055889129639,4132.3212890625,0.2,-1.4113397173583508,0.0003,8748.601782226562,10,,
,,5000,,,,0.004541015625,-0.0012422732172126417,0.971548855304718,0.0020371857,0.19428658485412598,3024.361572265625,0.2,-1.3981007482856511,0.0003,6994.148213195801,20,-1159.0883697154,200.0
3,3104,6144,200.0,1,-1136.6004046,,,,,,,,,,,,,
4,2976,8192,200.0,2,-1138.3915958999999,0.0376953125,-0.00447088315122528,0.9658660292625427,0.005477583,0.07235896587371826,3094.134765625,0.2,-1.3882449105381967,0.0003,7012.878254699707,30,,
,,10000,,,,0.04697265625,-0.003686397736601066,0.9566751718521118,0.00601751,0.019009888172149658,3456.409423828125,0.2,-1.3791803151369095,0.0003,7326.250978088379,40,-1443.2918325915932,200.0
5,2818,10240,200.0,3,-1176.4663676470589,,,,,,,,,,,,,
6,2817,12288,200.0,4,-1153.960650885246,0.02216796875,-0.0020177215163130315,0.9477978944778442,0.0035149497,0.0032986998558044434,4174.3212890625,0.2,-1.370478281751275,0.0003,9678.673538208008,50,,
7,2804,14336,200.0,5,-1162.0752438873242,0.0162109375,-0.002026771067176014,0.9310227632522583,0.0024323247,0.005700409412384033,2868.864990234375,0.2,-1.3554626774042844,0.0003,5957.870834350586,60,,
,,15000,,,,0.013330078125,-0.0018790525733493268,0.9313514232635498,0.0032331068,0.0017861723899841309,4053.170166015625,0.2,-1.3480595648288727,0.0003,7968.647538757325,70,-1115.2326105713844,200.0
8,2748,16384,200.0,5,-1178.1941433703705,,,,,,,,,,,,,
9,2750,18432,200.0,6,-1173.2589084673914,0.00380859375,-0.0016044202144257723,0.9103946685791016,0.0021364454,0.0009325146675109863,4275.45166015625,0.2,-1.3354164902120829,0.0003,8344.034005737305,80,,
,,20000,,,,0.013134765625,-0.0016290983723592945,0.9114343523979187,0.0021630062,0.0014824271202087402,2819.54833984375,0.2,-1.326398118957877,0.0003,6568.353671264648,90,-1060.5070528699084,200.0
10,2707,20480,200.0,7,-1169.8685116700003,,,,,,,,,,,,,
11,2714,22528,200.0,8,-1171.01567033,0.006201171875,-0.0015224949849653058,0.8967462182044983,0.0025109416,0.0008701086044311523,3517.845458984375,0.2,-1.3183842971920967,0.0003,6835.915591430664,100,,
12,2719,24576,200.0,9,-1204.2774969799998,0.0208984375,-0.0017443039425415919,0.8853296637535095,0.0023641724,0.0007029175758361816,2935.7294921875,0.2,-1.3022399548441173,0.0003,6766.826254272461,110,,
,,25000,,,,0.015380859375,-0.0024148857715772464,0.8729645013809204,0.0025192648,0.0005638003349304199,4277.68798828125,0.2,-1.2908754106611013,0.0003,8619.299111938477,120,-1227.649088600278,200.0
13,2686,26624,200.0,9,-1204.6222622,,,,,,,,,,,,,
14,2691,28672,200.0,10,-1206.5153367399998,0.006884765625,-0.0006486032230895944,0.8709481954574585,0.0011284151,0.0005168318748474121,2562.359130859375,0.2,-1.2818907782435418,0.0003,5896.67322845459,130,,
,,30000,,,,0.006591796875,-0.0006288540906098205,0.868961751461029,0.0019603916,0.0002613663673400879,3231.389892578125,0.2,-1.2797121424227953,0.0003,7381.888314819336,140,-1022.8775075629353,200.0
15,2663,30720,200.0,11,-1207.8208170599999,,,,,,,,,,,,,
16,2669,32768,200.0,12,-1199.5155621099998,0.033837890625,-0.0038127831227029673,0.871161937713623,0.004491655,0.0003161430358886719,3034.06689453125,0.2,-1.2782661698758602,0.0003,6577.233386230469,150,,
17,2677,34816,200.0,13,-1207.46329549,0.020654296875,-0.0028843226216849873,0.8878345489501953,0.0035263516,0.000307619571685791,2387.301025390625,0.2,-1.2926360312849283,0.0003,4887.979544067382,160,,
,,35000,,,,0.033935546875,-0.003095004355418496,0.8727657198905945,0.0032342873,0.00015503168106079102,2684.2021484375,0.2,-1.2904965713620187,0.0003,6075.86396484375,170,-1255.1379199488088,200.0
18,2650,36864,200.0,13,-1190.6108611500001,,,,,,,,,,,,,
19,2648,38912,200.0,14,-1186.02967464,0.01103515625,-0.0019141261596814728,0.864725649356842,0.002879869,0.0001831650733947754,2095.20947265625,0.2,-1.2794634602963924,0.0003,4923.878681945801,180,,
,,40000,,,,0.018896484375,-0.002557294545840705,0.8689208626747131,0.0033124934,0.00011992454528808594,2050.755126953125,0.2,-1.2774939753115178,0.0003,4537.107652282715,190,-1022.2547076979652,200.0
20,2609,40960,200.0,15,-1175.6937687399998,,,,,,,,,,,,,
21,2613,43008,200.0,16,-1184.58119794,0.02119140625,-0.001880607649218291,0.8828625082969666,0.0038954164,7.56382942199707e-05,2325.595703125,0.2,-1.285120901837945,0.0003,5362.50885925293,200,,
,,45000,,,,0.0203125,-0.002650625957903685,0.8925851583480835,0.004036043,5.424022674560547e-05,2178.839599609375,0.2,-1.2989708736538887,0.0003,5557.495701599121,210,-1030.3932317346334,200.0
22,2602,45056,200.0,17,-1179.48096413,,,,,,,,,,,,,
23,2610,47104,200.0,18,-1174.46548545,0.03154296875,-0.005256151828507427,0.9074394702911377,0.0044274973,5.435943603515625e-05,2162.255126953125,0.2,-1.3132186986505985,0.0003,5234.059227752686,220,,
24,2606,49152,200.0,18,-1148.7653079900003,0.023828125,-0.0015240640277625062,0.8934831619262695,0.003358265,5.9545040130615234e-05,2054.68408203125,0.2,-1.3130604404956103,0.0003,4485.727543640137,230,,
,,50000,,,,0.026708984375,-0.001605248192208819,0.907347559928894,0.0034909304,6.020069122314453e-05,1461.314208984375,0.2,-1.3122695434838534,0.0003,3162.5206035614015,240,-1028.633526673168,200.0
25,2586,51200,200.0,19,-1132.88092993,,,,,,,,,,,,,
26,2589,53248,200.0,20,-1144.49870315,0.02041015625,-0.0029143610066967086,0.8947349190711975,0.0032160545,3.743171691894531e-05,1338.4013671875,0.2,-1.3163060467690229,0.0003,3602.6036628723145,250,,
,,55000,,,,0.010546875,-0.0009903149344609118,0.8874444961547852,0.003212222,1.5556812286376953e-05,2264.787109375,0.2,-1.3040495704859496,0.0003,4772.0618301391605,260,-1241.5321970164775,200.0
27,2578,55296,200.0,21,-1134.72070502,,,,,,,,,,,,,
28,2584,57344,200.0,22,-1132.6899309,0.010009765625,-0.0010989241432980633,0.8962262868881226,0.002236893,2.9921531677246094e-05,1814.5911865234375,0.2,-1.3052290584892035,0.0003,3985.315901184082,270,,
29,2589,59392,200.0,22,-1145.7943621799998,0.019482421875,-0.0010478026437340305,0.8967307806015015,0.0037707645,2.3066997528076172e-05,1645.3729248046875,0.2,-1.3100990153849126,0.0003,3258.931906890869,280,,
,,60000,,,,0.0263671875,-0.0023897059727460146,0.8930138349533081,0.0030543515,2.014636993408203e-05,1749.3115234375,0.2,-1.3083775710314511,0.0003,4170.548997497559,290,-1158.2919452011586,200.0
30,2580,61440,200.0,23,-1140.17762222,,,,,,,,,,,,,
31,2586,63488,200.0,24,-1135.11994966,0.004833984375,-0.0008885153860319406,0.8786839246749878,0.0022740671,1.817941665649414e-05,1564.7603759765625,0.2,-1.2986348029226065,0.0003,4277.268156433105,300,,
,,65000,,,,0.02158203125,-0.0019601332576712595,0.8755490183830261,0.0021800124,1.6868114471435547e-05,1849.86328125,0.2,-1.2863020721822978,0.0003,4002.5622741699217,310,-928.5192406024784,200.0
32,2580,65536,200.0,25,-1116.99360548,,,,,,,,,,,,,
33,2587,67584,200.0,26,-1107.80094385,0.01748046875,-0.0014985815461841412,0.8993085026741028,0.0034824642,1.9609928131103516e-05,1290.171875,0.2,-1.301206111162901,0.0003,2627.1855068206787,320,,
34,2594,69632,200.0,26,-1122.7394996300002,0.03984375,-0.0033220759956748224,0.9247745275497437,0.0036663853,1.4722347259521484e-05,932.5734252929688,0.2,-1.3276008993387223,0.0003,2452.5770763397218,330,,
,,70000,,,,0.020654296875,-0.001732660947891418,0.9112740755081177,0.0026301104,1.0251998901367188e-05,1279.449462890625,0.2,-1.3333974950015546,0.0003,3177.5386375427247,340,-1120.0516681425274,200.0
35,2588,71680,200.0,27,-1117.9357647299998,,,,,,,,,,,,,
36,2593,73728,200.0,28,-1107.2307311200002,0.0353515625,-0.0030169904028298335,0.9034563899040222,0.0043532094,1.0728836059570312e-05,1198.895263671875,0.2,-1.3220905043184756,0.0003,2307.290143203735,350,,
,,75000,,,,0.053759765625,-0.004008519764465745,0.889589786529541,0.0054004653,7.569789886474609e-06,1297.065185546875,0.2,-1.3076630704104901,0.0003,2794.962573623657,360,-923.7990119561553,200.0
37,2586,75776,200.0,29,-1095.09294202,,,,,,,,,,,,,
38,2590,77824,200.0,30,-1093.89038588,0.02197265625,-0.0015529373835306616,0.9001433849334717,0.003611942,6.616115570068359e-06,900.0411376953125,0.2,-1.3103085957467555,0.0003,2031.2597854614257,370,,
39,2593,79872,200.0,30,-1083.57648167,0.02919921875,-0.001927476296259556,0.9146493673324585,0.004085201,6.4373016357421875e-06,972.4048461914062,0.2,-1.321227127686143,0.0003,2550.9392570495606,380,,
,,80000,,,,0.02451171875,-0.0014403654036868828,0.9304399490356445,0.003449732,4.76837158203125e-06,1097.374267578125,0.2,-1.3369890339672565,0.0003,2433.9676628112793,390,-1119.686049919203,200.0
40,2586,81920,200.0,31,-1082.90034442,,,,,,,,,,,,,
41,2590,83968,200.0,32,-1066.12191418,0.01201171875,-0.0007344720725086518,0.9242690801620483,0.0012680911,4.172325134277344e-06,1144.0361328125,0.2,-1.3439567252993583,0.0003,2493.6276554107667,400,,
,,85000,,,,0.020458984375,-0.0022877296767546797,0.9092720746994019,0.003564102,4.172325134277344e-06,950.0274047851562,0.2,-1.3325696725398302,0.0003,1894.502825164795,410,-1037.5779952824116,200.0
42,2582,86016,200.0,33,-1075.96144548,,,,,,,,,,,,,
43,2587,88064,200.0,34,-1076.7137917200002,0.053857421875,-0.0035623054092866367,0.9040586948394775,0.0047558155,2.9206275939941406e-06,753.0968017578125,0.2,-1.3198843147605657,0.0003,2152.5605499267576,420,,
,,90000,,,,0.051416015625,-0.0034323345520533622,0.9079704284667969,0.0036630505,2.086162567138672e-06,741.928955078125,0.2,-1.320270113646984,0.0003,2038.0063358306884,430,-1039.346562628448,200.0
44,2581,90112,200.0,34,-1077.15385496,,,,,,,,,,,,,
45,2586,92160,200.0,35,-1080.5377776799999,0.035009765625,-0.003881046251626685,0.9115768671035767,0.0036126517,2.5033950805664062e-06,774.3825073242188,0.2,-1.3246662463992833,0.0003,1929.7529426574706,440,,
46,2591,94208,200.0,36,-1074.6711005,0.029541015625,-0.001726773622795008,0.9064422845840454,0.004509307,2.3245811462402344e-06,910.9842529296875,0.2,-1.3245375845581293,0.0003,2045.2252704620362,450,,
,,95000,,,,0.034619140625,-0.0021258643464534543,0.8850170373916626,0.00427532,2.5033950805664062e-06,713.2359008789062,0.2,-1.3087309908121825,0.0003,1547.097838973999,460,-873.8620244815945,200.0
47,2586,96256,200.0,37,-1072.41805511,,,,,,,,,,,,,
48,2591,98304,200.0,37,-1074.7934470300002,0.068505859375,-0.005591626919340342,0.8862452507019043,0.0062481724,2.7418136596679688e-06,732.8910522460938,0.2,-1.2957332395017147,0.0003,1296.4615514755249,470,,
,,100000,,,,0.042236328125,-0.002917140866338741,0.9073899388313293,0.005107905,2.1457672119140625e-06,816.3875732421875,0.2,-1.30998093187809,0.0003,1575.9038848876953,480,-909.7576239159331,200.0
49,2585,100352,200.0,38,-1066.41157268,,,,,,,,,,,,,
50,2589,102400,200.0,39,-1058.41942621,0.0421875,-0.0043498329818248745,0.8789036870002747,0.0042333216,1.7285346984863281e-06,630.8320922851562,0.2,-1.3047059707343578,0.0003,1409.2666063308716,490,,
51,2591,104448,200.0,40,-1046.7382115699997,0.0244140625,-0.002431591921776999,0.8600573539733887,0.0029240781,1.6093254089355469e-06,690.8154907226562,0.2,-1.2772428095340729,0.0003,1304.5859481811524,500,,
,,105000,,,,0.02890625,-0.0014279737937613391,0.8534550666809082,0.0027931887,1.6689300537109375e-06,440.5594177246094,0.2,-1.2633950915187597,0.0003,1070.7567525863647,510,-938.108665972203,200.0
52,2585,106496,200.0,41,-1045.78229287,,,,,,,,,,,,,
53,2588,108544,200.0,41,-1032.38077482,0.046484375,-0.004082925099646672,0.846196174621582,0.004364809,1.430511474609375e-06,515.9345703125,0.2,-1.25780414827168,0.0003,1078.2931507110595,520,,
,,110000,,,,0.018310546875,-0.0005618110721115954,0.8567943572998047,0.0039712014,1.4901161193847656e-06,575.925537109375,0.2,-1.2585628364235162,0.0003,1051.7790227890014,530,-978.0967573097907,200.0
54,2583,110592,200.0,42,-1027.21768711,,,,,,,,,,,,,
55,2586,112640,200.0,43,-1016.6157342800001,0.01591796875,-0.0010997176650562324,0.8597198128700256,0.0024305326,1.430511474609375e-06,489.8670654296875,0.2,-1.2667537253350019,0.0003,984.1425231933594,540,,
56,2588,114688,200.0,44,-1010.7539628,0.03681640625,-0.0017050841910531745,0.8639740347862244,0.004271319,2.1457672119140625e-06,324.9485778808594,0.2,-1.2693752024322749,0.0003,895.2230325698853,550,,
,,115000,,,,0.046044921875,-0.0013279539212817325,0.8550592660903931,0.005042857,2.205371856689453e-06,495.1808776855469,0.2,-1.2664780009537935,0.0003,1022.4588459014892,560,-908.2691584613174,200.0
57,2583,116736,200.0,45,-1008.2095694200001,,,,,,,,,,,,,
58,2586,118784,200.0,45,-991.9414566899999,0.039599609375,-0.002886403641605284,0.8523120284080505,0.0038291207,2.5033950805664062e-06,410.4327697753906,0.2,-1.26026711165905,0.0003,808.645783996582,570,,
,,120000,,,,0.0708984375,0.00020619304850697518,0.8523815274238586,0.005467045,2.205371856689453e-06,311.398681640625,0.2,-1.257803139463067,0.0003,621.281283569336,580,-929.3880592614412,200.0
59,2581,120832,200.0,46,-982.6524241200001,,,,,,,,,,,,,
