Algorithm,Episode,Step,DistanceError
Vanilla PPO,0,1,0.33109087650652963
Vanilla PPO,0,2,0.49492852271011795
Vanilla PPO,0,3,0.6223696204116864
Vanilla PPO,0,4,0.7191817045531652
Vanilla PPO,0,5,0.791223302424207
Vanilla PPO,0,6,0.8441718862165803
Vanilla PPO,0,7,0.8833175219503748
Vanilla PPO,0,8,0.9133770037941871
Vanilla PPO,0,9,0.9383349505041443
Vanilla PPO,0,10,0.961327458415801
Vanilla PPO,0,11,0.9845978184989644
Vanilla PPO,0,12,1.0095356396052793
Vanilla PPO,0,13,1.036798920057814
Vanilla PPO,0,14,1.066492983074755
Vanilla PPO,0,15,1.0983700321738576
Vanilla PPO,0,16,1.1320128870662625
Vanilla PPO,0,17,1.1669809821589836
Vanilla PPO,0,18,1.202910248963389
Vanilla PPO,0,19,1.2395679546652911
Vanilla PPO,0,20,1.2768734562303536
Vanilla PPO,0,21,1.3148912394916128
Vanilla PPO,0,22,1.3538126713340224
Vanilla PPO,0,23,1.3939263449647377
Vanilla PPO,0,24,1.4355909180393878
Vanilla PPO,0,25,1.479209626910789
Vanilla PPO,0,26,1.5252066344032602
Vanilla PPO,0,27,1.5740269639859723
Vanilla PPO,0,28,1.6261200078432936
Vanilla PPO,0,29,1.6819454683741415
Vanilla PPO,0,30,1.741980444185742
Vanilla PPO,0,31,1.8067228983644426
Vanilla PPO,0,32,1.8766965211789464
Vanilla PPO,0,33,1.9524487049755548
Vanilla PPO,0,34,2.03453932996929
Vanilla PPO,0,35,2.1235211221193206
Vanilla PPO,0,36,2.2199098931735195
Vanilla PPO,0,37,2.3241468084029067
Vanilla PPO,0,38,2.4365578958525376
Vanilla PPO,0,39,2.5573156124539933
Vanilla PPO,0,40,2.6864132577609254
Vanilla PPO,0,41,2.8236550629771777
Vanilla PPO,0,42,2.9686764804347128
Vanilla PPO,0,43,3.1209899384784245
Vanilla PPO,0,44,3.280061842939792
Vanilla PPO,0,45,3.4454127807967647
Vanilla PPO,0,46,3.6167383721897557
Vanilla PPO,0,47,3.7940385825460203
Vanilla PPO,0,48,3.9777441009246948
Vanilla PPO,0,49,4.168815906192318
Vanilla PPO,0,50,0.3643853230280763
Vanilla PPO,1,1,0.633907105228174
Vanilla PPO,1,2,1.3029747503837628
Vanilla PPO,1,3,1.916137492047788
Vanilla PPO,1,4,2.4682933635374438
Vanilla PPO,1,5,2.9650057739089437
Vanilla PPO,1,6,3.4196745022121813
Vanilla PPO,1,7,3.8459623862039183
Vanilla PPO,1,8,4.252832935384994
Vanilla PPO,1,9,4.643370041898497
Vanilla PPO,1,10,5.015566672626136
Vanilla PPO,1,11,5.363718130861247
Vanilla PPO,1,12,5.679875145587546
Vanilla PPO,1,13,5.955213109353687
Vanilla PPO,1,14,6.1813182398133035
Vanilla PPO,1,15,6.351349155334147
Vanilla PPO,1,16,6.460915244834678
Vanilla PPO,1,17,6.508500181713114
Vanilla PPO,1,18,6.4954171047288805
Vanilla PPO,1,19,6.425474480465666
Vanilla PPO,1,20,6.304533398326548
Vanilla PPO,1,21,6.140040461191203
Vanilla PPO,1,22,5.940466012592735
Vanilla PPO,1,23,5.714627800158425
Vanilla PPO,1,24,5.470984314894472
Vanilla PPO,1,25,5.217103056525901
Vanilla PPO,1,26,4.959411022188487
Vanilla PPO,1,27,4.703181749626266
Vanilla PPO,1,28,4.452557435456175
Vanilla PPO,1,29,4.210428959711883
Vanilla PPO,1,30,3.978150047118818
Vanilla PPO,1,31,3.7551940814980718
Vanilla PPO,1,32,3.5389020253375496
Vanilla PPO,1,33,0.7502963123811937
Vanilla PPO,1,34,0.5367467144686208
Vanilla PPO,1,35,0.8812493993083
Vanilla PPO,1,36,1.2058084136891216
Vanilla PPO,1,37,1.4923153665477413
Vanilla PPO,1,38,1.732561148472771
Vanilla PPO,1,39,1.9250506727594132
Vanilla PPO,1,40,2.0725898137695697
Vanilla PPO,1,41,2.18015268782852
Vanilla PPO,1,42,2.2533928361714994
Vanilla PPO,1,43,2.2977696849038978
Vanilla PPO,1,44,2.318108123496376
Vanilla PPO,1,45,2.3184235202533428
Vanilla PPO,1,46,2.3019108612780745
Vanilla PPO,1,47,2.27103057780732
Vanilla PPO,1,48,2.22764692243399
Vanilla PPO,1,49,2.1731847233284
Vanilla PPO,1,50,0.19545350063190317
Vanilla PPO,2,1,1.644115067276152
Vanilla PPO,2,2,3.060515150703795
Vanilla PPO,2,3,4.191596495138976
Vanilla PPO,2,4,5.037897809373492
Vanilla PPO,2,5,5.604518976519367
Vanilla PPO,2,6,5.908464206554124
Vanilla PPO,2,7,5.981084904440043
Vanilla PPO,2,8,5.863341352223134
Vanilla PPO,2,9,5.597668510286126
Vanilla PPO,2,10,5.222253841457839
Vanilla PPO,2,11,4.770319620173344
Vanilla PPO,2,12,4.272389093155699
Vanilla PPO,2,13,3.757926202547563
Vanilla PPO,2,14,3.2544653618128483
Vanilla PPO,2,15,2.785131019260102
Vanilla PPO,2,16,2.366573915716993
Vanilla PPO,2,17,2.0084371061729076
Vanilla PPO,2,18,1.713987424260827
Vanilla PPO,2,19,1.4810100257763323
Vanilla PPO,2,20,1.302591042958744
Vanilla PPO,2,21,1.1681604747926777
Vanilla PPO,2,22,1.0652775633583451
Vanilla PPO,2,23,0.9818943779163151
Vanilla PPO,2,24,0.9082118836324157
Vanilla PPO,2,25,0.8375060633356066
Vanilla PPO,2,26,0.7660090701243154
Vanilla PPO,2,27,0.692282431766738
Vanilla PPO,2,28,0.616473112430279
Vanilla PPO,2,29,0.5396609918607774
Vanilla PPO,2,30,0.46336067273491477
Vanilla PPO,2,31,0.3891771405173296
Vanilla PPO,2,32,0.3185938521582251
Vanilla PPO,2,33,0.25285326026518384
Vanilla PPO,2,34,0.19291561867966017
Vanilla PPO,2,35,0.13947693218997817
Vanilla PPO,2,36,0.0930784296435397
Vanilla PPO,2,37,0.05451260455084701
Vanilla PPO,2,38,0.027272500262361898
Vanilla PPO,2,39,0.02551862053811366
Vanilla PPO,2,40,0.041036792338158865
Vanilla PPO,2,41,0.05594279110724937
Vanilla PPO,2,42,0.06729986819026686
Vanilla PPO,2,43,0.07500669342786663
Vanilla PPO,2,44,0.07944229168210112
Vanilla PPO,2,45,0.08109481119311308
Vanilla PPO,2,46,0.08046437507158462
Vanilla PPO,2,47,0.07802602744292547
Vanilla PPO,2,48,0.07421524717399212
Vanilla PPO,2,49,0.06941846275741843
Vanilla PPO,2,50,0.11839770234839167
Vanilla PPO,3,1,1.7389857768815822
Vanilla PPO,3,2,3.275145137846165
Vanilla PPO,3,3,4.502446449413491
Vanilla PPO,3,4,5.441841374459001
Vanilla PPO,3,5,6.13135171356939
Vanilla PPO,3,6,6.617565148698537
Vanilla PPO,3,7,6.947169037816088
Vanilla PPO,3,8,7.158589828663347
Vanilla PPO,3,9,7.278634121728849
Vanilla PPO,3,10,7.323455252271233
Vanilla PPO,3,11,7.300927458926332
Vanilla PPO,3,12,7.213656416074264
Vanilla PPO,3,13,7.0627577000999295
Vanilla PPO,3,14,6.850627728468771
Vanilla PPO,3,15,6.581033071313519
Vanilla PPO,3,16,6.257505852027676
Vanilla PPO,3,17,5.882631298339428
Vanilla PPO,3,18,5.459770326028721
Vanilla PPO,3,19,4.996109394754681
Vanilla PPO,3,20,4.503996435759282
Vanilla PPO,3,21,3.9990275355327634
Vanilla PPO,3,22,3.4966692487916453
Vanilla PPO,3,23,3.00992557228706
Vanilla PPO,3,24,2.5486796415352724
Vanilla PPO,3,25,2.1200262866554658
Vanilla PPO,3,26,1.7288450831415323
Vanilla PPO,3,27,1.3782530621292723
Vanilla PPO,3,28,1.0698209128280676
Vanilla PPO,3,29,0.8036111360919328
Vanilla PPO,3,30,0.578201108817586
Vanilla PPO,3,31,0.39087769679993595
Vanilla PPO,3,32,0.23817470436919352
Vanilla PPO,3,33,0.11748811622794836
Vanilla PPO,3,34,0.04347336392557895
Vanilla PPO,3,35,0.08173559831392961
Vanilla PPO,3,36,0.13930433293841626
Vanilla PPO,3,37,0.18700997113562717
Vanilla PPO,3,38,0.22496071111297009
Vanilla PPO,3,39,0.25481289258914186
Vanilla PPO,3,40,0.2781397229004309
Vanilla PPO,3,41,0.29625040275362013
Vanilla PPO,3,42,0.31019529451113514
Vanilla PPO,3,43,0.32080697783456325
Vanilla PPO,3,44,0.32874007537750155
Vanilla PPO,3,45,0.3345092167826752
Vanilla PPO,3,46,0.338519082876277
Vanilla PPO,3,47,0.34108704725190475
Vanilla PPO,3,48,0.3424635198543442
Vanilla PPO,3,49,0.342845846214548
Vanilla PPO,3,50,0.32995926253198526
Vanilla PPO,4,1,0.4289953775895487
Vanilla PPO,4,2,0.7421999495824256
Vanilla PPO,4,3,0.9915166845153369
Vanilla PPO,4,4,1.1840516839211717
Vanilla PPO,4,5,1.3273347276085121
Vanilla PPO,4,6,1.428736973111464
Vanilla PPO,4,7,1.495296115600895
Vanilla PPO,4,8,1.5336094711974222
Vanilla PPO,4,9,1.5497361336311213
Vanilla PPO,4,10,1.5491121787237307
Vanilla PPO,4,11,1.5364826462389227
Vanilla PPO,4,12,1.5158510223673396
Vanilla PPO,4,13,1.490456614872302
Vanilla PPO,4,14,1.4627828861731673
Vanilla PPO,4,15,1.4345979006220468
Vanilla PPO,4,16,1.4070245456796446
Vanilla PPO,4,17,1.380636795560674
Vanilla PPO,4,18,1.3555735600533076
Vanilla PPO,4,19,1.3316585186348422
Vanilla PPO,4,20,1.3085175722999827
Vanilla PPO,4,21,1.285677634230515
Vanilla PPO,4,22,1.2626498324966147
Vanilla PPO,4,23,1.2389850094406527
Vanilla PPO,4,24,1.214310461634051
Vanilla PPO,4,25,1.1883439887053713
Vanilla PPO,4,26,1.1608966961579523
Vanilla PPO,4,27,1.131863010262407
Vanilla PPO,4,28,1.1012070915191954
Vanilla PPO,4,29,1.0689459788437157
Vanilla PPO,4,30,1.03513478123789
Vanilla PPO,4,31,0.9998523520111132
Vanilla PPO,4,32,0.9631908527817395
Vanilla PPO,4,33,0.925248764937537
Vanilla PPO,4,34,0.8861255139453854
Vanilla PPO,4,35,0.8459210345186284
Vanilla PPO,4,36,0.8047343265999495
Vanilla PPO,4,37,0.7626655580221874
Vanilla PPO,4,38,0.7198166315907057
Vanilla PPO,4,39,0.6762949141930127
Vanilla PPO,4,40,0.6322141065649298
Vanilla PPO,4,41,0.587695895692332
Vanilla PPO,4,42,0.5428728712142277
Vanilla PPO,4,43,0.49788860560330905
Vanilla PPO,4,44,0.45290057499768877
Vanilla PPO,4,45,0.40808175799595264
Vanilla PPO,4,46,0.36362680525484636
Vanilla PPO,4,47,0.3197591768233812
Vanilla PPO,4,48,0.2767487866300071
Vanilla PPO,4,49,0.23494362945658176
Vanilla PPO,4,50,0.08268685254638117
Vanilla PPO,5,1,1.9122466976906984
Vanilla PPO,5,2,3.38245229374851
Vanilla PPO,5,3,4.663805628982245
Vanilla PPO,5,4,5.714266562403173
Vanilla PPO,5,5,6.51309454023215
Vanilla PPO,5,6,7.055405852154818
Vanilla PPO,5,7,7.353345740311396
Vanilla PPO,5,8,7.438604816217957
Vanilla PPO,5,9,7.353638766662358
Vanilla PPO,5,10,7.135807809964531
Vanilla PPO,5,11,6.8088317559578835
Vanilla PPO,5,12,6.385884077502566
Vanilla PPO,5,13,5.878441551035078
Vanilla PPO,5,14,5.303883888142949
Vanilla PPO,5,15,4.688034392888632
Vanilla PPO,5,16,4.062392096688569
Vanilla PPO,5,17,3.4583400408064704
Vanilla PPO,5,18,2.9014894959680317
Vanilla PPO,5,19,2.4085510134908636
Vanilla PPO,5,20,1.9873248071634668
Vanilla PPO,5,21,1.6387142333457911
Vanilla PPO,5,22,1.3591175102021142
Vanilla PPO,5,23,1.142105101567541
Vanilla PPO,5,24,0.9791993136027781
Vanilla PPO,5,25,0.8602580740762025
Vanilla PPO,5,26,0.7741769959975108
Vanilla PPO,5,27,0.7101439210549435
Vanilla PPO,5,28,0.6589612402862066
Vanilla PPO,5,29,0.6137962113475501
Vanilla PPO,5,30,0.57021156776401
Vanilla PPO,5,31,0.5257508588246056
Vanilla PPO,5,32,0.47940291228763104
Vanilla PPO,5,33,0.43112811277072816
Vanilla PPO,5,34,0.38150734905717604
Vanilla PPO,5,35,0.33150747377006284
Vanilla PPO,5,36,0.2823523049848462
Vanilla PPO,5,37,0.23549131031075177
Vanilla PPO,5,38,0.1926823269119263
Vanilla PPO,5,39,0.1561944951621691
Vanilla PPO,5,40,0.1289883155258199
Vanilla PPO,5,41,0.11412741202290543
Vanilla PPO,5,42,0.11238673150574421
Vanilla PPO,5,43,0.12046699212177217
Vanilla PPO,5,44,0.1333494260156437
Vanilla PPO,5,45,0.14717256241195406
Vanilla PPO,5,46,0.15970344144941778
Vanilla PPO,5,47,0.16980531186526823
Vanilla PPO,5,48,0.17696799888207046
Vanilla PPO,5,49,0.18103652811825613
Vanilla PPO,5,50,0.2666532107534745
Vanilla PPO,6,1,1.773439044670646
Vanilla PPO,6,2,3.2635452183081055
Vanilla PPO,6,3,4.422403101802611
Vanilla PPO,6,4,5.262674259742253
Vanilla PPO,6,5,5.807232453492501
Vanilla PPO,6,6,6.092944796321579
Vanilla PPO,6,7,6.1659704101193125
Vanilla PPO,6,8,6.073335807855634
Vanilla PPO,6,9,5.8564818450062885
Vanilla PPO,6,10,5.548970131007495
Vanilla PPO,6,11,5.1776568548174176
Vanilla PPO,6,12,4.765278426050105
Vanilla PPO,6,13,4.33223659441477
Vanilla PPO,6,14,3.896509930294698
Vanilla PPO,6,15,3.472475943538432
Vanilla PPO,6,16,3.0702412627824835
Vanilla PPO,6,17,2.696249200557436
Vanilla PPO,6,18,2.3546104247051125
Vanilla PPO,6,19,2.0480965331380827
Vanilla PPO,6,20,1.7782236329377588
Vanilla PPO,6,21,1.544687526927123
Vanilla PPO,6,22,1.3448946549167755
Vanilla PPO,6,23,1.17418285586585
Vanilla PPO,6,24,1.0267897902698173
Vanilla PPO,6,25,0.8970967214537573
Vanilla PPO,6,26,0.7805802538120347
Vanilla PPO,6,27,0.6741866021866691
Vanilla PPO,6,28,0.5762162302688842
Vanilla PPO,6,29,0.4859559922466857
Vanilla PPO,6,30,0.4032760693923878
Vanilla PPO,6,31,0.3283104920536265
Vanilla PPO,6,32,0.26125120637293814
Vanilla PPO,6,33,0.20225641464781968
Vanilla PPO,6,34,0.15145661902586202
Vanilla PPO,6,35,0.1090905762680773
Vanilla PPO,6,36,0.07587078736701885
Vanilla PPO,6,37,0.053700520443866535
Vanilla PPO,6,38,0.04524892517677226
Vanilla PPO,6,39,0.0484847644456537
Vanilla PPO,6,40,0.05636629325726554
Vanilla PPO,6,41,0.06426769065126905
Vanilla PPO,6,42,0.07055889731994358
Vanilla PPO,6,43,0.0748770921318544
Vanilla PPO,6,44,0.07731232401475613
Vanilla PPO,6,45,0.0781076952226075
Vanilla PPO,6,46,0.07754975038227967
Vanilla PPO,6,47,0.07592131359877839
Vanilla PPO,6,48,0.0734821195500771
Vanilla PPO,6,49,0.07046085446467229
Vanilla PPO,6,50,0.09952882870385647
Vanilla PPO,7,1,1.115128394967776
Vanilla PPO,7,2,1.9256491618196907
Vanilla PPO,7,3,2.592736023238646
Vanilla PPO,7,4,3.12627161995499
Vanilla PPO,7,5,3.5333002960962427
Vanilla PPO,7,6,3.819731708406231
Vanilla PPO,7,7,3.9929235028927805
Vanilla PPO,7,8,4.063718559663547
Vanilla PPO,7,9,4.047087018469203
Vanilla PPO,7,10,3.9610483520381927
Vanilla PPO,7,11,3.8243514942301533
Vanilla PPO,7,12,3.653922694479615
Vanilla PPO,7,13,3.462974064944217
Vanilla PPO,7,14,3.2602113173543272
Vanilla PPO,7,15,3.0501828192102765
Vanilla PPO,7,16,2.8345257536309596
Vanilla PPO,7,17,2.613609285840457
Vanilla PPO,7,18,2.3879893923199185
Vanilla PPO,7,19,2.1592814605406048
Vanilla PPO,7,20,1.930395448258573
Vanilla PPO,7,21,1.7053180028069923
Vanilla PPO,7,22,1.4886982976268575
Vanilla PPO,7,23,1.2854102213668717
Vanilla PPO,7,24,1.1001843399394702
Vanilla PPO,7,25,0.937285896459445
Vanilla PPO,7,26,0.8001479615317152
Vanilla PPO,7,27,0.6908143540930783
Vanilla PPO,7,28,0.6091619886189473
Vanilla PPO,7,29,0.5522443008968267
Vanilla PPO,7,30,0.514480593130514
Vanilla PPO,7,31,0.48899102683253076
Vanilla PPO,7,32,0.4693345222502197
Vanilla PPO,7,33,0.45063992342243603
Vanilla PPO,7,34,0.4298638781746568
Vanilla PPO,7,35,0.4055106584316483
Vanilla PPO,7,36,0.3772016833841757
Vanilla PPO,7,37,0.34528479638877285
Vanilla PPO,7,38,0.310533954536358
Vanilla PPO,7,39,0.2739433781285847
Vanilla PPO,7,40,0.23658938739791832
Vanilla PPO,7,41,0.19955312445595136
Vanilla PPO,7,42,0.1638900545874513
Vanilla PPO,7,43,0.1306600741558311
Vanilla PPO,7,44,0.10104180292396904
Vanilla PPO,7,45,0.07659821743170958
Vanilla PPO,7,46,0.05963822430419661
Vanilla PPO,7,47,0.05260343905525311
Vanilla PPO,7,48,0.05490730473495214
Vanilla PPO,7,49,0.06225900390771282
Vanilla PPO,7,50,0.3034728311610099
Vanilla PPO,8,1,1.431826455362913
Vanilla PPO,8,2,2.87385229148494
Vanilla PPO,8,3,4.135935358499418
Vanilla PPO,8,4,5.209695690852817
Vanilla PPO,8,5,6.076531860489892
Vanilla PPO,8,6,6.713968611301484
Vanilla PPO,8,7,7.1145224886355924
Vanilla PPO,8,8,7.296455637212844
Vanilla PPO,8,9,7.2964077787727355
Vanilla PPO,8,10,7.152549458432819
Vanilla PPO,8,11,6.891306912598645
Vanilla PPO,8,12,6.526087080893668
Vanilla PPO,8,13,6.0675915723625415
Vanilla PPO,8,14,5.536377058711874
Vanilla PPO,8,15,4.966185904723106
Vanilla PPO,8,16,4.3948284095962284
Vanilla PPO,8,17,3.852064985333918
Vanilla PPO,8,18,3.3549009466609667
Vanilla PPO,8,19,2.910491724601302
Vanilla PPO,8,20,2.5209931917885533
Vanilla PPO,8,21,2.186682092901321
Vanilla PPO,8,22,1.9068909991361815
Vanilla PPO,8,23,1.6795955744309656
Vanilla PPO,8,24,1.5005655496255663
Vanilla PPO,8,25,1.3628496291616818
Vanilla PPO,8,26,1.2571579169300073
Vanilla PPO,8,27,1.173171989879469
Vanilla PPO,8,28,1.101197495728958
Vanilla PPO,8,29,1.033431916102689
Vanilla PPO,8,30,0.9645109919650879
Vanilla PPO,8,31,0.8914397386281674
Vanilla PPO,8,32,0.8131836716612919
Vanilla PPO,8,33,0.730158524813471
Vanilla PPO,8,34,0.6437381279434709
Vanilla PPO,8,35,0.5558391889417719
Vanilla PPO,8,36,0.46859872116255813
Vanilla PPO,8,37,0.3841390283999254
Vanilla PPO,8,38,0.3044214274955803
Vanilla PPO,8,39,0.23119640599670355
Vanilla PPO,8,40,0.1660889766835915
Vanilla PPO,8,41,0.11102736988874211
Vanilla PPO,8,42,0.06980880998898403
Vanilla PPO,8,43,0.05148193469356626
Vanilla PPO,8,44,0.059132206419577116
Vanilla PPO,8,45,0.0758032195129604
Vanilla PPO,8,46,0.09074037776034125
Vanilla PPO,8,47,0.10121515830347705
Vanilla PPO,8,48,0.10690761362295971
Vanilla PPO,8,49,0.10821362750067996
Vanilla PPO,8,50,0.3570910263355911
Vanilla PPO,9,1,1.3162903948511202
Vanilla PPO,9,2,2.2864497935157386
Vanilla PPO,9,3,2.9486734354378488
Vanilla PPO,9,4,3.358602368838487
Vanilla PPO,9,5,3.5620935710652093
Vanilla PPO,9,6,3.601424743406156
Vanilla PPO,9,7,3.5169942269356715
Vanilla PPO,9,8,3.3465368965616005
Vanilla PPO,9,9,3.123933168455062
Vanilla PPO,9,10,2.878451266184289
Vanilla PPO,9,11,2.634360306716107
Vanilla PPO,9,12,2.4105917587087267
Vanilla PPO,9,13,2.220258356193567
Vanilla PPO,9,14,2.0701552892382127
Vanilla PPO,9,15,1.960716973868494
Vanilla PPO,9,16,1.8869528981751649
Vanilla PPO,9,17,1.8404049304096468
Vanilla PPO,9,18,1.8114771743568339
Vanilla PPO,9,19,1.7913088410295823
Vanilla PPO,9,20,1.7727857929578654
Vanilla PPO,9,21,1.7507952101923316
Vanilla PPO,9,22,1.7220402349583608
Vanilla PPO,9,23,1.6846841473345409
Vanilla PPO,9,24,1.6379853134297135
Vanilla PPO,9,25,1.5819856035812274
Vanilla PPO,9,26,1.5172648777212607
Vanilla PPO,9,27,1.4447558887256182
Vanilla PPO,9,28,1.3656113214716699
Vanilla PPO,9,29,1.2811000776945765
Vanilla PPO,9,30,1.1925366805116129
Vanilla PPO,9,31,1.1012259030899236
Vanilla PPO,9,32,1.008423874619793
Vanilla PPO,9,33,0.9153124929455069
Vanilla PPO,9,34,0.8229794288895969
Vanilla PPO,9,35,0.732409464668897
Vanilla PPO,9,36,0.6444804826213568
Vanilla PPO,9,37,0.5599674335758579
Vanilla PPO,9,38,0.47955204800302376
Vanilla PPO,9,39,0.40384328836622924
Vanilla PPO,9,40,0.33341346785428916
Vanilla PPO,9,41,0.26886795165873134
Vanilla PPO,9,42,0.21098563039019405
Vanilla PPO,9,43,0.16101943905310803
Vanilla PPO,9,44,0.12132715292236072
Vanilla PPO,9,45,0.09611781514220769
Vanilla PPO,9,46,0.08950078412047462
Vanilla PPO,9,47,0.09880742272570626
Vanilla PPO,9,48,0.11587686688564823
Vanilla PPO,9,49,0.13466441438786997
Vanilla PPO,9,50,0.26176567244332055
DR-PPO,0,1,0.950410252051464
DR-PPO,0,2,1.79379411276919
DR-PPO,0,3,2.514440738288019
DR-PPO,0,4,3.1154568675412597
DR-PPO,0,5,3.5981748692978575
DR-PPO,0,6,3.9626597865335698
DR-PPO,0,7,4.210098867062087
DR-PPO,0,8,4.344504964523334
DR-PPO,0,9,4.374921024152551
DR-PPO,0,10,4.317326923059366
DR-PPO,0,11,4.193334131767882
DR-PPO,0,12,4.025201299271057
DR-PPO,0,13,3.8307791060928515
DR-PPO,0,14,3.6216329381450185
DR-PPO,0,15,3.404114838235304
DR-PPO,0,16,3.1814680128361994
DR-PPO,0,17,2.95559310332833
DR-PPO,0,18,2.7280961655316855
DR-PPO,0,19,2.50072978686292
DR-PPO,0,20,2.275470140806084
DR-PPO,0,21,2.0544157407758434
DR-PPO,0,22,1.8396316353128765
DR-PPO,0,23,1.6330037543879845
DR-PPO,0,24,1.4361338054670003
DR-PPO,0,25,1.250283057671153
DR-PPO,0,26,1.0763914721185694
DR-PPO,0,27,0.9150002049265316
DR-PPO,0,28,0.7664190571229255
DR-PPO,0,29,0.6307271629743533
DR-PPO,0,30,0.5078252715360769
DR-PPO,0,31,0.3974891792618823
DR-PPO,0,32,0.2994280329848093
DR-PPO,0,33,0.2133844047743286
DR-PPO,0,34,0.13941627215094446
DR-PPO,0,35,0.07915072283190129
DR-PPO,0,36,0.04369267805115686
DR-PPO,0,37,0.05616101384581351
DR-PPO,0,38,0.08696062655340757
DR-PPO,0,39,0.11557050802462551
DR-PPO,0,40,0.13894737095855042
DR-PPO,0,41,0.1569045429110441
DR-PPO,0,42,0.1698281215084893
DR-PPO,0,43,0.1782544110224624
DR-PPO,0,44,0.18275281564055657
DR-PPO,0,45,0.18388365781365967
DR-PPO,0,46,0.1821799290552203
DR-PPO,0,47,0.17813745061521505
DR-PPO,0,48,0.1722112419861282
DR-PPO,0,49,0.16481321640617197
DR-PPO,0,50,0.2981312179095054
DR-PPO,1,1,1.705747555200309
DR-PPO,1,2,3.307148968466189
DR-PPO,1,3,4.873064361699738
DR-PPO,1,4,6.24414242266158
DR-PPO,1,5,7.327824018044116
DR-PPO,1,6,8.091333749904544
DR-PPO,1,7,8.574285671966877
DR-PPO,1,8,8.861962840161945
DR-PPO,1,9,9.005101173418288
DR-PPO,1,10,9.00076582741872
DR-PPO,1,11,8.823011125046943
DR-PPO,1,12,8.452128770815362
DR-PPO,1,13,7.888990660386983
DR-PPO,1,14,7.1622685281240335
DR-PPO,1,15,6.328489109199496
DR-PPO,1,16,5.458179290319665
DR-PPO,1,17,4.615693783799391
DR-PPO,1,18,3.845092473873691
DR-PPO,1,19,3.1657793027491516
DR-PPO,1,20,2.5770666328966136
DR-PPO,1,21,2.068219418926443
DR-PPO,1,22,1.6277896756477181
DR-PPO,1,23,1.2478123599997912
DR-PPO,1,24,0.9234557145418454
DR-PPO,1,25,0.6512978744909055
DR-PPO,1,26,0.4287125772998374
DR-PPO,1,27,0.25611480405593473
DR-PPO,1,28,0.14830730425856317
DR-PPO,1,29,0.14217805579081333
DR-PPO,1,30,0.19665819111035118
DR-PPO,1,31,0.2527141888288049
DR-PPO,1,32,0.2964470630906306
DR-PPO,1,33,0.3264972344023911
DR-PPO,1,34,0.34404694604475533
DR-PPO,1,35,0.35082010716973755
DR-PPO,1,36,0.3485817555624479
DR-PPO,1,37,0.3389959966037622
DR-PPO,1,38,0.3235841629530367
DR-PPO,1,39,0.30371547625400036
DR-PPO,1,40,0.2806111500763738
DR-PPO,1,41,0.25534905817876635
DR-PPO,1,42,0.2288732514517693
DR-PPO,1,43,0.2020009836057394
DR-PPO,1,44,0.17543434525533386
DR-PPO,1,45,0.14977194850631642
DR-PPO,1,46,0.12552437472853933
DR-PPO,1,47,0.10313886256568826
DR-PPO,1,48,0.0830331579668568
DR-PPO,1,49,0.06565278247236944
DR-PPO,1,50,0.09144323546103418
DR-PPO,2,1,0.9080575003073413
DR-PPO,2,2,1.6189825620688947
DR-PPO,2,3,2.1438495615630884
DR-PPO,2,4,2.498646967881771
DR-PPO,2,5,2.699525887576432
DR-PPO,2,6,2.7644835458604464
DR-PPO,2,7,2.715062512885912
DR-PPO,2,8,2.5761431697918047
DR-PPO,2,9,2.3740500217546274
DR-PPO,2,10,2.1339737302118094
DR-PPO,2,11,1.8777444771306853
DR-PPO,2,12,1.6225616160350034
DR-PPO,2,13,1.3807507882017387
DR-PPO,2,14,1.1602871211182026
DR-PPO,2,15,0.9657132867803973
DR-PPO,2,16,0.7991319999006066
DR-PPO,2,17,0.6610442047056665
DR-PPO,2,18,0.5508979330191555
DR-PPO,2,19,0.467257588964468
DR-PPO,2,20,0.4076285690205397
DR-PPO,2,21,0.36821879354235415
DR-PPO,2,22,0.3441423160795271
DR-PPO,2,23,0.3302395100512518
DR-PPO,2,24,0.3220263306232097
DR-PPO,2,25,0.3162072445451575
DR-PPO,2,26,0.3106746432801875
DR-PPO,2,27,0.30424954804177834
DR-PPO,2,28,0.29638690947585583
DR-PPO,2,29,0.2869398319578166
DR-PPO,2,30,0.275993462983793
DR-PPO,2,31,0.26375922904148597
DR-PPO,2,32,0.2505060321347847
DR-PPO,2,33,0.2365194848669276
DR-PPO,2,34,0.22207730891874372
DR-PPO,2,35,0.20743575046511084
DR-PPO,2,36,0.1928222353655956
DR-PPO,2,37,0.17843141634003845
DR-PPO,2,38,0.16442720954257253
DR-PPO,2,39,0.1509427117708538
DR-PPO,2,40,0.13808312679847998
DR-PPO,2,41,0.1259284087080687
DR-PPO,2,42,0.11453715056692616
DR-PPO,2,43,0.1039488679119885
DR-PPO,2,44,0.09418825188359
DR-PPO,2,45,0.08526580030166057
DR-PPO,2,46,0.07718301161123826
DR-PPO,2,47,0.06993141130861669
DR-PPO,2,48,0.06349662135711966
DR-PPO,2,49,0.05785597343576854
DR-PPO,2,50,0.32961870532625226
DR-PPO,3,1,0.9441655785580775
DR-PPO,3,2,1.659649542798931
DR-PPO,3,3,2.172657912150781
DR-PPO,3,4,2.50686757219221
DR-PPO,3,5,2.6860039958599593
DR-PPO,3,6,2.7344744717972436
DR-PPO,3,7,2.67772514484528
DR-PPO,3,8,2.5413538691796793
DR-PPO,3,9,2.349567176267469
DR-PPO,3,10,2.1237814106290385
DR-PPO,3,11,1.8818247693840189
DR-PPO,3,12,1.637765205066296
DR-PPO,3,13,1.4021638303076858
DR-PPO,3,14,1.1825537400555144
DR-PPO,3,15,0.9840160623399814
DR-PPO,3,16,0.8097678305291324
DR-PPO,3,17,0.6616936205772755
DR-PPO,3,18,0.5407337322759779
DR-PPO,3,19,0.44700054614092244
DR-PPO,3,20,0.3794610369838813
DR-PPO,3,21,0.3352709969686818
DR-PPO,3,22,0.3094756519983504
DR-PPO,3,23,0.29589211463401954
DR-PPO,3,24,0.2887449966714068
DR-PPO,3,25,0.2837750807479895
DR-PPO,3,26,0.2783838138326204
DR-PPO,3,27,0.2712570543497458
DR-PPO,3,28,0.2619165327298067
DR-PPO,3,29,0.2503744536012385
DR-PPO,3,30,0.23690561627989504
DR-PPO,3,31,0.22190743142363353
DR-PPO,3,32,0.20581572298245085
DR-PPO,3,33,0.18905670882996095
DR-PPO,3,34,0.17202093545323674
DR-PPO,3,35,0.15505012843167318
DR-PPO,3,36,0.13843166537164292
DR-PPO,3,37,0.12240006029415818
DR-PPO,3,38,0.10713837233042138
DR-PPO,3,39,0.09278442121901158
DR-PPO,3,40,0.07943626518500699
DR-PPO,3,41,0.06715920639300735
DR-PPO,3,42,0.055992835536369176
DR-PPO,3,43,0.04595977761848064
DR-PPO,3,44,0.03707646077983663
DR-PPO,3,45,0.029368134467516183
DR-PPO,3,46,0.022892066104207447
DR-PPO,3,47,0.017774176564947546
DR-PPO,3,48,0.01423008528604305
DR-PPO,3,49,0.012465110228932779
DR-PPO,3,50,0.22228813718172982
DR-PPO,4,1,0.0964715663096533
DR-PPO,4,2,0.14377275325833222
DR-PPO,4,3,0.18694490748695883
DR-PPO,4,4,0.21966368554852447
DR-PPO,4,5,0.24147458791491955
DR-PPO,4,6,0.2533349947590307
DR-PPO,4,7,0.2566900194992105
DR-PPO,4,8,0.2531638525745348
DR-PPO,4,9,0.24440988362657065
DR-PPO,4,10,0.2320161600431035
DR-PPO,4,11,0.2174403792790041
DR-PPO,4,12,0.20196469084764326
DR-PPO,4,13,0.18666098198995137
DR-PPO,4,14,0.17236442103731567
DR-PPO,4,15,0.1596532989602002
DR-PPO,4,16,0.14883975910135913
DR-PPO,4,17,0.13998019782058313
DR-PPO,4,18,0.1329118863984153
DR-PPO,4,19,0.12731999581792935
DR-PPO,4,20,0.12281572611654021
DR-PPO,4,21,0.11901015782269626
DR-PPO,4,22,0.11556891523607142
DR-PPO,4,23,0.11223619191765181
DR-PPO,4,24,0.10884364189137236
DR-PPO,4,25,0.1053019849077642
DR-PPO,4,26,0.10158897611014668
DR-PPO,4,27,0.0977351560456183
DR-PPO,4,28,0.09380952054318599
DR-PPO,4,29,0.08990604574724105
DR-PPO,4,30,0.08613425136889717
DR-PPO,4,31,0.08260829570216038
DR-PPO,4,32,0.07943617394717306
DR-PPO,4,33,0.07671186531523952
DR-PPO,4,34,0.07450448393249394
DR-PPO,4,35,0.07285372012780762
DR-PPO,4,36,0.0717663791632584
DR-PPO,4,37,0.07121529765532486
DR-PPO,4,38,0.0711461613441147
DR-PPO,4,39,0.07148570732448867
DR-PPO,4,40,0.07214993418804785
DR-PPO,4,41,0.07305339839393997
DR-PPO,4,42,0.07411597082349869
DR-PPO,4,43,0.07526621906822197
DR-PPO,4,44,0.07644455596247592
DR-PPO,4,45,0.077603190416776
DR-PPO,4,46,0.07870575086409796
DR-PPO,4,47,0.0797254924123163
DR-PPO,4,48,0.08064507095006798
DR-PPO,4,49,0.0814542194099264
DR-PPO,4,50,0.26672508249730076
DR-PPO,5,1,1.1316060649671327
DR-PPO,5,2,2.2402766383288584
DR-PPO,5,3,3.1939015803240034
DR-PPO,5,4,4.0199577569293155
DR-PPO,5,5,4.733785115227492
DR-PPO,5,6,5.337739744438469
DR-PPO,5,7,5.823948730055862
DR-PPO,5,8,6.17781054304253
DR-PPO,5,9,6.382370605971213
DR-PPO,5,10,6.425341266148415
DR-PPO,5,11,6.309599186620122
DR-PPO,5,12,6.058433717439459
DR-PPO,5,13,5.70606696891191
DR-PPO,5,14,5.283720835771208
DR-PPO,5,15,4.814543572454026
DR-PPO,5,16,4.3162415892652195
DR-PPO,5,17,3.805252596181521
DR-PPO,5,18,3.2989123247868966
DR-PPO,5,19,2.8149862834841253
DR-PPO,5,20,2.3696651180086827
DR-PPO,5,21,1.9755426401991476
DR-PPO,5,22,1.6404857921424114
DR-PPO,5,23,1.3673643862572178
DR-PPO,5,24,1.1541332413134175
DR-PPO,5,25,0.9940358673006866
DR-PPO,5,26,0.8763840957942564
DR-PPO,5,27,0.7884722157808194
DR-PPO,5,28,0.718196808685807
DR-PPO,5,29,0.6561134582290413
DR-PPO,5,30,0.5961588907548139
DR-PPO,5,31,0.5352887080879989
DR-PPO,5,32,0.47266798872979143
DR-PPO,5,33,0.4088539240371401
DR-PPO,5,34,0.34515956512145124
DR-PPO,5,35,0.2832270611993814
DR-PPO,5,36,0.22479385169478505
DR-PPO,5,37,0.17166577554779716
DR-PPO,5,38,0.1259700370325302
DR-PPO,5,39,0.09090599113919412
DR-PPO,5,40,0.0714823840777847
DR-PPO,5,41,0.07041139824716917
DR-PPO,5,42,0.08105969573932116
DR-PPO,5,43,0.09474102252264723
DR-PPO,5,44,0.10711190725066888
DR-PPO,5,45,0.11665848774195929
DR-PPO,5,46,0.1230332024896264
DR-PPO,5,47,0.12635834754240172
DR-PPO,5,48,0.12694913677152503
DR-PPO,5,49,0.1251934762654329
DR-PPO,5,50,0.21858554008935557
DR-PPO,6,1,0.32390339975007754
DR-PPO,6,2,0.5809141704133457
DR-PPO,6,3,0.750428593278754
DR-PPO,6,4,0.8429620008398577
DR-PPO,6,5,0.8713484611109277
DR-PPO,6,6,0.8491213597699884
DR-PPO,6,7,0.7895587810625635
DR-PPO,6,8,0.7049117854893044
DR-PPO,6,9,0.6058629469359423
DR-PPO,6,10,0.5012360710006318
DR-PPO,6,11,0.3979478286701886
DR-PPO,6,12,0.30116715281589773
DR-PPO,6,13,0.21469123943271481
DR-PPO,6,14,0.14173325439783796
DR-PPO,6,15,0.08708782617497575
DR-PPO,6,16,0.06204537967302865
DR-PPO,6,17,0.07106193868293627
DR-PPO,6,18,0.09164907163603615
DR-PPO,6,19,0.1099612951637193
DR-PPO,6,20,0.12293204238908292
DR-PPO,6,21,0.13049194092124505
DR-PPO,6,22,0.13335639057621423
DR-PPO,6,23,0.13243530134286838
DR-PPO,6,24,0.12863820224136827
DR-PPO,6,25,0.12279727494133223
DR-PPO,6,26,0.11563777455193926
DR-PPO,6,27,0.10776582818003261
DR-PPO,6,28,0.09967036493674647
DR-PPO,6,29,0.0917298281035389
DR-PPO,6,30,0.08422369574491871
DR-PPO,6,31,0.07734295048640935
DR-PPO,6,32,0.07120646757682358
DR-PPO,6,33,0.0658721845584965
DR-PPO,6,34,0.06135102116916079
DR-PPO,6,35,0.05761893532916506
DR-PPO,6,36,0.05462687522914594
DR-PPO,6,37,0.052310397405019735
DR-PPO,6,38,0.050594793033453586
DR-PPO,6,39,0.049402007058811835
DR-PPO,6,40,0.048653195355004876
DR-PPO,6,41,0.04827219589726075
DR-PPO,6,42,0.048187953661671966
DR-PPO,6,43,0.048334146926903555
DR-PPO,6,44,0.04865207800389612
DR-PPO,6,45,0.04908989776564082
DR-PPO,6,46,0.0496040323065286
DR-PPO,6,47,0.05015878224377055
DR-PPO,6,48,0.05072416125740431
DR-PPO,6,49,0.051278515005521726
DR-PPO,6,50,0.17703369865056715
DR-PPO,7,1,1.5246352903704663
DR-PPO,7,2,2.9852813307094217
DR-PPO,7,3,4.225607442155752
DR-PPO,7,4,5.2782923192362805
DR-PPO,7,5,6.160612193232957
DR-PPO,7,6,6.873663434526946
DR-PPO,7,7,7.405364711666608
DR-PPO,7,8,7.736482230514932
DR-PPO,7,9,7.85256015803878
DR-PPO,7,10,7.761125206681519
DR-PPO,7,11,7.4951243465129425
DR-PPO,7,12,7.0933575997241265
DR-PPO,7,13,6.584129093933988
DR-PPO,7,14,5.9866489218566805
DR-PPO,7,15,5.320463178463754
DR-PPO,7,16,4.611554547343583
DR-PPO,7,17,3.8920061666555323
DR-PPO,7,18,3.195183688594646
DR-PPO,7,19,2.549571493361739
DR-PPO,7,20,1.9743329707798252
DR-PPO,7,21,1.4783855502186967
DR-PPO,7,22,1.062420016892309
DR-PPO,7,23,0.7219566091014787
DR-PPO,7,24,0.45000697887957797
DR-PPO,7,25,0.23917027033252186
DR-PPO,7,26,0.08675506572394051
DR-PPO,7,27,0.0648569299789911
DR-PPO,7,28,0.13513423296210667
DR-PPO,7,29,0.18534954796639633
DR-PPO,7,30,0.21390877249550433
DR-PPO,7,31,0.2252284270131335
DR-PPO,7,32,0.2237338754173904
DR-PPO,7,33,0.2133361276665571
DR-PPO,7,34,0.19736262238571534
DR-PPO,7,35,0.17858369209275018
DR-PPO,7,36,0.15925920271047692
DR-PPO,7,37,0.1411806406248061
DR-PPO,7,38,0.125676178254526
DR-PPO,7,39,0.11356000586284437
DR-PPO,7,40,0.10505653187631181
DR-PPO,7,41,0.09979199177956614
DR-PPO,7,42,0.09695624403102235
DR-PPO,7,43,0.09558506909766497
DR-PPO,7,44,0.0948144533614843
DR-PPO,7,45,0.09400766316800631
DR-PPO,7,46,0.0927634284756397
DR-PPO,7,47,0.0908756721780598
DR-PPO,7,48,0.08827716996447309
DR-PPO,7,49,0.08499261270866885
DR-PPO,7,50,0.27731448170321393
DR-PPO,8,1,1.92714253095486
DR-PPO,8,2,3.5924051894577094
DR-PPO,8,3,5.154144193957431
DR-PPO,8,4,6.529924024609982
DR-PPO,8,5,7.669940352606097
DR-PPO,8,6,8.520335638739347
DR-PPO,8,7,9.043909228844656
DR-PPO,8,8,9.27492810015852
DR-PPO,8,9,9.27683175669647
DR-PPO,8,10,9.072641431361854
DR-PPO,8,11,8.654824105083126
DR-PPO,8,12,8.018828706481068
DR-PPO,8,13,7.183118983543603
DR-PPO,8,14,6.199279959177376
DR-PPO,8,15,5.151663784334089
DR-PPO,8,16,4.134401807662414
DR-PPO,8,17,3.2189427169400195
DR-PPO,8,18,2.438991428666458
DR-PPO,8,19,1.7973457014060101
DR-PPO,8,20,1.280570389065945
DR-PPO,8,21,0.8701695893965317
DR-PPO,8,22,0.5480965668641352
DR-PPO,8,23,0.29868199263389955
DR-PPO,8,24,0.10957812622091107
DR-PPO,8,25,0.042568143316982734
DR-PPO,8,26,0.1413190163638853
DR-PPO,8,27,0.2132468813459287
DR-PPO,8,28,0.2607921343722723
DR-PPO,8,29,0.2889857381350154
DR-PPO,8,30,0.30218063009319346
DR-PPO,8,31,0.30400663528036215
DR-PPO,8,32,0.297450468769848
DR-PPO,8,33,0.28494115940729886
DR-PPO,8,34,0.268428125973643
DR-PPO,8,35,0.24945227724104227
DR-PPO,8,36,0.22920866295069392
DR-PPO,8,37,0.20860261644099778
DR-PPO,8,38,0.18830141008875592
DR-PPO,8,39,0.1687766883791276
DR-PPO,8,40,0.15034410027014045
DR-PPO,8,41,0.1331963552557515
DR-PPO,8,42,0.1174327351912836
DR-PPO,8,43,0.10308208436607073
DR-PPO,8,44,0.09012321824181269
DR-PPO,8,45,0.07850163234915682
DR-PPO,8,46,0.06814181431253778
DR-PPO,8,47,0.05895659236994418
DR-PPO,8,48,0.050855634718832095
DR-PPO,8,49,0.0437486343621516
DR-PPO,8,50,0.34738995158160113
DR-PPO,9,1,0.8403661597151828
DR-PPO,9,2,1.4054425484510231
DR-PPO,9,3,1.792396042566068
DR-PPO,9,4,2.0164102941573376
DR-PPO,9,5,2.095023702498537
DR-PPO,9,6,2.0515365359928928
DR-PPO,9,7,1.9149799260660059
DR-PPO,9,8,1.717288152173601
DR-PPO,9,9,1.4889717111238152
DR-PPO,9,10,1.2550934454017455
DR-PPO,9,11,1.0331275415361665
DR-PPO,9,12,0.8331192865051111
DR-PPO,9,13,0.6593440824922604
DR-PPO,9,14,0.5123396887319485
DR-PPO,9,15,0.39059329423408334
DR-PPO,9,16,0.29169722027273015
DR-PPO,9,17,0.21306050898871282
DR-PPO,9,18,0.15234489841740617
DR-PPO,9,19,0.10775277502437244
DR-PPO,9,20,0.07811850677732343
DR-PPO,9,21,0.06216951382195123
DR-PPO,9,22,0.05661971979318314
DR-PPO,9,23,0.056268665626842886
DR-PPO,9,24,0.057002293682903084
DR-PPO,9,25,0.05688329168815206
DR-PPO,9,26,0.05534170715439741
DR-PPO,9,27,0.05240890581569006
DR-PPO,9,28,0.04833821395642025
DR-PPO,9,29,0.04344144927440355
DR-PPO,9,30,0.03802105223998398
DR-PPO,9,31,0.03234163220397252
DR-PPO,9,32,0.02662534751191457
DR-PPO,9,33,0.021052601225609684
DR-PPO,9,34,0.015772464712634757
DR-PPO,9,35,0.01093056587376599
DR-PPO,9,36,0.006761504989014344
DR-PPO,9,37,0.004060433930872395
DR-PPO,9,38,0.004558342990605419
DR-PPO,9,39,0.006967586261693394
DR-PPO,9,40,0.009549357289564844
DR-PPO,9,41,0.011906840945696521
DR-PPO,9,42,0.013964115522704032
DR-PPO,9,43,0.01571750102432621
DR-PPO,9,44,0.017185819753386983
DR-PPO,9,45,0.018395953873328114
DR-PPO,9,46,0.019377104606869592
DR-PPO,9,47,0.020158940505283877
DR-PPO,9,48,0.0207688513898348
DR-PPO,9,49,0.02123305081360797
DR-PPO,9,50,0.0535964386790965
Meta-LSTM PPO,0,1,1.802720914713401
Meta-LSTM PPO,0,2,3.2216102524602843
Meta-LSTM PPO,0,3,4.234796569446564
Meta-LSTM PPO,0,4,4.845879816261747
Meta-LSTM PPO,0,5,5.103106310846902
Meta-LSTM PPO,0,6,5.2438137315006585
Meta-LSTM PPO,0,7,5.428413604114516
Meta-LSTM PPO,0,8,5.663807888139158
Meta-LSTM PPO,0,9,5.561106615176127
Meta-LSTM PPO,0,10,4.74751828272071
Meta-LSTM PPO,0,11,3.770884222684687
Meta-LSTM PPO,0,12,3.02900762024307
Meta-LSTM PPO,0,13,2.7568068773336276
Meta-LSTM PPO,0,14,2.7856062318000316
Meta-LSTM PPO,0,15,2.8702812791582506
Meta-LSTM PPO,0,16,2.5387962947277707
Meta-LSTM PPO,0,17,1.809556214436438
Meta-LSTM PPO,0,18,1.1693959839923163
Meta-LSTM PPO,0,19,0.9270936653347518
Meta-LSTM PPO,0,20,0.8574731302210559
Meta-LSTM PPO,0,21,0.9551985461285202
Meta-LSTM PPO,0,22,1.2742325018328047
Meta-LSTM PPO,0,23,1.5757843388766242
Meta-LSTM PPO,0,24,1.7081651387962387
Meta-LSTM PPO,0,25,1.675533619691378
Meta-LSTM PPO,0,26,1.5122393639829987
Meta-LSTM PPO,0,27,1.3901623706608923
Meta-LSTM PPO,0,28,1.3764789154589359
Meta-LSTM PPO,0,29,1.4386878753680137
Meta-LSTM PPO,0,30,1.5423596760825646
Meta-LSTM PPO,0,31,1.6083502642414083
Meta-LSTM PPO,0,32,1.6113798637934151
Meta-LSTM PPO,0,33,1.6253090456764208
Meta-LSTM PPO,0,34,1.6947657067923378
Meta-LSTM PPO,0,35,1.8023403655764132
Meta-LSTM PPO,0,36,1.9133473317956606
Meta-LSTM PPO,0,37,1.9636669935729587
Meta-LSTM PPO,0,38,1.8416182603031122
Meta-LSTM PPO,0,39,1.5513005254017136
Meta-LSTM PPO,0,40,1.2492778547783436
Meta-LSTM PPO,0,41,1.0823471198583032
Meta-LSTM PPO,0,42,1.0704961665108408
Meta-LSTM PPO,0,43,1.1010768052429427
Meta-LSTM PPO,0,44,1.0805806574074936
Meta-LSTM PPO,0,45,1.013578548398537
Meta-LSTM PPO,0,46,0.9897283202179024
Meta-LSTM PPO,0,47,1.0593477512881695
Meta-LSTM PPO,0,48,1.1432529049360232
Meta-LSTM PPO,0,49,1.1359687929828688
Meta-LSTM PPO,0,50,0.03533305920924962
Meta-LSTM PPO,1,1,1.8828392372004934
Meta-LSTM PPO,1,2,4.012160063674436
Meta-LSTM PPO,1,3,5.95084074110858
Meta-LSTM PPO,1,4,7.420300796554329
Meta-LSTM PPO,1,5,8.468447435108825
Meta-LSTM PPO,1,6,9.25186407139276
Meta-LSTM PPO,1,7,9.611563013535026
Meta-LSTM PPO,1,8,9.42550274024407
Meta-LSTM PPO,1,9,9.124135080167548
Meta-LSTM PPO,1,10,9.001001646602317
Meta-LSTM PPO,1,11,8.978093689899008
Meta-LSTM PPO,1,12,8.686925781209393
Meta-LSTM PPO,1,13,7.9863314336038425
Meta-LSTM PPO,1,14,7.269881894155293
Meta-LSTM PPO,1,15,6.583410726276621
Meta-LSTM PPO,1,16,5.838923455730721
Meta-LSTM PPO,1,17,5.069130845767128
Meta-LSTM PPO,1,18,4.067321415593262
Meta-LSTM PPO,1,19,3.122103023168292
Meta-LSTM PPO,1,20,2.5543022363609507
Meta-LSTM PPO,1,21,1.9777350262818831
Meta-LSTM PPO,1,22,1.2626120027919852
Meta-LSTM PPO,1,23,0.5946249746942104
Meta-LSTM PPO,1,24,0.1827433179685354
Meta-LSTM PPO,1,25,0.9511009040526653
Meta-LSTM PPO,1,26,1.5975637227097303
Meta-LSTM PPO,1,27,2.0560283901897485
Meta-LSTM PPO,1,28,1.9698498740319779
Meta-LSTM PPO,1,29,1.7269438586510515
Meta-LSTM PPO,1,30,1.4196937296532948
Meta-LSTM PPO,1,31,1.0772967935598035
Meta-LSTM PPO,1,32,0.6456886762002492
Meta-LSTM PPO,1,33,0.30807869902316737
Meta-LSTM PPO,1,34,0.3890994479189123
Meta-LSTM PPO,1,35,0.6133787520966972
Meta-LSTM PPO,1,36,0.6622063426837398
Meta-LSTM PPO,1,37,0.8742723154780347
Meta-LSTM PPO,1,38,1.168783818902294
Meta-LSTM PPO,1,39,1.4303854316639506
Meta-LSTM PPO,1,40,1.5490336522753703
Meta-LSTM PPO,1,41,1.5774863258987128
Meta-LSTM PPO,1,42,1.614476278957295
Meta-LSTM PPO,1,43,1.3253212554774805
Meta-LSTM PPO,1,44,0.6579376158548683
Meta-LSTM PPO,1,45,0.1487196677467962
Meta-LSTM PPO,1,46,0.4827417091144283
Meta-LSTM PPO,1,47,0.26117532239351904
Meta-LSTM PPO,1,48,0.44685634012235564
Meta-LSTM PPO,1,49,0.85402371300112
Meta-LSTM PPO,1,50,0.3134365758469113
Meta-LSTM PPO,2,1,0.7974068571084132
Meta-LSTM PPO,2,2,1.3793988039503484
Meta-LSTM PPO,2,3,1.9693321077641128
Meta-LSTM PPO,2,4,2.8199096637839847
Meta-LSTM PPO,2,5,3.594780857339349
Meta-LSTM PPO,2,6,4.281535240801082
Meta-LSTM PPO,2,7,5.00537946073934
Meta-LSTM PPO,2,8,5.785058895668278
Meta-LSTM PPO,2,9,6.572185330285145
Meta-LSTM PPO,2,10,7.335571094312315
Meta-LSTM PPO,2,11,8.065390538739141
Meta-LSTM PPO,2,12,8.720467738807232
Meta-LSTM PPO,2,13,9.26921178009724
Meta-LSTM PPO,2,14,9.726831990014839
Meta-LSTM PPO,2,15,9.93513114400076
Meta-LSTM PPO,2,16,9.902067108566667
Meta-LSTM PPO,2,17,9.85497673432767
Meta-LSTM PPO,2,18,9.911055988936306
Meta-LSTM PPO,2,19,10.079302700873171
Meta-LSTM PPO,2,20,10.21612303376446
Meta-LSTM PPO,2,21,10.094011150138467
Meta-LSTM PPO,2,22,9.537747460468838
Meta-LSTM PPO,2,23,8.847678675031453
Meta-LSTM PPO,2,24,8.312008548592523
Meta-LSTM PPO,2,25,8.312853135860557
Meta-LSTM PPO,2,26,8.456636548650796
Meta-LSTM PPO,2,27,8.562624285125876
Meta-LSTM PPO,2,28,8.702053711235425
Meta-LSTM PPO,2,29,8.811508822961633
Meta-LSTM PPO,2,30,8.87314601505062
Meta-LSTM PPO,2,31,8.66265928427931
Meta-LSTM PPO,2,32,8.05887233961215
Meta-LSTM PPO,2,33,7.080990360183572
Meta-LSTM PPO,2,34,6.457001074463815
Meta-LSTM PPO,2,35,6.390435295649917
Meta-LSTM PPO,2,36,6.550678439979224
Meta-LSTM PPO,2,37,6.638698153517078
Meta-LSTM PPO,2,38,6.421592740186916
Meta-LSTM PPO,2,39,6.00599555648288
Meta-LSTM PPO,2,40,5.817059762206059
Meta-LSTM PPO,2,41,5.7827453609312
Meta-LSTM PPO,2,42,5.7276724800587715
Meta-LSTM PPO,2,43,5.594506020910614
Meta-LSTM PPO,2,44,5.560203036997895
Meta-LSTM PPO,2,45,5.449058724373928
Meta-LSTM PPO,2,46,5.376065006608563
Meta-LSTM PPO,2,47,5.451812244030592
Meta-LSTM PPO,2,48,5.69778027615559
Meta-LSTM PPO,2,49,6.22462738030484
Meta-LSTM PPO,2,50,0.13803009083447015
Meta-LSTM PPO,3,1,1.2263506396403896
Meta-LSTM PPO,3,2,2.6168825484368523
Meta-LSTM PPO,3,3,3.461738359616898
Meta-LSTM PPO,3,4,3.855683722432766
Meta-LSTM PPO,3,5,4.146046939289451
Meta-LSTM PPO,3,6,4.3877231786607265
Meta-LSTM PPO,3,7,4.65487761272479
Meta-LSTM PPO,3,8,5.009993835396506
Meta-LSTM PPO,3,9,5.365463880130497
Meta-LSTM PPO,3,10,5.471437550374029
Meta-LSTM PPO,3,11,5.637847114130713
Meta-LSTM PPO,3,12,5.857998673653685
Meta-LSTM PPO,3,13,6.1927604617626
Meta-LSTM PPO,3,14,6.518394359213018
Meta-LSTM PPO,3,15,6.6800939144258376
Meta-LSTM PPO,3,16,6.6964476956979695
Meta-LSTM PPO,3,17,6.690604761855991
Meta-LSTM PPO,3,18,6.74624320890877
Meta-LSTM PPO,3,19,6.819276451982427
Meta-LSTM PPO,3,20,6.769008086456791
Meta-LSTM PPO,3,21,6.557337764968243
Meta-LSTM PPO,3,22,6.262612772948997
Meta-LSTM PPO,3,23,5.896967978082782
Meta-LSTM PPO,3,24,5.49429802252245
Meta-LSTM PPO,3,25,5.108719969870295
Meta-LSTM PPO,3,26,4.831752837565774
Meta-LSTM PPO,3,27,4.6390393309535165
Meta-LSTM PPO,3,28,4.514569856855259
Meta-LSTM PPO,3,29,2.149420829088158
Meta-LSTM PPO,3,30,1.776516015686884
Meta-LSTM PPO,3,31,1.6161880089805685
Meta-LSTM PPO,3,32,1.5415980577615531
Meta-LSTM PPO,3,33,1.6512304645870801
Meta-LSTM PPO,3,34,1.8652964674735961
Meta-LSTM PPO,3,35,2.103457363036225
Meta-LSTM PPO,3,36,2.3208697962047085
Meta-LSTM PPO,3,37,2.576740480350256
Meta-LSTM PPO,3,38,2.90601068205646
Meta-LSTM PPO,3,39,3.3999383100274803
Meta-LSTM PPO,3,40,3.8297309512755193
Meta-LSTM PPO,3,41,4.062068695222955
Meta-LSTM PPO,3,42,4.167948373328502
Meta-LSTM PPO,3,43,4.202210938817494
Meta-LSTM PPO,3,44,4.23943654237295
Meta-LSTM PPO,3,45,4.133464754735816
Meta-LSTM PPO,3,46,3.8691489826075034
Meta-LSTM PPO,3,47,3.5113574762153337
Meta-LSTM PPO,3,48,3.382568636196946
Meta-LSTM PPO,3,49,3.320922765724392
Meta-LSTM PPO,3,50,0.19233620004720675
Meta-LSTM PPO,4,1,1.1775218583979612
Meta-LSTM PPO,4,2,2.4005538834398394
Meta-LSTM PPO,4,3,3.2851531025753524
Meta-LSTM PPO,4,4,3.9532626614594966
Meta-LSTM PPO,4,5,4.593278924104682
Meta-LSTM PPO,4,6,5.3407743338584535
Meta-LSTM PPO,4,7,6.018700999382558
Meta-LSTM PPO,4,8,6.54064163563893
Meta-LSTM PPO,4,9,6.898138214622529
Meta-LSTM PPO,4,10,7.090349108835565
Meta-LSTM PPO,4,11,7.179160513248882
Meta-LSTM PPO,4,12,7.247214742380855
Meta-LSTM PPO,4,13,7.2681136225212555
Meta-LSTM PPO,4,14,7.21714413834696
Meta-LSTM PPO,4,15,7.17160110436687
Meta-LSTM PPO,4,16,7.222893981196724
Meta-LSTM PPO,4,17,7.2977518919406075
Meta-LSTM PPO,4,18,7.283907891888439
Meta-LSTM PPO,4,19,7.207360740328022
Meta-LSTM PPO,4,20,7.10420176985682
Meta-LSTM PPO,4,21,7.016641445912241
Meta-LSTM PPO,4,22,6.924855167518896
Meta-LSTM PPO,4,23,6.805679887608881
Meta-LSTM PPO,4,24,6.707069189115723
Meta-LSTM PPO,4,25,6.655508969825958
Meta-LSTM PPO,4,26,6.591063651769998
Meta-LSTM PPO,4,27,6.540611081798224
Meta-LSTM PPO,4,28,6.5013304533095315
Meta-LSTM PPO,4,29,6.516157441615909
Meta-LSTM PPO,4,30,6.657599931131985
Meta-LSTM PPO,4,31,6.653562620894668
Meta-LSTM PPO,4,32,6.4830285977119955
Meta-LSTM PPO,4,33,6.307785987922276
Meta-LSTM PPO,4,34,5.994562502250075
Meta-LSTM PPO,4,35,5.417092812493606
Meta-LSTM PPO,4,36,4.643757039197305
Meta-LSTM PPO,4,37,3.9184424190736924
Meta-LSTM PPO,4,38,3.32015285807074
Meta-LSTM PPO,4,39,2.968419179796321
Meta-LSTM PPO,4,40,2.7601124187545
Meta-LSTM PPO,4,41,2.5649099020477415
Meta-LSTM PPO,4,42,2.6243326073470996
Meta-LSTM PPO,4,43,2.9703507869674795
Meta-LSTM PPO,4,44,3.37987648669237
Meta-LSTM PPO,4,45,3.7581090571810916
Meta-LSTM PPO,4,46,4.141921960344488
Meta-LSTM PPO,4,47,4.5591490203385225
Meta-LSTM PPO,4,48,4.970775395262064
Meta-LSTM PPO,4,49,5.302973736467688
Meta-LSTM PPO,4,50,0.2009444042937738
Meta-LSTM PPO,5,1,0.9261803076003065
Meta-LSTM PPO,5,2,2.0540301958653338
Meta-LSTM PPO,5,3,2.923919067461697
Meta-LSTM PPO,5,4,3.584410237013653
Meta-LSTM PPO,5,5,4.165920224712681
Meta-LSTM PPO,5,6,4.61202326893349
Meta-LSTM PPO,5,7,4.848342528901681
Meta-LSTM PPO,5,8,5.038767216628295
Meta-LSTM PPO,5,9,5.330029757195509
Meta-LSTM PPO,5,10,5.714614957644459
Meta-LSTM PPO,5,11,6.186292184066581
Meta-LSTM PPO,5,12,6.750859455525766
Meta-LSTM PPO,5,13,7.380354647722698
Meta-LSTM PPO,5,14,7.96753545476952
Meta-LSTM PPO,5,15,8.286824074192227
Meta-LSTM PPO,5,16,8.500697078587606
Meta-LSTM PPO,5,17,8.654959656658713
Meta-LSTM PPO,5,18,8.835470393662558
Meta-LSTM PPO,5,19,8.989445723512565
Meta-LSTM PPO,5,20,8.893682459720578
Meta-LSTM PPO,5,21,8.571140983184996
Meta-LSTM PPO,5,22,8.351178558053276
Meta-LSTM PPO,5,23,8.252088606403905
Meta-LSTM PPO,5,24,8.325559759743657
Meta-LSTM PPO,5,25,8.415651433262143
Meta-LSTM PPO,5,26,8.39068733004603
Meta-LSTM PPO,5,27,8.038316783774414
Meta-LSTM PPO,5,28,7.423721675011785
Meta-LSTM PPO,5,29,6.943138522401055
Meta-LSTM PPO,5,30,6.592086895488008
Meta-LSTM PPO,5,31,6.298637745885967
Meta-LSTM PPO,5,32,6.16169340051093
Meta-LSTM PPO,5,33,5.99677228428255
Meta-LSTM PPO,5,34,5.801238762404825
Meta-LSTM PPO,5,35,5.833753369696794
Meta-LSTM PPO,5,36,5.912547209743245
Meta-LSTM PPO,5,37,5.782185053730847
Meta-LSTM PPO,5,38,5.611250090986905
Meta-LSTM PPO,5,39,5.497007793147915
Meta-LSTM PPO,5,40,3.4766586756259303
Meta-LSTM PPO,5,41,3.212140365845188
Meta-LSTM PPO,5,42,3.528584756299043
Meta-LSTM PPO,5,43,3.83456140398051
Meta-LSTM PPO,5,44,4.259204449934786
Meta-LSTM PPO,5,45,4.7787749997711995
Meta-LSTM PPO,5,46,5.1680018969087
Meta-LSTM PPO,5,47,5.299028655713724
Meta-LSTM PPO,5,48,5.1059479721648815
Meta-LSTM PPO,5,49,4.7373527796721255
Meta-LSTM PPO,5,50,0.33481117874200933
Meta-LSTM PPO,6,1,1.3446753453623024
Meta-LSTM PPO,6,2,2.287525335651548
Meta-LSTM PPO,6,3,2.950196558099483
Meta-LSTM PPO,6,4,3.4773647659243645
Meta-LSTM PPO,6,5,3.853023425141
Meta-LSTM PPO,6,6,4.081315429857081
Meta-LSTM PPO,6,7,4.188106254525313
Meta-LSTM PPO,6,8,4.191461156702074
Meta-LSTM PPO,6,9,4.039982625526926
Meta-LSTM PPO,6,10,3.6110978472667186
Meta-LSTM PPO,6,11,2.963752798970303
Meta-LSTM PPO,6,12,2.4036829933538213
Meta-LSTM PPO,6,13,2.164250876547478
Meta-LSTM PPO,6,14,2.215620432277796
Meta-LSTM PPO,6,15,2.2623290832298073
Meta-LSTM PPO,6,16,1.9373452415529975
Meta-LSTM PPO,6,17,1.4795294428401766
Meta-LSTM PPO,6,18,1.296888498303636
Meta-LSTM PPO,6,19,1.1129878424156538
Meta-LSTM PPO,6,20,1.128640868669834
Meta-LSTM PPO,6,21,1.4078097979435826
Meta-LSTM PPO,6,22,1.7552662834778217
Meta-LSTM PPO,6,23,1.8918665011139464
Meta-LSTM PPO,6,24,1.79172177786073
Meta-LSTM PPO,6,25,1.4699682755864394
Meta-LSTM PPO,6,26,1.0868402215815685
Meta-LSTM PPO,6,27,0.8393494108595385
Meta-LSTM PPO,6,28,0.8997618398977922
Meta-LSTM PPO,6,29,1.006043892137011
Meta-LSTM PPO,6,30,0.9319222096554786
Meta-LSTM PPO,6,31,0.6980778755368657
Meta-LSTM PPO,6,32,0.4422394533161237
Meta-LSTM PPO,6,33,0.3231671689938766
Meta-LSTM PPO,6,34,0.3647257256568674
Meta-LSTM PPO,6,35,0.398707122596508
Meta-LSTM PPO,6,36,0.3715866071073001
Meta-LSTM PPO,6,37,0.3234330007003741
Meta-LSTM PPO,6,38,0.269786205115711
Meta-LSTM PPO,6,39,0.2466938617543371
Meta-LSTM PPO,6,40,0.3440945228623101
Meta-LSTM PPO,6,41,0.4597652766922652
Meta-LSTM PPO,6,42,0.5278075565029239
Meta-LSTM PPO,6,43,0.5496815632521017
Meta-LSTM PPO,6,44,0.5503277588437945
Meta-LSTM PPO,6,45,0.5241990488388472
Meta-LSTM PPO,6,46,0.5163877655552721
Meta-LSTM PPO,6,47,0.5923863515708195
Meta-LSTM PPO,6,48,0.6658876985398173
Meta-LSTM PPO,6,49,0.6010836334077602
Meta-LSTM PPO,6,50,0.3633037755825128
Meta-LSTM PPO,7,1,1.3810423919471686
Meta-LSTM PPO,7,2,2.543133834242345
Meta-LSTM PPO,7,3,3.311740421024448
Meta-LSTM PPO,7,4,3.93421881562976
Meta-LSTM PPO,7,5,4.572974325538252
Meta-LSTM PPO,7,6,5.134391435115836
Meta-LSTM PPO,7,7,5.297053757095087
Meta-LSTM PPO,7,8,5.170749995481478
Meta-LSTM PPO,7,9,5.057854214531472
Meta-LSTM PPO,7,10,5.067074002482264
Meta-LSTM PPO,7,11,5.109903591002069
Meta-LSTM PPO,7,12,5.104660009656672
Meta-LSTM PPO,7,13,5.107656459477526
Meta-LSTM PPO,7,14,5.26051728952324
Meta-LSTM PPO,7,15,5.472781411119742
Meta-LSTM PPO,7,16,5.499999902903147
Meta-LSTM PPO,7,17,5.26067970677988
Meta-LSTM PPO,7,18,4.851372407774256
Meta-LSTM PPO,7,19,4.343788640470434
Meta-LSTM PPO,7,20,3.924893502621133
Meta-LSTM PPO,7,21,3.7357790366642365
Meta-LSTM PPO,7,22,3.74700996977659
Meta-LSTM PPO,7,23,3.826653637929624
Meta-LSTM PPO,7,24,3.888256880802765
Meta-LSTM PPO,7,25,3.9333326464181164
Meta-LSTM PPO,7,26,3.9341100151039172
Meta-LSTM PPO,7,27,3.92323506641612
Meta-LSTM PPO,7,28,3.9277164419153188
Meta-LSTM PPO,7,29,3.9389855189717653
Meta-LSTM PPO,7,30,3.9869028660975556
Meta-LSTM PPO,7,31,4.069506238395863
Meta-LSTM PPO,7,32,4.0878408892845215
Meta-LSTM PPO,7,33,4.007332302891669
Meta-LSTM PPO,7,34,3.8789289116013124
Meta-LSTM PPO,7,35,3.75932939542596
Meta-LSTM PPO,7,36,3.539501244414734
Meta-LSTM PPO,7,37,3.283256201509653
Meta-LSTM PPO,7,38,3.305175172008342
Meta-LSTM PPO,7,39,3.4427783960381153
Meta-LSTM PPO,7,40,3.4415005363717004
Meta-LSTM PPO,7,41,3.565803535338816
Meta-LSTM PPO,7,42,3.8579606474588704
Meta-LSTM PPO,7,43,4.041598940830521
Meta-LSTM PPO,7,44,3.941252815487052
Meta-LSTM PPO,7,45,3.7528970071909753
Meta-LSTM PPO,7,46,3.5442827929416287
Meta-LSTM PPO,7,47,3.34386536946522
Meta-LSTM PPO,7,48,3.0715371439685137
Meta-LSTM PPO,7,49,2.906751164602845
Meta-LSTM PPO,7,50,0.37759484210264416
Meta-LSTM PPO,8,1,0.9541496978562152
Meta-LSTM PPO,8,2,1.8029575375077584
Meta-LSTM PPO,8,3,2.497571233896829
Meta-LSTM PPO,8,4,3.0165303381919135
Meta-LSTM PPO,8,5,3.485745715752614
Meta-LSTM PPO,8,6,4.077380626257327
Meta-LSTM PPO,8,7,4.766265088958902
Meta-LSTM PPO,8,8,5.484467519616001
Meta-LSTM PPO,8,9,6.183359822496489
Meta-LSTM PPO,8,10,6.855268116082313
Meta-LSTM PPO,8,11,7.491471407621349
Meta-LSTM PPO,8,12,8.069970066141234
Meta-LSTM PPO,8,13,8.586594037775699
Meta-LSTM PPO,8,14,9.049403382003746
Meta-LSTM PPO,8,15,9.440829529777083
Meta-LSTM PPO,8,16,9.744894579041922
Meta-LSTM PPO,8,17,9.986055239160759
Meta-LSTM PPO,8,18,10.19648055830212
Meta-LSTM PPO,8,19,10.338260600333868
Meta-LSTM PPO,8,20,10.345847910867887
Meta-LSTM PPO,8,21,10.240951740599797
Meta-LSTM PPO,8,22,10.092446666834611
Meta-LSTM PPO,8,23,9.913118283462932
Meta-LSTM PPO,8,24,9.72481311862706
Meta-LSTM PPO,8,25,9.566143319605885
Meta-LSTM PPO,8,26,8.33059702755004
Meta-LSTM PPO,8,27,5.686021031359174
Meta-LSTM PPO,8,28,6.066339102508085
Meta-LSTM PPO,8,29,6.4621575429320055
Meta-LSTM PPO,8,30,6.830623014739398
Meta-LSTM PPO,8,31,7.0792668729598605
Meta-LSTM PPO,8,32,7.137472837283674
Meta-LSTM PPO,8,33,7.0098573257879275
Meta-LSTM PPO,8,34,7.009819160414454
Meta-LSTM PPO,8,35,7.11761378297113
Meta-LSTM PPO,8,36,7.240924410145411
Meta-LSTM PPO,8,37,7.421855353891562
Meta-LSTM PPO,8,38,7.745988759439998
Meta-LSTM PPO,8,39,8.280706725966061
Meta-LSTM PPO,8,40,8.947977472113132
Meta-LSTM PPO,8,41,9.63578288419767
Meta-LSTM PPO,8,42,10.289987758246552
Meta-LSTM PPO,8,43,10.856081883034648
Meta-LSTM PPO,8,44,11.250548380545526
Meta-LSTM PPO,8,45,11.444703553149969
Meta-LSTM PPO,8,46,11.45399800514614
Meta-LSTM PPO,8,47,11.281788343495112
Meta-LSTM PPO,8,48,10.971470906508861
Meta-LSTM PPO,8,49,10.599839971182469
Meta-LSTM PPO,8,50,0.10592676767012482
Meta-LSTM PPO,9,1,1.324374805950412
Meta-LSTM PPO,9,2,2.454352702900853
Meta-LSTM PPO,9,3,3.2276809702397093
Meta-LSTM PPO,9,4,3.631898737562881
Meta-LSTM PPO,9,5,3.8347125452417417
Meta-LSTM PPO,9,6,3.9504859015744502
Meta-LSTM PPO,9,7,4.0394967005157945
Meta-LSTM PPO,9,8,4.1062720596784485
Meta-LSTM PPO,9,9,4.084377571004075
Meta-LSTM PPO,9,10,3.8436935532814966
Meta-LSTM PPO,9,11,3.4828743131290785
Meta-LSTM PPO,9,12,3.2007978137715574
Meta-LSTM PPO,9,13,3.0681336813113043
Meta-LSTM PPO,9,14,2.843312934428463
Meta-LSTM PPO,9,15,2.341915744585096
Meta-LSTM PPO,9,16,2.0531461468973693
Meta-LSTM PPO,9,17,2.1898177585692027
Meta-LSTM PPO,9,18,2.142829842033894
Meta-LSTM PPO,9,19,1.9954290886411183
Meta-LSTM PPO,9,20,1.9601150267014757
Meta-LSTM PPO,9,21,2.0607005890115517
Meta-LSTM PPO,9,22,2.3420329479209876
Meta-LSTM PPO,9,23,2.529350069859599
Meta-LSTM PPO,9,24,2.51467568214741
Meta-LSTM PPO,9,25,2.4447769692487573
Meta-LSTM PPO,9,26,2.343553101082463
Meta-LSTM PPO,9,27,2.335962656235894
Meta-LSTM PPO,9,28,2.458531040442524
Meta-LSTM PPO,9,29,2.5559897112727836
Meta-LSTM PPO,9,30,2.5023953289940097
Meta-LSTM PPO,9,31,2.2912081051618567
Meta-LSTM PPO,9,32,1.987268049925684
Meta-LSTM PPO,9,33,1.6528622961630142
Meta-LSTM PPO,9,34,1.3590182752889461
Meta-LSTM PPO,9,35,1.1609525191467707
Meta-LSTM PPO,9,36,1.083108993773411
Meta-LSTM PPO,9,37,1.098342363668437
Meta-LSTM PPO,9,38,1.0869901096834818
Meta-LSTM PPO,9,39,0.9268599022788842
Meta-LSTM PPO,9,40,0.5537939481464283
Meta-LSTM PPO,9,41,0.13639029729885713
Meta-LSTM PPO,9,42,0.12300051692112039
Meta-LSTM PPO,9,43,0.04856863041141963
Meta-LSTM PPO,9,44,0.4608669257449899
Meta-LSTM PPO,9,45,0.7809553389658482
Meta-LSTM PPO,9,46,0.856245356713725
Meta-LSTM PPO,9,47,0.5509736842839393
Meta-LSTM PPO,9,48,0.20564740237627754
Meta-LSTM PPO,9,49,0.06979137089750759
Meta-LSTM PPO,9,50,0.08507716920703005
