#{"t_start": 1765814157.4689934, "env_id": "Reacher-v5"}
r,l,t-55.409514,50,0.299794-5-59.222438,50,0.372762-5-66.765118,50,0.717937---64.578314,50,0.535087--57.000585,50,0.500932-62.884347,50,0.965034
-5-61.573898,50,0.671725-56.480493,50,1.158479-5-50.342323,50,0.845976-5-5-59.422696,50,1.0449---59.157241,50,1.403733----64.550418,50,1.29732---70.224499,50,1.181654-54.628766,50,1.468804------67.794105,50,1.468---59-62.540988,50,1.562-64.874146,50,1.748999
---60.578376,50,1.621719---64.365442,50,1.714833---62-55.740106,50,1.91-6---68.013763,50,2.092-5-5-58.517723,50,1.9942-6---67-62.138132,50,2.-6--6-57-55.806009,50,2.-6-55-60.-59.824587,50,2-6-66-68-55.650409,50,2.-7-57-63-61.992736,50,2.-6----61-65.319451,50,2-6--5-63.572391,50,2.600-57--56.863036,50,2.6859-6----64.612689,50,2.78-66---63.384336,50,2.869-62---58.23157,50,2.9571-56--58.25-53.978192,50,-58--57.411096,50,3.140-62.--65.88-61.930384,5-60.7--62.243019,50,3.32-62.9-5-59.96308,50,3.80-61--5-55.742787,50,3.-62.4---56.400886,50,3.5-60.7-5--5-58.907034,50,1-58.9----5-51.836924,50,1-67.---61-55.180343,50,18-5-61.-48.463212,50,18.45-6-60---57.852311,50,18.6-5-65.2-51.991661,50,18.6-5-57.-60.213663,50,18.74-5-64.2-57.202834,50,18.9--55.022876,50,19.306905--59.-5-51.078539,50,19.1--6-47--54.849363,50,19.2--59.4--56.266827,50,19.3--56.-5--55.560412,50,19.--5-5-5-56.969124,50,19.4--55.925709,50,19.867002--63.-64.165457,50,19.567--53.367259,50,20.053689----54-58.820987,50,19.8-6-6-5--59.606131,50,19.9-6-54-61.890369,50,19.938-5-57-57.070892,50,20.034-5-5---55.791881,50,20.11-4-6-5-53.161527,50,20.59-5--6--59.847313,50,20.68--6-57-62.041322,50,20.38----5-62.805209,50,20.601-----58.881929,50,20.7010--55-59.868615,50,20.7894--57.272246,50,20.763799---63.907037,50,20.976584--56.556537,50,20.939709--69.781339,50,21.031203----52.438676,50,21.2405--55.924658,50,21.595693-5-6-64.018308,50,21.2980---57.108026,50,21.782273---61.749295,50,21.488915---57.585541,50,21.585711---57-58.368536,50,21.789----5-61.901062,50,21.883-5-56.809534,50,22.243721-6-57.72-58.469125,50,36-54-55.969478,50,36.48154-5--53.05-52.365444,50,3--57-63.94-54.170867,50,3--65-56.515859,50,36.8687--54-62.980121,50,36.9657--6-46.852457,50,36.9426-5-6-63.4-53.750354,50,37-5-5-54.577639,50,37.1262-59.--64.936404,50,37.596--4-58.228179,50,37.42751--5-52.735682,50,37.5166---5-56.203826,50,37.60-56--63.652027,50,37.9606-5-51-48.324925,50,37.785-6--52-55.212593,50,37.75-5-54.-46.82565,50,38.22--61.5-52.20102,50,37.915--6--5-56.680562,50,38.11--5-51.675003,50,38.08718----51.710278,50,38.55269----58.570229,50,38.64711---49.093825,50,38.473711---47.11-52.0-60.942067,--5-56.397337,50,38.66014-56.818214,50-54.024848,5-51-66.838899,50,38.8401--64.448667,50,38.817875--59.154382,50,38.905972--5-54.2-58.315331,50,3-61-5-53.113395,50,39.21-57.-5-55.621527,50,39.30-57-66-54.421117,50,39.40-57-50-52.013512,50,39.49-55-58-64.053598,50,39.85-61-55-55.918282,50,39.68-56-53.167212,50,39.66004-62.-5-61.38221,50,39.861-49-5--54.502-51.2088,50,-59-6-60.203479,50,40.02-61.-6-57.176431,50,40.12-55.-55.143-54.981995,50,-54---55.575637,50,54.792-47-51.1821-51.540421,50,-51--56.874356,50,54.969-51.--54.149942,50,54.943-49.--57.834965,50,55.146-48---57.390758,50,55.241-53.-57.450811,50,55.2152-50-50.6925-50.546336,50,-52---49.88--51.864778,50-52--58.21607,50,55.49677-51--52.985324,50,55.7055-59--48.9508-43.989014,50-6--56.7768-53.024968,50,-3-44.95767-52.096573,50-58-55.844817,50,55.97293-4-52.2-47.2-59.392714,50-5-45.07295,50,56.283528--5-55.239285,50,56.64704--53.7-51.569532,50,56.34--55.613205,50,56.563424--59.43915,50,56.546678
--56.022379,50,56.761317---54.696882,50,56.855143-54.496816,50,56.826478
-56.177216,50,56.910398
---56.698753,50,57.1195-5-5-49.962183,50,57.2147-6-49.609547,50,57.194946---55.186109,50,57.289372-45.520608,50,57.959191
-54.-57.874-48.6442,50,57-5-5-48.21717,50,57.69032-5-57.9580-63.143607,50,5-49.370776,50,58.3337
-5-5-47.071949,50,58.2349-5---54.224494,50,58.0570-5--57.152563,50,58.03061-5--57.324245,50,58.12560-59---51.337572,50,58.204--4--52.938215,50,58.415-4-5-53.640632,50,72.8758-5-49.023823,50,73.348161-5-4--46.440198,50,73.18-4-55--54-55.159262,50,7-5-5-4--41.876723,50,73.2-42.9--49.647081,50,73.4-47.9-41.688776,50,73.444-40-4-45.150497,50,73.537-5--46.10236,50,73.634501---47.4-44.443342,50,73.8---4-45.9402-50.662991,50---55.6-48.398664,50,74.-5--45.8-50.491654,50,74.-4-46.992628,50,74.467293-4-51.259335,50,74.17954--55.036311,50,74.272183--52-46.-42.008577,50,74.--44.485-52.09568,50,74.5--51.823227,50,74.538967--51.4-50.526127,50,74.73--54.547851,50,74.707824-4-53.547721,50,75.17942---50.-45.832922,50,74.99--5-53.497337,50,75.36441---41.690267,50,75.066569-4-46.865484,50,75.16244-5--46.899689,50,75.23943-5-51.0320-47.540254,50,7-5-48-47.829364,50,75.546-4--51.551142-48.603939,5--43.309347,50,75.992269--48.483047,50,76.087591---46.827802,50,75.797909---52.2-53.717145,50,76.--51.-47.174777,50,76.085--49.-51.069716,50,76.184-45.7-53.005729,50,76.27--56.7-56.592992,50,76.3-38.34336,50,76.729042
-49-54.0-44.575718,50,76-51.-48.489647,50,76.528--40.-45.594464,50,91.039-48.-43.35-43.595253,50,9-45.--50.3-48.417117,50,9-44.-48-5-45.90186-39.251-44.258861-47.665915,50,9-43.-48.292423,50-41.83-48.611411,50,91.97809
-45.-5--46.-47.725981,50-44.506514,-36.36417,50,-45.25973-38.73-40.62101-44.8303-44.4121-50.38204-52.0-40--49.047-45.728-4-42.5919-50.695-47.776813-50.6-39-44.603-41.31787-42.95953-50.072-45.50368-49.72199-50.425-42.10957-42.09687-41.51-41.961-44-47.58547-41.240566,50,92-42.94218-39.33-47.190179-48.13772-45.538809,50,9-49.5281-57.913772,50,93.-41.8550-5-45.302744,50,9-42.67-48.673913,50,93-46-47.67-45.69212,50,93.585-42.195695,50,93.670896
-44.593368,50,93-49.80361-41.353926,50,93.858605
-46.-48.-47.074197,50,93.-48-46.0-47.053-50.97919-50.-50.0-45.0-52.646546,-43.030623,50,94.24095-43-52.808491,50-36.034807,5-45.-48.0-47.71651,50,94.-45.5165-48.544665,50,94.-42.-4-39.85068-49.579871-46.14-44.041799,50,94.29-46.-4-47.581402,50,94.39-44--47.-42.281997,50,94.-53.258422,50,94.970759
-48.70-42.522351,50,94.67-45.718003,50,95.163001--45.-45.122918,50,109.737-36.4-41.-40.660-43.75500-41-49-41-47.7662-38.93525-38.454-48.1935,50,109.625-48.46509-44.0082-43.249-37.844013,50,110.209961
-48.827777-37.77-41.50556,-43.475-39.755349,50,109.-39.1564-46.076239,50,110.-43.428-43.-34.-46.803733,-41.3-4-33.-42.088173,50,1-38.6-3-46-43.8-43.433948-47.9456-44.65-42.008778,5-45.7318-42.858-41.328458,-44.196-4-35.85-40.11114,-38.297--38.4-42.781727,50-45.728-44-43.131832,50,11-42.897073-37.6-43.294781,-44.841-42-42.248728,50,11-3-37.97-4-44.-40.629059,5-4-51.47-47.35-44.214794,5-51.5-41.989192,50,111.86-42.4175-4-45.011831,50,11-38.0369-35.785512,50,111.-46.1859--40.926896,50,11-38.6573-46.0418-39.400607-40.468-44.39866-45.451109-40.154-37.930829,50,111.8-35.304-45.46209-47.31895-40.9285,50,11-39.7223-3-39.8130-41.003085-41.4340-41.9623-34.07856,-35.0011-38.416-47.224621-45.94080-38.790-38.698492-49.5928-40.752966,50,112.901018--39.79417,5-46.617758,50,-33.57355-36-42.054618,50,-41.76465-40-38.89-43.5687-46.4525-45.-37.964674,50,-39.450--39.287-37.769745,-42.9673--3-51.658036,50,1-40.13286,5-39.-39.56421-42.782634-50.862-37.34249-48.03119-40.2515-34.77387-47.5495-38.80182-34.67842-38.6285-35.05805-42.3943--34.194-34.471998,50,128.1-34.780-39.77508-39.716399-30.743-37.84358,50,128.32-41.131443,-39.384429,50,1-37.71-38.-38.64-41.34008-38.429-34.5-38.5-40.80927-39.53-35.529177-43.68790-41.142-33.791633,50,128.7-39.273-35.277342,50,128.8-38.624-42.-42.14-37.6432--38.162-42.928276,50,129.0-46.24--39.769063,50,129.1-38.594-30.823518,50,129.2-33.769843,50,12-46.779719-48.423-3-35.207002,50,129-40.688-46.95154-38.91886-47.512412,50,129.988895
-45.440-47.564052,50,129.7-37.480-40.762294,50,129.7-36.819-40.778811,50,129.8-38.475-34.573475,50,129.9-47.064-37.396673-37.60421-44.919738,50,130-39.66399-31.08-31.290889,-39.81286-42.70-3-40-38.645479,50,-40.350-37.774492,50,130.-36.7790-42.09069,50,130.5-35.588-41.-37.902984,50,1-36.679-33.-36.553595,50,1-34.08-35.874187,50,130.80-44.013873,50,131.277611
-32.85-41.435316,50,130.98-36.36-35.5364,50,131.0627-36.-41.-40.283074,5-29.81-43.4829-40.163287,-44.327-39.886888,50,131.709071
-35.-36.629938,50,1-36.138-30.2151-31.407833,5-32.37-37.115487,50,146.5-36.576-28.-31.340239,50,1-30.350-34.-34.-38.143341,50,146--39.4-33.405823,5-39.2237--36.-31.151846,50,146.946--37.-37.856541,50-32.6714--38.546734,50,147-28.357-3-3-37.-36.037061-30.7464-3-39.484219,50,14-40.5634-33.--33.802553,50,147.394-3--38.862369,50,147.10981-2--33.818274-24.-33.72031-3--40.876254,50,-37.1599-27-33.88-34.9-36-29.50795-34-37.51-29.9248-44.12272-3--36.515171-40.-36.35725-34-35.71387,50,-36.766993-3-29.035485,50,-36.184851-3-3-28.885077,-37.048473,---31.280747,50,1-32.72239--37.523093,50,-33.906119,--32.86243,50,148.117929
--37.481-33.728-32.587914,-43.089802,50,148.29696
-36--31.7-37.312674,50,148-38.101378,50,14-38.23283,-30.588626,-38-39.87824,50-37.410272,50-35.676174,50-42.63753-39.-29.259673,50---39.421604,50,149.204395-3-43.336-36.0-32.108889,5-3-38.079176,-39.08047,50,-3-39.858051,-37.855937,50-34.928435,-3-29.923665,50--33.89926-37.629036,50,14-33.045501-37.256291,50,1-31.264843-35-31.753959,50-45.964294,50,149.535647--33.06454,-39.016725,50,1-2-36.176182,50,164.62199-27.230421,5-31.000013,50,-30.142491,5-26.851347,50,-28.711063,5-35.820608,50,-3-36.24244,-29.158592,50,-29.12609,50-32.360084,50---3-24.90352-29.21703,50,-34.45855,50,1-26.46312,5-37.745393,50,165.000227
-33.805829,5-35.928617,50,-25.152853,5-30.679822,50,-32.234404,5-32.099419,50,-31.280688,5-29.95119,50,-31.258428,50,1-31.999363,-30.437201,50,165.575139
-36.127637,5-29.015031,50-31.951405-31.767766,50,16-24.-30.78408-31.58672,50,-28.951181,--35.183617,50,-33.845087,5-33.142561,50,-30.515059,50,166.150321--30.591871,50,166.244437-31.511339,50,166.715126
-3-30.131862,50,-29.4256-32.974726,50,166.524547
-31.906648,50,166.624188
-31.475548,50,166.722494
-29.76156,50,166.81096
-30.36612,50,166-37.86808-38.-33-32.901414,50,167.3-36.055053,50,167-37.51963-25.308005,50,1-2-30.85061-32.701787,5-26.92-33.2149-35--33.048-31.98-33.25233-30.106505,50,167--32.686-30.653819,50,167.-29.2196-29.2-28.76839,50,-33.512-32.854434,50,167.734597
-35.-31.977687,50,168.2182-32.935172,50,167.9-30.148-27.802499,50,168.0-30.177-32.-28--27.950474,-26.21-26.671678,50,182.81-26.02-34.-28-26.388596,50,183.-34.604691,50,183.027099
-38.06541,50,183.1299-25.-35.3661-26.141418,50,183.-23.615043,50,183.32781
-29.990436,50,183.42-32-24-33.784095,50,183.52-26-2-28.993473,50,183.622442
-24.073397,50,183.721338-2-33.600638,50,183.8-25.695-33.072013,50,183.90867-3-31.769105,50,184.0-28.438-28.74191,50,184.103775
-25-31.136777,50,184.58245-31.017281,50,184.296463--33.2368,50,184.38023
-25.163543,50,184.473665
-36.981095,50,184.5-23.79-29.679727,50,184.666706
-27.917347,50,184.761304-2-31.467678,50,184.856618
-35.68736-32.493734,50,18-31.534315,50,185.04701-28-31.936-30.168198,50,185.5-29.290373,50,185.216046
-28.244033,50,185.3-26.221-26.833798,50,185.408572
-34.147785,50,185.513211
-33.15440-34.357937,50-32.-32.-28.927905,50-23.43842-32.783472,50,185.832-23.9-26.801756,50,185.930999
-29.56878,50,186.022945
-27.441928,50,186.122674
-33.497-33.407615,50,186.--28-30.130-25.9-27.9-28.11-34.484213,50,186.400021--24.670-25.100328,50,186.--2-28.-25.960987,50,186.9-30.049162,50,200.990772
-24.939807,50,201.090441
-29.315867,50,201.180932
-24.1-23.35752-29.757-22.7-33.299542,50,201.381116-2-31-2-27.174549,50,20-25.7-29.963021,50,201.575153-2-22-3-27.099721,50,20-28.-3-28.472444,50,-24.94070--26.951721,50,201.868654
--34.454692,50,202.3484
-28.242063,50,202.052242
-27.411544,50,202.145379
-23.270038,50,202.241797-2-25.675798,50,202.335793-2-26.084733,50,202.42045-27-26.686978,50,202.49851-28-26.586-27.096738,50,20-32-27.064-33.594061,50,-2-25-24.019366,50,202.77707-23-27.68-22.1875-23.75-3-26.-29.957655,50,202.9595-26.-27.939078,5-24.466253-3-22.103-28.029007,50,-27-23.241722,50,203.619325
--28.024147,50,203.325561--25.2430-27.8806-25.50174-23.225966,50,203.881699
-20.04162-24.329788,50,20--26.852254,50,203.677279--19.818443,50,203.763222--26.191143,50,203.849515--36.2125,50,203.934818
-30.064534,50,20-35.936051-26.729396,50,204.101898-2-30.444852-22.4-27.568242-27.11778,5-26.358165,5-2--27.240522,50,204.361468--29.32175,5-26.223568,5---23.114412,5-24.87125,50-2-25.925175,50,205.01026-21.028295,50,218.557028
-24-29.640575,-26.79873,50-24.720479,50,218.74227-21-30.708329,50-28.925962,50-22.747694,50,218.925085
-2-24.660232,50,219.397-21-26.083449,5--24.473149,50-25.459232,50,219.197201
-20.571522,50,219.29318
-26.979578,50,219.378948
-23.529049,50,219.467978
-27.770778,50,219.557017
-30.332226,50-29.9-28.1-27-22-24.88891,-23.436299-27-26.744125,50,219.833919
-2-22.253785,-23.5148-27.0-31.852011,50,220.012632
-26.488204,50,220.097-19.7-24.536091,50,220.180698
-26.635142,50-26.014868,50-25.074295,50,220.-26.-20.-27.046684,50,220.438804
-20.07157,50,220.520288
-22-28.63637,50,220.99-21.-27.646396,-26.917081,50,2--23.948017,50,2-28.13254-25.728452,50,220.879813
-21.038491,50,220.9717-23.-21.846018,50,221.061993
-17.833889,5-23.30513-26.7-20.913214,50,221.255-25.6-19.456605,50,221.346999
--22.017747,50,221.813638-21.538288,50,22-21.4-27.0-17.310463,5-27.59703-22.4-23.386493,50,-2-23.34216,-20.117175,50,2-29.478755,-23.263043,50,221.864795
-22.536653,50,221.949744
-24.095805,-22.929739-28.--22.60273-25.33535,50-26.--21.472205,50,236.513023--24.752566,50,236.614943--24.733219,5-19-20.04933-20.444418,5-24.353845,50-19-19.556237,50,236.89030-27-27.739233,5-2-18.54023-18-24.850876,50,237.07463-22-24.959867,5-25.440264,-20-23.353041,50,237.27225-21.828362,50,237.749391
-19-25.084985,50,237.44971-2-24.330759-18.746553,50,-2-21.872795,50,237.63391-20-18.33199,50,237.-17.10-1-22.046339,50,237.81199-20-22.048557,50,237.90361-23-24.524547,50,237.99610-21-21.263229,50,238.-24.9-18-22.796972,50,238.17988-24-23.17271,5-21.966854,-24-19.9729-24.820511,-23.-2-26.327237,50,238.47049--23.584358,50,238.561706--22.27-24.948174,50,239.0-28.0-2-15.018012,50,239.1--21.300642,50-22.97171,50--19.510327,50,238.914272--25.118279,50,239.00-21.2-22-25.890136,50,239.48191-25-19.131489,50,239.-22.-17.822502,50,239.270975
-26.925721,50,239.746826-19.605636,50,239.446339
-26.2462,50,239.538505
-20.074344,50,239.627976
-22.255675,50,2-2-24.41211-19.242-20.782733,50,240.1-24.398238,50,239.896726
-21.981-24.156853,50,240-2-20.630681,50,240.446343
-21.4--21.066132,-20.91559-19.486379,50,254.323171-21.098965,50,254.7-21.918-2-18.732505,50-17.172709-20-23.405124,50,254.61321-21-22.824274,50,254.71018-19-20.904158,50,254.8039--16-22.40598,50,254.895996-2-20.0-19.67355,50,255.3---18.272093,50,255.082818-2-19.15-18.065548,50,255--1-20.422757,50-21.876772,-1-19.738005,50,255.335781-1-19.170245,50,255.421925-1-21.556036,50,255.504781-1-21.980161,50,255.582157-1-21.902938,50,255.67273-20-22.616359,50,255.76241-19.191324,50,-20.166522,5-27-21-24.897631,50,256.31-1-32.499156,50,256.02647-20-19.15585,50,256.118474-1-18.588095,50,256.2034
-20.67656,50,256.67454-21-22.287019,50,256.387362
-16.625744,50,256.48044
-21.70445,50,256.558954
-21.139049,50,256.638888--25.658145,50,256.725199--14.6891-18.03991,50,257-2-14.24938-24.3501-17.743--26.341948,50,256.98387-24.2210-21.282383,50,257.--16.093119,50,257.151637-17.631901,50,257.-29.161-1-22.585135,50,257.-17.93-1-16.899598,50,257.407527-2-23.907038,50,257.495801-2-18.45-23.133502,50,2-16-16.579628,50,258.049291
--15.293061,50,257-25.3495--18.08187,50,257.832915
-19.93-17.04022,50,272.35-18.36456-16.860945,50,27-18.28224,50,272.147904
-20-19.539865,50,272.625-24.221752-16.825366,50,27-18.035431,50,272.4340-20.-22.404621,50,272.537804
-15.0-17.1-16.17696,5-18.-15.24-16.104843,50,273.-1-20.403035,50,272.808577
-23.375538,50,272.903695
-18.307908,50,272.997465
-19.307886,50,273.086381
-19.696024,50,273.181508
-21.135448,50,273.271975
-23.926132,50,273.369259
-16.065915,50,273.465835
-20.2-23.089441,50,273.936-24.4-17.015348,50,274.0--14.7-21.017465,50,274.-22-17.304923,50,273.81614-22-18.730707,50,273.9057-19.-16.541354,50,274.002491
-17.50690-15.014803,50-17.-18.337476,50,274.176774
-17.375824,50,274.267889
-16.595709,50,274.35-16.75-19.313291,50,274.450-15.4-14.356982,50,274.53969
-19.75918,50,274.625385
-21.010468,50,274.70927
-15.906945,50-20.886934,50-14.62224,50,274.88408-20-24.328343,50,274.977707
-19.68-18.24913,50,2-20.99-18.291867,5-15.551104-16.-19.328195,50,275.249282
-26.224231,50,275.346294
-21.17295-20.534426,50,275-17.340035,50,275.525951
-15.331526,50,275.598686
-15.83652-18.840359,5-15.-21.972577,50,289.816231
-16.772367,50,289.900502
-15.794483,50,289.9839-12.-13.91321,50,290.07-17.98-20.389076,50,290.169784
-15.745488,50,290.258928
-16.70845,5--14.790238,-1-16.117118,50,290.435403
-15.220592,50,290.51873--18.015404,50,290.6176-18.-16.836729,5-14.644125-18.-21.36494,50,290.794734
-16.253436,50,290.88869-18-14.152792,50,290.982933
-12-20.712674,50,291.45-1-17.773618,50,291.151546
-11.-12.610-14.270126,50,2-17.441642,-16-16.924787,5-20.667943,50,291.398362
-17.4643,50,29-14.9021-1-16.876165,50,291.567931
-17.8-12.641307,50,292.035-22.500509,50,291.744466
-18.6-17.243008,50,292.208-19.7-13.4-16.988098,5--11-16.746051,50,291.993851
-19.06581,50,292.084873
-18.497628,-12.919308,50,2-17.806859,50,292.258534
-19.908743,50,292.339596
-22.7-17.-17.717528,50,29-14.853183,50,292.508019
-18.290058,50,292.595797
-18.537547,50,292.67036
-17.748665,50,292.753538
-14.993591,50,292.837738
-14.582633,50,292.915929
-17.311778,50,293.002037
-20.851497,50,293.099478
-19.051073,50,293.180796
-10.303209,50,307.196801
-15.510008,50,307.291913
-15.12-22.724695,50,307.76-20.18-16.191302,50,307.86-15.073092,50,307.573921
-16.809459,50,307.670436
-20.849332,50,307.756253
-14.1-13.511926,50,308.23-12.741786,50,307.934677
-18.13-17.379665,50,308.4-16.071-16.445616,50,308.4-16.072031,50,308.197349
-16.930406,50,308.277302
-20.289051,50,308.372852
-15.632656,50,308.466845
-17.973156,50,308.563021
-13.3-19.072393,50,309-16-15.960504,50,308.733584
-13.3-19.096914,50,309.199-12.632522,50,308.905423
-17.4-20.272787,50,309.378-12.720727,50,309.075587
-13.69748,50,309.157997
-18.106678,50,309.234445
-20.572707,50,309.315844
-18.978307,50,309.414256
-19.863691,50,309.508805-2-13.662001,50,309.588859
-15.535795,50,309.669955
-17.58049,50,309.76245
-15.644729,50,309.848894
-17.703478,50,309.943791
-15.916099,50,310.033973-1-16.681415,50,310.117891
-17.34985,50,310.20545-15-18.121969,50,310.-15.8-18-15.132572,50,310.380767
-16.188469,50,310.464448
-20.13-14.015731,50,310.93-15.378963,50,310.636458
-18.75-13.403679,50,311.0-12.797-14.854227,50,325.0-14.7121-17.556651,50,325-17.139716,50,324.858774
-13.732957,50,324.955629
-15.187399,50,325.039598
-14.127122,50,325.121437
-14.088952,50,325.215089
-11.882856,50,-12.443083,5-11.058748,50,325.402853
-15.731595,50,325.490323
-14.760-13.280436,50,325.9-20.321134,50,325.66-13.92-11.431657,50,325.764555
-13.261803,50,325.8545-12.-16.416091,50,325.949547
-10.-1-18.848269,5-20.57---14.795196,50,326.128855
-10.927518,50,326.210864
-11.339576,50,326.302872
-14.693129,50,326.393371
-18.392659,50,326.488681
-13-14.918196,50,326.9-13.-11.199147,50,326-14-12.24-10.-10.544429,50-16.23474-13.402548,50,326.84399
-13.-15.211916,50,327.-12-14.072739,50,327.018913
-15.768665,50,327.112-13.8-2-17.096769,50,32-11.2727-19.424972,50,327.292606
-14.279663,50,327.398165
-12.-16.119702,50,-13.4297-1-1-19.296333,50,-13.6420-17.-18.174111,50,328.0564-13.955823,50,327.757566
-14.878502,50,327.846039
-1-14.121865,50,328.310952-13.683377,50,328.021004
-1-10.994367,50,328.489759-13.905569,50,328.1889-13-14.776194,50,328.266978
-13.334364,50,342.493182
-13.109259,5-16.16814,50,3-11-15.656224,50,3-14.4704-19-10.952427,50,343.15038-13.657146,50,342.838886
-16.182784,50,342.931383
-15.590376,50,343.022624
-12.499248,50,343.114735
-13.012975,50,343-11.46277-15.298945,-11.16-12.51795-15.583541,50,34-15.82032--12.091053,50,343.451364
-11.378335,50,343.5488
-16.138146,50,343.629823
-14.753749,50,343.720498
-11-13.766788,50,344.19641-13.940182,50,343.906296
-1-16.0686,50,344.372454-14.139786,50,34-10.867653-12.558524,50,34-13.039675-11.885682,50,344.238809
-15.956908,50,34-15.10297-11-13.589865,50,344.7933-1-14.342704,50,344.503953-12.-13.009168,50,344.973-13-11.827323,50,344.67277-13-16.189803,50,344.7599-13.-12.214735,50,344.836-12.531912,50,345.314535
-1-19.886905,50-15.331728,-1-11-10.717086,50,345.113-11.--15.436124,50,345.20-14.47-16.056647,50,345.28-17-12.431043,50-13-12.964-9.--11.112001,50,345.4-10.828-15.539835,50,345.5-17.485-13.025932,50,345.6-14.330584,50,346.082793
-11.526324,50,346.17-15.19-11.844168,50,346.25-15.31-14.--15.998123,50,345.961-14.--17.555439,50,360.109-12.187145,50,360.5-11.814-10.823366,50,360.682018
-15.-12.826774,50,360.7751-10.--9.489869,50,360.4829-10.243303,50,360.952206
-13.996915,50,361.042745
-13--7.921361,50,360.74591-9.-12.380512,50,360.8405-11.582876,50,36-11.755433-13.816183,50,361.400929
-18.-12.528268,50,361.1120-13.-10.095686,50,361.199-13.614241,50,3-16.676317,-12.-11.045027,50,361.3938-11.334992,5-11.830374,50,-15.926691,50,361.949837
-13.-16.887434,50,361.6478-8.2-12.026445,50,361.733-14.--13.995146,50,361.826-11.702697,50,362.305696
-11.-11.804115,50,362.008--12.602805,50,362.483112--14.995719,50,362.575644-1-11-14.232981,50,362.285-1-11-11.535593,50,362.37-14--11.095011,50,362.8544--12.-14.232174,50,362.559--11.-13.345848,50,362.63-18-16.680761,50,363.10632--1-13-9.518695,50,362.815--10.064588,50,363.28486
-12.-12.845962,50,362.9858-14.-12.875247,50,363.068--15.29548,50,363.543532
-17.--15.904961,50,363.246-13.8-13.656059,50,363.33-10.17573-12.783807,50,363-11.74578-14.429665,50,363-16-12.58-8.694802,50,363-11.78699-17.317225,50,363-16-10.908121,50,377.80697-8.4-11.141046,50,378.282-16.9254-12.094118,50,377-10.3-9.778425,50,378.0745-11.-12.-12.810466,50,378--16.657136,50,378.642972--16.-10-15.967155,50,378.-9.55-8.330401,50,378.438-1-11-14-10.81801,50,378.-9.-13-13.171464,50,378.-11.0-10-9.951198,50,378.-12.1-14-12.877986,50,378.-11.8-9.96-11.184249,50,37-11-11.3-10.379113,50,378-10.-11.-1-8.530783,50,379-9.8-10-8-18.327907,50,37-14.72135-14.755775,50,379-10.4-1--8.547611,50,379.6-14.0-1-10.841313,50,379.3-15.1---15.253143,50,379.8-9.411985,50,-15.324153,5-11.-2-13.248418,50,379.6-9.62--15.609108,50,379.7-9.264----15.717-10.87198-13.994--17.-10.293288,50-11.75119-9.844548,50,379.-12.185--15.9-12.455316,50-15.319--13.2-1-17.018889,-15.0177-16.703-9.914825,5-15.9-10.302333,50,380.736-15.6-11-15.043439,50,380.-11.5-11.956963,50,380.916-12.7-11.2-8.-14.224865,50-11.3-9--11.3-16.428501,5-8.03318,50,381.366053
-16.388-1-13.551391,50,380-15.879--9.921118,50,380.9-12.04-1-12.094832,50,381-15.556---16.533262,50,381-17.604--10.948742,50,381.-13.95--18.587071,50,381.3-9.020--8.105011,50,395.-12.324-10.161706,50,395.5-16.370--12.287878,50,395.-14.32-10.101166,50,395.67-9.259-1-8.857657,50,39-8.53670-11.50119,5-10.08-10.738796,50,3-9.452838,5-13.626--8.23895,50,396.02-12.74--12-13.327669,50,39-10.0-14.441826,50,396.205-15.101858-13.793898,50,39-11.6--13.-11.613199,50,39-10---9.-15.0289-6.806923,-15-12.598426,50,396.56282-14.-11.696532,50,396.6485-8-10.234095,50,396.7446-14.-14.200825,50,396.8397-13.-12.01737,50,396.92731-7--12.600188,50,397.0012-9.-7.3827,50,397.088828---13.436335,50,397.17437-1-10.972172,50,397.26055-1-11.562586-13-9.082884,5-8-1-8.0-12.036882,50,397-9.-10.36811,-8.206181,50-11-11.73-15.187883,50,397-19-12.342498,50,397.70554-8.-9.895542,50,397.7814-11.-10.74223,50,397.872-12.5-10.851751,50,397.956-10.6-8.988127,50,398.0459-16.1-8.669249,50,398.1474-11--11.856611,50,398.2396-12--8.388295,50,398.31180-1-12.928715,50,398.40136-9.40-12.753298,-16.57222-12.3-10.45971-9.57838,50,-9.30-12.077581,50,398.67-10.1-10-9.661521,50,399.-10-7.-14.173242,50,398.84-18.3--10.586486,50,398.9--1-8.9-8.889742,50,413.2-9.-8.1-12.101601,50,413.-8.-12.-10.263294,50,413.-8.1-9.0-10.65855-13.7537-9.5-8.562-12.825543,50,4-7.4-9.5507-13.075978,50,-8.6-6.343523,50,413.8594-8.330619-9.87864,5-9.345-14.-9.3-10.384894,50,414.-8-13.081-14.487039,50,41-8.-8.8504-15-16.56172,50-8.-8.899102,50,-11.17417-9.-9.702927,5-13.32915-14.0-9.086556,5-9.656647-11.6-10.396694,-10.770185-12.0-8.796834,5-11.59465,-8.1-6.897132,5-6.524059,-10.002498,5--7.323646,50,-8.-13.06718-8-12.236498,-15.-15.456075,50,415.1121-14-7.429481,50,4-8.779785-1-14.58323,50-10.804608,5--10.235556,-9.384033,50,-9-10.402766,5-9.918148,5-9.221486,50,4-8.08176,5-14.-8.759969,-10.510996,5-9.-12.882271,-13.718368-13.426515,50,416.412722
-7.-12.054568,50,41-11.30-17.-7.312838,-15.084435,5-15-9.706164,5--8.393485,5-1-8.37088,50-10.146543,50-9.769367,50,-13.813413,5-10.819746,50,-11.798677,5-14.460303,5-1-9.506583,50-10.279133,50,416.5-13.114-8.5146,50,-8.644402,50-7.625666,50,41-14.429784-13.264175,50-15.475729-9.-10.18832,50,41-15.275562-8.762719,50,417-13.01162-8.775722,50,43-10.819203-8.857379,50,43-9.943729-7.344342,50,432.286533
-8.138473,50,432-11.94135-9.425085,50,432.-9.48648-6.498534,50,432.55868-9.-9.69101,50,432.-8.48498-14.382442,50,432-7.20322,-7.774557,50,432.8483
-9.0166-9.059113,50,-8.63-8.03226,50,433.037055
-12.693627,50,433-10.0069-7.510658,50,433.227539
-8.887889,50,433.3-10.191-8.893581-7.086287,50,4-9-13.94616,50,433.495-7.97-7.708934,50,433.589-9.6--8.641802,50,433.653-14.6-14.74864,50,433.738-11.1-10.364956,50,433.835-11.1-13.779229,50,433.932-13-8-10.873497,50,434.027-12.5-8.263608,50,434.116879
-8.160731,50,434.206978
-14.313477,50,434.301586
-9.245452,50,434.3958-12.-10.639431,50,434.48857
-13.25718,50,434.5822-6.6-14.050295,50,434.673465
-13.003367,50,434.75-14.97-9.651835,50,434.842572
-8.708201,50,434.9-8.56-1-12.837049,50,435.018659
-8.05-7.217,50,435-10.513-11.256338,50,435.--7.8618-8.478213,50,435.2-8.672-9.123755,50,435.38-12.48-5.878603,50,435.48-6.631-8.533688,50,435.58-13.91-8.44487,50,435.6754-18.-14.739645,50,435.762331
-11.533514,50,450.378-9.63-11.75262,50,450.467-10.3-10.100644,50,450.558-14.-7.110394,50,450.649738
-8.43484,50,450.748583--12.202845,50,450.8365-8.6-8.742904,50,450.9283-9.3-9.322882,50,451.0215-6.9-7.784169,50,451.1161-7.3-8.136075,50,451.2138-7.-11.617313,50,451.30-15.73-12.521848,50,451.403584
-11.61661,50,451.49-9.306-9.04543,50,451.596-7.86-10.001467,50,451.692267
-13.048392,50,451.78-13.42-11.859493,50,451.886934
-14-12.191549,50,452.55078-11.302446,50,452.06-7.641-8-7.566334,50,452.724417-14.834548,50,452.23-9.098-13.82487,50,452.32-12.96-9.147343,50,452.426-6.00-7.6007,50,452.52262-12-10.058148,50,452.618193
-10.227195,50,452.7179-6.9-10.585031,50,452.803481
-9.598124,50,4-13.-11.437-12.594796,50,452.9-6.2361-10.740507,50,453.-10.6084-8.912436,50,453.177433
-9.187855,50,453.2-9.526--9.308645,50,453.341631--15.754361,50,453.4-7.403--7.889375,50,453.5-9.0771-9.234184,50,453.-6.578-8.078271,50,453.-13.735-10.-7.157194,50,454.3-8.6-7.743689,50,453.8-12.364-14.061766,50,453.96835
-14.187376,50,468.2-8.1118-8.328451,50,468.3-8.8936-11-9.752849,50,46-6.53792-9.888379,50,468.536324
-13.077849,50,4-10.05327,5-9.557276,50,4-7.248177,5-7.170905,50,4-10.599201,-14.367865,50,4-6.97057,50-9.-11.3244,5-10.061012,5-9-14.359252,5-9.276744,5-7.948163,50,4-15.589737-11.342551,50,46-12.972922-12.71456,50,46-10.499826-6.721959,50,469.402774
-8.970132,50,469-12.84022-9.265073,50,469.572507
-10.535745,50,46-9.771931,-7.550774,50,469.747951
-6.210052,50,4-12.093785,-7.934564,50,469.916385
-5.214138,50,47-6.0-6.075-7.220936,50,47--9.46908,-11.022309-7.347527,50,470-8.273552-8.341-9.79441,5-9.429771,50,4-7.110318,5-8.620234,50,4-7.02961,50-7.651375,50-7.249043,50-10.14596,50,-9.27162,50,-9.968731,5-10.114597,50,-12.236635,-9.583171,50,47-14.058952,50,470.854105
-8.266408,5-7.780543,50,4-11.465465,-12.717127,50,4-8.880062,5-7.551061,50,4-6.701-7.66-7.157824,50,4-11.011108,-9.61215,50,47-7.288431,-11.825355,50,4-8.351655,5-8.267107,50,4-8.74639,50-5.626114,50,-7.250191-12.657795,50,47-16.08649,50,471.743513
-14.491638,5-10.559277,50,-7.196007,50,486.024947
-10.101453,50-12.206603,50-7.868812,50,-10.701545,5-11.325774,50,-9.984199,50-10.491642,50-9.548023,50,-9.201745,50-15.30445,50,-6.374284,50,486.587827
-11.175474,5-7.582998,50,4-6.922153,5-9.556051,50,4-7.587434,5-12.672698,50-9.59945,50,4-12.259202,-7.419489,50,48-11.481797-8.265019,50,487.164298
-8.07879,50,487.-7.5803-8.675362,50,487.3-13.214-7.633614,50,487.4-8.3471-7.296407,50,487.568615
-9.825744,50,487.-9.2236-12.450454,50,487-9.446863-7.439145,50,48-8.534708,-9.909352,50,48-8.710972,-13.464891,50,4-11.784362-4.171635,50,488-12.4766-7.22314,50,488.237874
-8.413219,50,488.33-8.403-6.816443,50,488.43-7.465-8.883573,50,488.5-9.2320-9.227914,50,488.6-13.155-7.779832,50,488.72-4.616-6.810013,50,488.82-8.276-8.215942,50,488.9-6.9436-13.765147,50,489.-8.32474-6.383188,-8.135-7.976376-7.495259,50,489-9.813359-9.698321,50,489-12.85949-7.795258,50,489-5.81117-9.508302,50,489.481475
-9.548527,50,489.579848
-6.148897,50,489-8.27702-10.329006,50,489-7.143147-8.834787,5-8.299634,50,5-7.96026,50,504-9.373212-7.624879,50,504-10.26603-7.009351,50,504.-5.86278-9.367801,50,505.-7.04075-8.74583,50,505.169917
-7.979492,50,505.261564
-7.115707,50,505.35-10.50-6.32024,50,505.445736
-5.761233,50,505.52946-10-8.128126,50,505.623851-6-9.224439,50,505.72119-10-7.05841,50,505.821612--7.768005,50,505.91644-6.-7.535496,50,506.0143-10.-10.64733,50,506.10920-13-17.633542,50,506.20597-9.-7.687041,50,506.301574
-6.582302,50,506.39891-7.-10.319851,50,506.49-4.179-8.696242,50,506.594437
-10.09765-12.651416,50,507-8.428683,50,506.787554
-6.114028,50,506.8-8.9628-9.128847,50,506.984416
-11.011402,-10.130454,50,5-10.978852,50,507.-9.09205-12.130436,50,507-9.402708-9.465009,50,507-6.716685-9.264863,50,507-11.31381-10.819483-7.4236-11.08742-5.61083,50,507.6-9.3130-10.414753,50,507.-13.5955-9.347176,50,507.848267
-8.081091,50,507.9-7.85-11.064032,50,508.04-6.826-7.010316,50,508.14-9.806-12.861152,50,508.240933
-3.795566,50-12.280-10.45-10.479629,50,508.43-12.49-12.234081,50,508.528235
-8.220054,50,523.-8.47832-13.093313,50,523.224698
-9.522011,50,523.309206
-7.290407,-10.197736,50,5-6.977536,50,523.50321
-14.94789,50,523.5-10.676-9.021912,50,523.69-8.09-7.022983,50,523.782-10.0-6.619385,50,523.875064
-7.696811,50,523.972333
-11.58201,50,524.060873
-7.243681,50,524.14643-7.-9.049225,50,524.240794
-7.526433,50,524.33212-8-15.487107,50,524.42332-10-8.051788,50,524.51839
-14.360801,50,524.6116-7.8-6.64244,50,52-6.919283,-8.838144,50,524.79081-8.-8.797629,50,52-5.210043,-8.789934,50,524.9781-11.-13.595804,50,525.072-5.97-9.91395,50,525.1582-10.-6.935655,50,525.24814-8.-6.837507,50,525.333384
-9.385372,50,525.427539
-7.609586,50,525.520813-9-7.093835,50,525.607304-7-7.14514,50,525.696488--10.26751,50,525.793727
-5.343536,50,525.891079--12.922542,50,525.988834
-12.9602,50,526.0-5.5-8.-14.008025,50,526.-6.76453-15.277067,50,526.26-5.090-6.963937,50,526.35-7.269-10.821885,50,526.-13.2881-8.266096,50,526.5-11.56-7.528778,50,526.617-4.12-14.408395,50,526.7-8.1889-10.232698,50,526.791705
-6.401818,50,541.-7.8731-7.244779,50,541.6-4.5999-8.879905,50,541.7-8.9469-7.946334,50,541.81847
-8.635206,50,541-6.-6.643-14.198212,50,542.013656
-6.665475,50,542.1-6.7457-9.3071,50,542.202845
-6.122713,50,542.29-8.214-8.084534,50,542.39-5.126-11.608225,50,5-8.4-5.831-8.798622,50,542.569816
-7.096376,50,542.65-7.21-6.517253,50,542.752-4.90-7.428227,50,542.838-7.43-5.489602,50,542.93-10.38-7.186193,50,543.018849
-12.286226,50,543.116308
-6.010184,50,543.211929
-3.876077,50,54-5.40-5.64-8.725143,50,543.394-5.90-7.456968,50,543.488848
-5.316467,50,543.579-10.5-13.138404,50,543.674-6.72-5.728672,50,543.768-6.0-7.014058,50,543.866504
-8.644685,50,543.96065-9.-6.90263,50,544.053915
-10.375081,50,544.14764--6.689176,50,544.242383
-14.914845,50,544.332804
-8.286908,50,544.42371-13-8.575317,50,5-7.407929-5-8.65789,50,544.605666--8.366798,50,544.69985
-6.981695,50,544.794651
-6.708272,50,544.888468
-6.804214,50,544.976384--11.737388,50,545.064287-7-5.062236,50,545.160354
-5.985947,50,545.256461-7.776653,50,545.26146-7.-6.530722,50,545.251062
5
39,50,545.591343
