time/fps,time/time_elapsed,rollout/ep_rew_mean,rollout/ep_len_mean,time/total_timesteps,time/iterations,train/learning_rate,train/policy_gradient_loss,train/explained_variance,train/std,train/n_updates,train/entropy_loss,train/clip_fraction,train/value_loss,train/loss,train/clip_range,train/approx_kl,eval/mean_ep_length,eval/mean_reward
5545,0,-1190.8826377999999,200.0,2048,1,,,,,,,,,,,,,
3611,1,-1144.3174963000001,200.0,4096,2,0.0003,-0.002291180410247762,0.008196055889129639,0.9880203604698181,10,-1.4113397173583508,0.0232421875,8748.601782226562,4132.3212890625,0.2,0.0036137225,,
3236,1,-1136.6004046,200.0,6144,3,0.0003,-0.0012422732172126417,0.19428658485412598,0.971548855304718,20,-1.3981007482856511,0.004541015625,6994.148213195801,3024.361572265625,0.2,0.0020371857,,
3085,2,-1138.3915958999999,200.0,8192,4,0.0003,-0.00447088315122528,0.07235896587371826,0.9658660292625427,30,-1.3882449105381967,0.0376953125,7012.878254699707,3094.134765625,0.2,0.005477583,,
2980,3,-1176.4663676470589,200.0,10240,5,0.0003,-0.003686397736601066,0.019009888172149658,0.9566751718521118,40,-1.3791803151369095,0.04697265625,7326.250978088379,3456.409423828125,0.2,0.00601751,,
2922,4,-1153.960650885246,200.0,12288,6,0.0003,-0.0020177215163130315,0.0032986998558044434,0.9477978944778442,50,-1.370478281751275,0.02216796875,9678.673538208008,4174.3212890625,0.2,0.0035149497,,
2872,4,-1162.0752438873242,200.0,14336,7,0.0003,-0.002026771067176014,0.005700409412384033,0.9310227632522583,60,-1.3554626774042844,0.0162109375,5957.870834350586,2868.864990234375,0.2,0.0024323247,,
2851,5,-1178.1941433703705,200.0,16384,8,0.0003,-0.0018790525733493268,0.0017861723899841309,0.9313514232635498,70,-1.3480595648288727,0.013330078125,7968.647538757325,4053.170166015625,0.2,0.0032331068,,
2825,6,-1173.2589084673914,200.0,18432,9,0.0003,-0.0016044202144257723,0.0009325146675109863,0.9103946685791016,80,-1.3354164902120829,0.00380859375,8344.034005737305,4275.45166015625,0.2,0.0021364454,,
2813,7,-1169.8685116700003,200.0,20480,10,0.0003,-0.0016290983723592945,0.0014824271202087402,0.9114343523979187,90,-1.326398118957877,0.013134765625,6568.353671264648,2819.54833984375,0.2,0.0021630062,,
2797,8,-1171.01567033,200.0,22528,11,0.0003,-0.0015224949849653058,0.0008701086044311523,0.8967462182044983,100,-1.3183842971920967,0.006201171875,6835.915591430664,3517.845458984375,0.2,0.0025109416,,
2789,8,-1204.2774969799998,200.0,24576,12,0.0003,-0.0017443039425415919,0.0007029175758361816,0.8853296637535095,110,-1.3022399548441173,0.0208984375,6766.826254272461,2935.7294921875,0.2,0.0023641724,,
,,,,25000,,0.0003,-0.0024148857715772464,0.0005638003349304199,0.8729645013809204,120,-1.2908754106611013,0.015380859375,8619.299111938477,4277.68798828125,0.2,0.0025192648,200.0,-1149.830760394782
2734,9,-1204.6222622,200.0,26624,13,,,,,,,,,,,,,
2733,10,-1206.5153367399998,200.0,28672,14,0.0003,-0.0006486032230895944,0.0005168318748474121,0.8709481954574585,130,-1.2818907782435418,0.006884765625,5896.67322845459,2562.359130859375,0.2,0.0011284151,,
2728,11,-1207.8208170599999,200.0,30720,15,0.0003,-0.0006288540906098205,0.0002613663673400879,0.868961751461029,140,-1.2797121424227953,0.006591796875,7381.888314819336,3231.389892578125,0.2,0.0019603916,,
2728,12,-1199.5155621099998,200.0,32768,16,0.0003,-0.0038127831227029673,0.0003161430358886719,0.871161937713623,150,-1.2782661698758602,0.033837890625,6577.233386230469,3034.06689453125,0.2,0.004491655,,
2722,12,-1207.46329549,200.0,34816,17,0.0003,-0.0028843226216849873,0.000307619571685791,0.8878345489501953,160,-1.2926360312849283,0.020654296875,4887.979544067382,2387.301025390625,0.2,0.0035263516,,
2723,13,-1190.6108611500001,200.0,36864,18,0.0003,-0.003095004355418496,0.00015503168106079102,0.8727657198905945,170,-1.2904965713620187,0.033935546875,6075.86396484375,2684.2021484375,0.2,0.0032342873,,
2719,14,-1186.02967464,200.0,38912,19,0.0003,-0.0019141261596814728,0.0001831650733947754,0.864725649356842,180,-1.2794634602963924,0.01103515625,4923.878681945801,2095.20947265625,0.2,0.002879869,,
2718,15,-1175.6937687399998,200.0,40960,20,0.0003,-0.002557294545840705,0.00011992454528808594,0.8689208626747131,190,-1.2774939753115178,0.018896484375,4537.107652282715,2050.755126953125,0.2,0.0033124934,,
2715,15,-1184.58119794,200.0,43008,21,0.0003,-0.001880607649218291,7.56382942199707e-05,0.8828625082969666,200,-1.285120901837945,0.02119140625,5362.50885925293,2325.595703125,0.2,0.0038954164,,
2715,16,-1179.48096413,200.0,45056,22,0.0003,-0.002650625957903685,5.424022674560547e-05,0.8925851583480835,210,-1.2989708736538887,0.0203125,5557.495701599121,2178.839599609375,0.2,0.004036043,,
2712,17,-1174.46548545,200.0,47104,23,0.0003,-0.005256151828507427,5.435943603515625e-05,0.9074394702911377,220,-1.3132186986505985,0.03154296875,5234.059227752686,2162.255126953125,0.2,0.0044274973,,
2713,18,-1148.7653079900003,200.0,49152,24,0.0003,-0.0015240640277625062,5.9545040130615234e-05,0.8934831619262695,230,-1.3130604404956103,0.023828125,4485.727543640137,2054.68408203125,0.2,0.003358265,,
,,,,50000,,0.0003,-0.001605248192208819,6.020069122314453e-05,0.907347559928894,240,-1.3122695434838534,0.026708984375,3162.5206035614015,1461.314208984375,0.2,0.0034909304,200.0,-1036.8221466965974
2690,19,-1132.88092993,200.0,51200,25,,,,,,,,,,,,,
2692,19,-1144.49870315,200.0,53248,26,0.0003,-0.0029143610066967086,3.743171691894531e-05,0.8947349190711975,250,-1.3163060467690229,0.02041015625,3602.6036628723145,1338.4013671875,0.2,0.0032160545,,
2690,20,-1134.72070502,200.0,55296,27,0.0003,-0.0009903149344609118,1.5556812286376953e-05,0.8874444961547852,260,-1.3040495704859496,0.010546875,4772.0618301391605,2264.787109375,0.2,0.003212222,,
2691,21,-1132.6899309,200.0,57344,28,0.0003,-0.0010989241432980633,2.9921531677246094e-05,0.8962262868881226,270,-1.3052290584892035,0.010009765625,3985.315901184082,1814.5911865234375,0.2,0.002236893,,
2689,22,-1145.7943621799998,200.0,59392,29,0.0003,-0.0010478026437340305,2.3066997528076172e-05,0.8967307806015015,280,-1.3100990153849126,0.019482421875,3258.931906890869,1645.3729248046875,0.2,0.0037707645,,
2691,22,-1140.17762222,200.0,61440,30,0.0003,-0.0023897059727460146,2.014636993408203e-05,0.8930138349533081,290,-1.3083775710314511,0.0263671875,4170.548997497559,1749.3115234375,0.2,0.0030543515,,
2690,23,-1135.11994966,200.0,63488,31,0.0003,-0.0008885153860319406,1.817941665649414e-05,0.8786839246749878,300,-1.2986348029226065,0.004833984375,4277.268156433105,1564.7603759765625,0.2,0.0022740671,,
2691,24,-1116.99360548,200.0,65536,32,0.0003,-0.0019601332576712595,1.6868114471435547e-05,0.8755490183830261,310,-1.2863020721822978,0.02158203125,4002.5622741699217,1849.86328125,0.2,0.0021800124,,
2692,25,-1107.80094385,200.0,67584,33,0.0003,-0.0014985815461841412,1.9609928131103516e-05,0.8993085026741028,320,-1.301206111162901,0.01748046875,2627.1855068206787,1290.171875,0.2,0.0034824642,,
2691,25,-1122.7394996300002,200.0,69632,34,0.0003,-0.0033220759956748224,1.4722347259521484e-05,0.9247745275497437,330,-1.3276008993387223,0.03984375,2452.5770763397218,932.5734252929688,0.2,0.0036663853,,
2693,26,-1117.9357647299998,200.0,71680,35,0.0003,-0.001732660947891418,1.0251998901367188e-05,0.9112740755081177,340,-1.3333974950015546,0.020654296875,3177.5386375427247,1279.449462890625,0.2,0.0026301104,,
2691,27,-1107.2307311200002,200.0,73728,36,0.0003,-0.0030169904028298335,1.0728836059570312e-05,0.9034563899040222,350,-1.3220905043184756,0.0353515625,2307.290143203735,1198.895263671875,0.2,0.0043532094,,
,,,,75000,,0.0003,-0.004008519764465745,7.569789886474609e-06,0.889589786529541,360,-1.3076630704104901,0.053759765625,2794.962573623657,1297.065185546875,0.2,0.0054004653,200.0,-1045.3099068984388
2679,28,-1095.09294202,200.0,75776,37,,,,,,,,,,,,,
2679,29,-1093.89038588,200.0,77824,38,0.0003,-0.0015529373835306616,6.616115570068359e-06,0.9001433849334717,370,-1.3103085957467555,0.02197265625,2031.2597854614257,900.0411376953125,0.2,0.003611942,,
2681,29,-1083.57648167,200.0,79872,39,0.0003,-0.001927476296259556,6.4373016357421875e-06,0.9146493673324585,380,-1.321227127686143,0.02919921875,2550.9392570495606,972.4048461914062,0.2,0.004085201,,
2680,30,-1082.90034442,200.0,81920,40,0.0003,-0.0014403654036868828,4.76837158203125e-06,0.9304399490356445,390,-1.3369890339672565,0.02451171875,2433.9676628112793,1097.374267578125,0.2,0.003449732,,
2676,31,-1066.12191418,200.0,83968,41,0.0003,-0.0007344720725086518,4.172325134277344e-06,0.9242690801620483,400,-1.3439567252993583,0.01201171875,2493.6276554107667,1144.0361328125,0.2,0.0012680911,,
2669,32,-1075.96144548,200.0,86016,42,0.0003,-0.0022877296767546797,4.172325134277344e-06,0.9092720746994019,410,-1.3325696725398302,0.020458984375,1894.502825164795,950.0274047851562,0.2,0.003564102,,
2666,33,-1076.7137917200002,200.0,88064,43,0.0003,-0.0035623054092866367,2.9206275939941406e-06,0.9040586948394775,420,-1.3198843147605657,0.053857421875,2152.5605499267576,753.0968017578125,0.2,0.0047558155,,
2666,33,-1077.15385496,200.0,90112,44,0.0003,-0.0034323345520533622,2.086162567138672e-06,0.9079704284667969,430,-1.320270113646984,0.051416015625,2038.0063358306884,741.928955078125,0.2,0.0036630505,,
2664,34,-1080.5377776799999,200.0,92160,45,0.0003,-0.003881046251626685,2.5033950805664062e-06,0.9115768671035767,440,-1.3246662463992833,0.035009765625,1929.7529426574706,774.3825073242188,0.2,0.0036126517,,
2661,35,-1074.6711005,200.0,94208,46,0.0003,-0.001726773622795008,2.3245811462402344e-06,0.9064422845840454,450,-1.3245375845581293,0.029541015625,2045.2252704620362,910.9842529296875,0.2,0.004509307,,
2654,36,-1072.41805511,200.0,96256,47,0.0003,-0.0021258643464534543,2.5033950805664062e-06,0.8850170373916626,460,-1.3087309908121825,0.034619140625,1547.097838973999,713.2359008789062,0.2,0.00427532,,
2649,37,-1074.7934470300002,200.0,98304,48,0.0003,-0.005591626919340342,2.7418136596679688e-06,0.8862452507019043,470,-1.2957332395017147,0.068505859375,1296.4615514755249,732.8910522460938,0.2,0.0062481724,,
,,,,100000,,0.0003,-0.002917140866338741,2.1457672119140625e-06,0.9073899388313293,480,-1.30998093187809,0.042236328125,1575.9038848876953,816.3875732421875,0.2,0.005107905,200.0,-855.7638065297157
2633,38,-1066.41157268,200.0,100352,49,,,,,,,,,,,,,
2631,38,-1058.41942621,200.0,102400,50,0.0003,-0.0043498329818248745,1.7285346984863281e-06,0.8789036870002747,490,-1.3047059707343578,0.0421875,1409.2666063308716,630.8320922851562,0.2,0.0042333216,,
2632,39,-1046.7382115699997,200.0,104448,51,0.0003,-0.002431591921776999,1.6093254089355469e-06,0.8600573539733887,500,-1.2772428095340729,0.0244140625,1304.5859481811524,690.8154907226562,0.2,0.0029240781,,
2632,40,-1045.78229287,200.0,106496,52,0.0003,-0.0014279737937613391,1.6689300537109375e-06,0.8534550666809082,510,-1.2633950915187597,0.02890625,1070.7567525863647,440.5594177246094,0.2,0.0027931887,,
2633,41,-1032.38077482,200.0,108544,53,0.0003,-0.004082925099646672,1.430511474609375e-06,0.846196174621582,520,-1.25780414827168,0.046484375,1078.2931507110595,515.9345703125,0.2,0.004364809,,
2633,42,-1027.21768711,200.0,110592,54,0.0003,-0.0005618110721115954,1.4901161193847656e-06,0.8567943572998047,530,-1.2585628364235162,0.018310546875,1051.7790227890014,575.925537109375,0.2,0.0039712014,,
2634,42,-1016.6157342800001,200.0,112640,55,0.0003,-0.0010997176650562324,1.430511474609375e-06,0.8597198128700256,540,-1.2667537253350019,0.01591796875,984.1425231933594,489.8670654296875,0.2,0.0024305326,,
2633,43,-1010.7539628,200.0,114688,56,0.0003,-0.0017050841910531745,2.1457672119140625e-06,0.8639740347862244,550,-1.2693752024322749,0.03681640625,895.2230325698853,324.9485778808594,0.2,0.004271319,,
2635,44,-1008.2095694200001,200.0,116736,57,0.0003,-0.0013279539212817325,2.205371856689453e-06,0.8550592660903931,560,-1.2664780009537935,0.046044921875,1022.4588459014892,495.1808776855469,0.2,0.005042857,,
2634,45,-991.9414566899999,200.0,118784,58,0.0003,-0.002886403641605284,2.5033950805664062e-06,0.8523120284080505,570,-1.26026711165905,0.039599609375,808.645783996582,410.4327697753906,0.2,0.0038291207,,
2635,45,-982.6524241200001,200.0,120832,59,0.0003,0.00020619304850697518,2.205371856689453e-06,0.8523815274238586,580,-1.257803139463067,0.0708984375,621.281283569336,311.398681640625,0.2,0.005467045,,
2634,46,-975.8120749699999,200.0,122880,60,0.0003,-0.0005619271396426484,1.9550323486328125e-05,0.847690761089325,590,-1.2557805370539428,0.01982421875,702.8386244773865,291.1687316894531,0.2,0.0021620807,,
2635,47,-971.4146734300001,200.0,124928,61,0.0003,-0.003913192782056285,0.19056177139282227,0.8454158306121826,600,-1.2523956559598446,0.048779296875,621.829818534851,345.4902038574219,0.2,0.0073865573,,
,,,,125000,,0.0003,-0.002820491105376277,0.23638904094696045,0.8414431214332581,610,-1.2485822182148696,0.053564453125,503.135569190979,222.50064086914062,0.2,0.0055347933,200.0,-953.9164527341724
2628,48,-969.68619258,200.0,126976,62,,,,,,,,,,,,,
2628,49,-970.1948992999999,200.0,129024,63,0.0003,-0.001764306657423731,0.30149418115615845,0.8343691825866699,620,-1.241474002227187,0.02626953125,566.4780037879943,308.9107971191406,0.2,0.0046565086,,
2629,49,-956.28247342,200.0,131072,64,0.0003,-0.0025299719054601155,0.23069608211517334,0.8208860158920288,630,-1.2295535828918218,0.035205078125,800.2419423103332,462.825927734375,0.2,0.0059059625,,
2629,50,-953.35286384,200.0,133120,65,0.0003,-0.0020985258583095857,0.2914196252822876,0.8143778443336487,640,-1.218151530623436,0.03662109375,501.83183069229125,238.01715087890625,0.2,0.002614109,,
2630,51,-953.8054182899999,200.0,135168,66,0.0003,-0.003916328071500175,0.3219650983810425,0.8283324837684631,650,-1.22216465100646,0.077490234375,512.0300971031189,227.84474182128906,0.2,0.007273238,,
2631,52,-942.36844266,200.0,137216,67,0.0003,-0.00044111878232797606,0.3825511336326599,0.8310562372207642,660,-1.2328181818127633,0.023828125,526.2954395294189,136.75161743164062,0.2,0.0024701622,,
2632,52,-948.3422232899997,200.0,139264,68,0.0003,-0.001815211273788009,0.5441628694534302,0.8132121562957764,670,-1.2227134361863137,0.02822265625,300.0203854560852,93.56818389892578,0.2,0.0033281567,,
2631,53,-954.8190489499998,200.0,141312,69,0.0003,-0.0029443755964166487,0.6095497608184814,0.8149810433387756,680,-1.2136098712682724,0.04375,498.05587406158446,254.77996826171875,0.2,0.0031762868,,
2633,54,-955.8392876300001,200.0,143360,70,0.0003,-0.003755217944853939,0.6494394540786743,0.8093490600585938,690,-1.2116167645901441,0.04951171875,557.5994799613952,230.2425537109375,0.2,0.0043076086,,
2633,55,-958.8041490300001,200.0,145408,71,0.0003,-0.00461847688711714,0.7226009964942932,0.8013550639152527,700,-1.2020509961992503,0.05869140625,466.4038691520691,145.88864135742188,0.2,0.0055636745,,
2634,55,-961.1662574399999,200.0,147456,72,0.0003,-0.006391487101791426,0.7732424736022949,0.7944113612174988,710,-1.1929019998759032,0.071435546875,260.99897637367246,134.04641723632812,0.2,0.0062794397,,
2635,56,-975.0782855000001,200.0,149504,73,0.0003,-0.002482204855186865,0.6527823209762573,0.7819252014160156,720,-1.181122886016965,0.03662109375,405.04189386367796,148.18760681152344,0.2,0.003067539,,
,,,,150000,,0.0003,-0.006941861023369711,0.6372383832931519,0.7728270292282104,730,-1.1678318537771701,0.08203125,451.9695789337158,260.07073974609375,0.2,0.00680447,200.0,-992.0940369725228
2629,57,-976.32638719,200.0,151552,74,,,,,,,,,,,,,
2629,58,-978.48406938,200.0,153600,75,0.0003,-0.005564051153487526,0.5838190317153931,0.7798423171043396,740,-1.1665370922535658,0.07919921875,403.96611471176146,101.8597640991211,0.2,0.006795993,,
2630,59,-974.1660900699999,200.0,155648,76,0.0003,-0.003820656199241057,0.6648096442222595,0.7816731929779053,750,-1.1729226887226105,0.06904296875,320.93707609176636,104.4900894165039,0.2,0.006892094,,
2630,59,-988.9841281700001,200.0,157696,77,0.0003,-0.0035093846963718534,0.6211850643157959,0.7747043967247009,760,-1.167950401827693,0.05078125,307.83764424324033,135.05677795410156,0.2,0.0022254507,,
2631,60,-988.4921464199999,200.0,159744,78,0.0003,-0.0034009076189249754,0.7106646299362183,0.7692533135414124,770,-1.1600822430104016,0.0548828125,342.9032605648041,156.90809631347656,0.2,0.0057041803,,
2632,61,-985.08248937,200.0,161792,79,0.0003,-0.002008360478794202,0.7093081474304199,0.7750129103660583,780,-1.158938417956233,0.02880859375,412.45485906600953,150.57386779785156,0.2,0.0033403267,,
2632,62,-990.0787145899999,200.0,163840,80,0.0003,-0.004271570345736109,0.7335911989212036,0.7754849195480347,790,-1.164816439151764,0.061181640625,400.01694746017455,233.93043518066406,0.2,0.005777702,,
2632,63,-988.6933947000001,200.0,165888,81,0.0003,-0.0031440609018318355,0.7894952893257141,0.778231143951416,800,-1.165480763465166,0.0427734375,250.37995071411132,77.33492279052734,0.2,0.0032248362,,
2633,63,-971.29638699,200.0,167936,82,0.0003,-0.0008316701161675156,0.7397109270095825,0.7802969217300415,810,-1.1693651486188172,0.020703125,310.57306864261625,145.39968872070312,0.2,0.0035451446,,
2633,64,-954.6383520200001,200.0,169984,83,0.0003,-0.0059260072652250525,0.8259474039077759,0.7658712863922119,820,-1.1604925338178873,0.076220703125,160.93572962284088,79.54031372070312,0.2,0.0064044185,,
2634,65,-948.6236541000002,200.0,172032,84,0.0003,-0.0034440327232005074,0.8009727001190186,0.7627012133598328,830,-1.1498684495687486,0.06064453125,160.1011669754982,104.76586151123047,0.2,0.005334289,,
2634,66,-945.8399304099999,200.0,174080,85,0.0003,-0.006002193581662141,0.8235401511192322,0.7662018537521362,840,-1.1504857957363128,0.0478515625,217.43182909488678,83.0670166015625,0.2,0.005346211,,
,,,,175000,,0.0003,-0.006973064802878071,0.8516420125961304,0.7624036073684692,850,-1.1505056332796813,0.0669921875,159.47310285568238,77.12984466552734,0.2,0.00531086,200.0,-823.1500831494108
2629,66,-926.74349457,200.0,176128,86,,,,,,,,,,,,,
2629,67,-909.3370879199999,200.0,178176,87,0.0003,-0.008064837444544537,0.829698383808136,0.7545853853225708,860,-1.142190045490861,0.083935546875,242.20528540611267,120.11711883544922,0.2,0.006717445,,
2631,68,-889.5961620300001,200.0,180224,88,0.0003,-0.004179146257229149,0.8621976375579834,0.740529477596283,870,-1.1268952317535876,0.05791015625,137.30552651882172,75.782470703125,0.2,0.005462503,,
2631,69,-869.0016976399999,200.0,182272,89,0.0003,-0.006108448216400575,0.8452968597412109,0.730599045753479,880,-1.110669757425785,0.056201171875,199.29078509807587,82.58134460449219,0.2,0.0065831365,,
2631,70,-842.61454393,200.0,184320,90,0.0003,-0.005994578715763055,0.8562659621238708,0.72227942943573,890,-1.0994692772626877,0.065234375,224.2514358282089,111.14535522460938,0.2,0.0065347045,,
2631,70,-809.39710087,200.0,186368,91,0.0003,-0.008407448288198793,0.8854695558547974,0.7161200046539307,900,-1.0889416884630918,0.073193359375,280.32960896492006,113.60102081298828,0.2,0.008458257,,
2631,71,-780.9272036300001,200.0,188416,92,0.0003,-0.008741364665911532,0.8757622838020325,0.705419659614563,910,-1.076477076858282,0.0705078125,303.69078998565675,128.90472412109375,0.2,0.006383459,,
2629,72,-751.1869133200001,200.0,190464,93,0.0003,-0.004545139087713324,0.8641735315322876,0.7003024816513062,920,-1.0669825684279204,0.034912109375,375.9532762527466,109.29915618896484,0.2,0.005984453,,
2630,73,-711.6606953300001,200.0,192512,94,0.0003,-0.009342413424747065,0.8921225070953369,0.6912329196929932,930,-1.0557860732078552,0.078173828125,388.92013664245604,173.1245880126953,0.2,0.006947919,,
2629,73,-661.22833407,200.0,194560,95,0.0003,-0.008492003481660505,0.8766032457351685,0.6755360960960388,940,-1.0373209722340107,0.0806640625,534.0743403434753,275.3817138671875,0.2,0.0070208623,,
2628,74,-617.86774361,200.0,196608,96,0.0003,-0.005490162838395918,0.9200165867805481,0.6654858589172363,950,-1.0189220819622278,0.052783203125,369.69008626937864,171.4659881591797,0.2,0.0069553545,,
2629,75,-565.06380782,200.0,198656,97,0.0003,-0.003817781250108965,0.9543594121932983,0.6615409851074219,960,-1.0073375027626752,0.050341796875,322.4349960565567,77.93416595458984,0.2,0.005883399,,
,,,,200000,,0.0003,-0.008397634585708146,0.9555449485778809,0.6529673933982849,970,-0.9988895662128925,0.05732421875,304.8480314731598,77.22559356689453,0.2,0.004055946,200.0,-246.7865992448591
2623,76,-531.76342626,200.0,200704,98,,,,,,,,,,,,,
2621,77,-496.1469017900001,200.0,202752,99,0.0003,-0.0045966119796503335,0.97076815366745,0.6535284519195557,980,-0.9922784293070436,0.102099609375,283.60742795467377,101.11409759521484,0.2,0.006691738,,
2619,78,-452.71903520000006,200.0,204800,100,0.0003,-0.004365575654082932,0.9232994318008423,0.6384497284889221,990,-0.982620190270245,0.054541015625,373.98092765808104,140.22926330566406,0.2,0.004773817,,
2619,78,-426.97554063999996,200.0,206848,101,0.0003,-0.004259207590803271,0.9625160098075867,0.6374803185462952,1000,-0.9690698143094778,0.050830078125,306.58868820667266,85.2288589477539,0.2,0.0045833173,,
2617,79,-397.87239389,200.0,208896,102,0.0003,-0.0022223279360332527,0.9661213159561157,0.6515725255012512,1010,-0.9798888958990574,0.035009765625,233.00093853473663,53.291465759277344,0.2,0.0041728364,,
2615,80,-368.92850374,200.0,210944,103,0.0003,-0.0007234805962070823,0.924938976764679,0.6426690816879272,1020,-0.9829247105866671,0.054296875,331.56666123867035,205.31260681152344,0.2,0.0037347309,,
2613,81,-353.82732982,200.0,212992,104,0.0003,-0.004758770910120802,0.9431979060173035,0.641767680644989,1030,-0.9753662263974547,0.04853515625,386.1050263643265,150.67422485351562,0.2,0.004206451,,
2613,82,-343.8694577500001,200.0,215040,105,0.0003,-0.0021576171871856785,0.964474081993103,0.6403730511665344,1040,-0.9725781852379441,0.05478515625,175.42376296520234,128.261474609375,0.2,0.007561575,,
2612,83,-343.23452382000005,200.0,217088,106,0.0003,-0.005560578592849197,0.974409282207489,0.639013409614563,1050,-0.9726173542439938,0.081982421875,108.93567124605178,55.47441864013672,0.2,0.0083310995,,
2611,83,-324.55508274,200.0,219136,107,0.0003,-0.00425019158719806,0.9663126468658447,0.6404832005500793,1060,-0.9719442574307322,0.037158203125,155.6522978901863,63.188270568847656,0.2,0.00502735,,
2610,84,-316.50669669,200.0,221184,108,0.0003,-0.003498339999350719,0.9797982573509216,0.6541607975959778,1070,-0.9843228803947568,0.11748046875,37.89150746613741,6.365375518798828,0.2,0.010894777,,
2610,85,-346.6178117000001,200.0,223232,109,0.0003,-0.0015436381865583826,0.9181953072547913,0.6479800939559937,1080,-0.9907049030065537,0.059423828125,240.28115463256836,55.45756912231445,0.2,0.006765616,,
,,,,225000,,0.0003,-0.003995639817730989,0.8518631458282471,0.6472089290618896,1090,-0.984280763566494,0.0337890625,692.3313937187195,270.1727600097656,0.2,0.0030988404,200.0,-313.04109592981183
2606,86,-349.44328606999994,200.0,225280,110,,,,,,,,,,,,,
2606,87,-349.51607258,200.0,227328,111,0.0003,-0.003210400143871084,0.8810544013977051,0.6521422863006592,1100,-0.9873089496046304,0.027880859375,653.1895551204682,269.62921142578125,0.2,0.0029439398,,
2606,88,-346.22902517999995,200.0,229376,112,0.0003,-0.00484924940392375,0.9397613406181335,0.6496841311454773,1110,-0.9895198598504067,0.034765625,460.18609800338743,111.14149475097656,0.2,0.002803841,,
2606,88,-347.29358439000004,200.0,231424,113,0.0003,-0.00840372865422978,0.9406608939170837,0.6520862579345703,1120,-0.989760865457356,0.1197265625,241.5106097996235,159.07469177246094,0.2,0.008804759,,
2606,89,-332.55426485,200.0,233472,114,0.0003,-0.007188350729120429,0.9241297841072083,0.6556996703147888,1130,-0.9934270797297359,0.052001953125,406.5160677433014,126.58594512939453,0.2,0.004625326,,
2607,90,-332.5676667700001,200.0,235520,115,0.0003,-0.0003391948783246335,0.9479102492332458,0.6453067660331726,1140,-0.9887388858944177,0.055126953125,95.7459067851305,24.794252395629883,0.2,0.0046383385,,
2607,91,-318.82494647,200.0,237568,116,0.0003,-0.0029457103519234806,0.9768865704536438,0.6293807625770569,1150,-0.9697375446557999,0.059765625,70.54955213069915,17.248655319213867,0.2,0.004758848,,
2607,91,-318.75457872,200.0,239616,117,0.0003,-0.0008828321195323951,0.9577968716621399,0.6049773097038269,1160,-0.93774602599442,0.05087890625,30.407617803290485,10.366500854492188,0.2,0.005350179,,
2607,92,-285.99892038999997,200.0,241664,118,0.0003,-0.0032025263186369556,0.9836050868034363,0.6001734137535095,1170,-0.9136943716555834,0.037841796875,63.04370690435171,17.607656478881836,0.2,0.004566162,,
2607,93,-270.9508417,200.0,243712,119,0.0003,-0.0018889839811890852,0.9827598929405212,0.5913265943527222,1180,-0.9001110084354877,0.098486328125,15.732700470089913,1.3418787717819214,0.2,0.011436613,,
2607,94,-244.24929028999998,200.0,245760,120,0.0003,-0.0018040190523606725,0.9885653853416443,0.5779223442077637,1190,-0.8813227759674191,0.0525390625,32.10263309031725,5.334346294403076,0.2,0.007553666,,
2608,95,-237.4402436,200.0,247808,121,0.0003,-0.003077100195514504,0.9927467703819275,0.5473091006278992,1200,-0.8396438624709844,0.0970703125,7.1537265662103895,1.3915679454803467,0.2,0.020668423,,
2608,95,-236.08428504999995,200.0,249856,122,0.0003,-0.006038434240326751,0.9880732893943787,0.5413799285888672,1210,-0.8115295259281993,0.061279296875,24.231380312517285,6.225276470184326,0.2,0.004752404,,
,,,,250000,,0.0003,-0.0035158173413947225,0.9897114634513855,0.5321779251098633,1220,-0.7977459752932191,0.066015625,20.473591227829456,7.2971320152282715,0.2,0.010589153,200.0,-160.93093526536103
2604,96,-221.65795154,200.0,251904,123,,,,,,,,,,,,,
2604,97,-223.09802238000003,200.0,253952,124,0.0003,-0.00605077361651638,0.9929364323616028,0.5227678418159485,1230,-0.7786583358421921,0.0623046875,20.33020442314446,8.43708324432373,0.2,0.0051694214,,
2605,98,-215.87785345,200.0,256000,125,0.0003,0.002272538536635693,0.9937868118286133,0.5198824405670166,1240,-0.7680192876607179,0.065478515625,20.835277227312325,5.844691276550293,0.2,0.004762223,,
2605,99,-216.93003023,200.0,258048,126,0.0003,4.241040369379334e-05,0.9932639002799988,0.5204799771308899,1250,-0.7648034350946545,0.147900390625,8.99324223450385,0.73882657289505,0.2,0.01100124,,
2605,99,-212.37382826,200.0,260096,127,0.0003,-0.003477728228608612,0.9920499324798584,0.5225978493690491,1260,-0.7690896555781365,0.06787109375,12.98327403590083,4.5601301193237305,0.2,0.0038788398,,
2606,100,-215.48672789,200.0,262144,128,0.0003,-0.0010287862227414736,0.992359459400177,0.5258806943893433,1270,-0.7724921336397529,0.09296875,7.700146129727363,2.575593948364258,0.2,0.009291492,,
2606,101,-209.67747155,200.0,264192,129,0.0003,-0.004377469734754414,0.9794826507568359,0.5294759273529053,1280,-0.7804599175229668,0.088818359375,25.21385407857597,5.7548651695251465,0.2,0.0077539654,,
2606,102,-209.5927871,200.0,266240,130,0.0003,-0.0027208508996409363,0.9812339544296265,0.5235150456428528,1290,-0.7782059643417597,0.08857421875,30.14927149116993,12.27470874786377,0.2,0.0049585076,,
2606,102,-208.33282047999998,200.0,268288,131,0.0003,-0.0035747197209275326,0.9903709888458252,0.5176219940185547,1300,-0.7656342910602689,0.0615234375,27.144341885671018,10.606734275817871,0.2,0.0028786033,,
2606,103,-202.72287913999997,200.0,270336,132,0.0003,-0.002946954702929361,0.9906892776489258,0.5259613394737244,1310,-0.7689972721040249,0.0859375,9.197922036796808,2.0413315296173096,0.2,0.0070919762,,
2607,104,-201.63602275000002,200.0,272384,133,0.0003,0.0008677049467223696,0.9891177415847778,0.5221239328384399,1320,-0.7730457047000527,0.071240234375,17.729947549849747,4.044467926025391,0.2,0.0060896715,,
2607,105,-195.01942221999997,200.0,274432,134,0.0003,0.0006014678947394714,0.9900732636451721,0.5073047280311584,1330,-0.7539832258597017,0.07158203125,5.589834977686405,0.7092354893684387,0.2,0.006041495,,
,,,,275000,,0.0003,0.0012032879712933209,0.9926053285598755,0.4973796308040619,1340,-0.7295699561014771,0.0974609375,6.12588205896318,1.9954017400741577,0.2,0.011103487,200.0,-161.58622941643117
2604,106,-196.31090764999996,200.0,276480,135,,,,,,,,,,,,,
2604,106,-200.03659843999995,200.0,278528,136,0.0003,-0.0026811150266439652,0.9882460236549377,0.4967353641986847,1350,-0.7212736235931516,0.075048828125,17.451380475610495,5.438011646270752,0.2,0.008078218,,
2605,107,-216.05656407999996,200.0,280576,137,0.0003,-0.001957751339068636,0.871206521987915,0.4974464178085327,1360,-0.71950211096555,0.02705078125,124.26663527190685,31.003080368041992,0.2,0.0053058323,,
2605,108,-219.62247851999993,200.0,282624,138,0.0003,-0.0038551467790966854,0.8965158462524414,0.5000235438346863,1370,-0.7228137502446771,0.031982421875,247.82289929389952,91.21721649169922,0.2,0.0052601793,,
2605,109,-219.27440767,200.0,284672,139,0.0003,-0.004941671640699497,0.9678775072097778,0.500862717628479,1380,-0.7270207595080137,0.04345703125,81.24836042523384,21.926725387573242,0.2,0.0095238015,,
2605,110,-214.96691430000007,200.0,286720,140,0.0003,-0.002305766587960534,0.9479161500930786,0.4996602237224579,1390,-0.7265061685815454,0.084912109375,75.72520704716445,33.49907302856445,0.2,0.0067554805,,
2605,110,-212.49318948,200.0,288768,141,0.0003,-0.0011095285532064735,0.9405666589736938,0.49321871995925903,1400,-0.7202831016853452,0.0466796875,45.70169179365039,9.832036972045898,0.2,0.0066596265,,
2605,111,-215.30634936,200.0,290816,142,0.0003,-0.0001385012896207627,0.9887485504150391,0.48643314838409424,1410,-0.7037932842969894,0.135205078125,8.315051017515362,1.0139415264129639,0.2,0.0065951003,,
2606,112,-216.51711904000004,200.0,292864,143,0.0003,0.00025128376146312805,0.9954825639724731,0.4815678298473358,1420,-0.6911283945664763,0.057421875,6.044236456602812,0.6534469723701477,0.2,0.0054954896,,
2606,113,-215.90254890999998,200.0,294912,144,0.0003,-0.0005515458244190086,0.9675561785697937,0.4781208038330078,1430,-0.684316347911954,0.057080078125,44.02619041129947,9.530609130859375,0.2,0.008158248,,
2606,113,-218.03372701,200.0,296960,145,0.0003,0.0004128803440835327,0.9860206246376038,0.45921996235847473,1440,-0.6631357470527292,0.12109375,8.212403643131257,1.0510942935943604,0.2,0.011589969,,
2607,114,-200.98314191,200.0,299008,146,0.0003,0.003515888183028437,0.9900985360145569,0.46167227625846863,1450,-0.6429432684555649,0.125390625,3.589278449350968,0.19852052628993988,0.2,0.011610306,,
,,,,300000,,0.0003,0.0020620005496311935,0.9956059455871582,0.4399745762348175,1460,-0.6222992012277245,0.139599609375,2.7344226009212433,0.8661258816719055,0.2,0.011968153,200.0,-127.76763388701366
2604,115,-195.74550878,200.0,301056,147,,,,,,,,,,,,,
2604,116,-219.75600355000006,200.0,303104,148,0.0003,-0.0008109990711091086,0.8511847257614136,0.4394124150276184,1470,-0.5958243198692799,0.02646484375,229.11043035537006,70.06483459472656,0.2,0.002980332,,
2604,117,-230.33363508,200.0,305152,149,0.0003,-0.003315616714826319,0.8889829516410828,0.4399203062057495,1480,-0.5969584202393889,0.033837890625,491.7835458278656,330.58782958984375,0.2,0.0029708324,,
2605,117,-248.30401885999999,200.0,307200,150,0.0003,-0.0003526029351633042,0.9407458305358887,0.44117021560668945,1490,-0.5994321959093213,0.0123046875,389.91392488479613,72.02937316894531,0.2,0.0019537527,,
2605,118,-252.63348921000005,200.0,309248,151,0.0003,-0.004139180891797878,0.9530149698257446,0.4447982907295227,1500,-0.6042412335053087,0.030517578125,392.41869148015974,89.48638153076172,0.2,0.0028865729,,
2605,119,-251.59607749,200.0,311296,152,0.0003,-0.0015898496192676248,0.9220439195632935,0.4434868097305298,1510,-0.6074916325509548,0.014404296875,500.67601091861724,135.12998962402344,0.2,0.0028760452,,
2605,120,-242.17141776,200.0,313344,153,0.0003,-0.0015282920212484896,0.9150014519691467,0.4426998496055603,1520,-0.6054057942703366,0.01533203125,196.6884500861168,26.96148681640625,0.2,0.0027197646,,
2605,121,-245.04995780000002,200.0,315392,154,0.0003,0.005266651076817652,0.9462425708770752,0.4450441300868988,1530,-0.6058217596262694,0.15712890625,22.131871621217577,0.7307613492012024,0.2,0.016215203,,
2605,121,-258.57152304,200.0,317440,155,0.0003,0.0006008955650031566,0.98102205991745,0.4462336301803589,1540,-0.6102368908002973,0.08779296875,17.89363376237452,0.7622116804122925,0.2,0.0050415667,,
2606,122,-269.20556855,200.0,319488,156,0.0003,0.0015127925536944531,0.9803732633590698,0.44330012798309326,1550,-0.6087151166051626,0.074462890625,22.92983467876911,6.663986682891846,0.2,0.010476477,,
2606,123,-266.90921115000003,200.0,321536,157,0.0003,-0.002385817551112268,0.9464783072471619,0.44100433588027954,1560,-0.6026564160361886,0.03525390625,83.44116506278515,32.185787200927734,0.2,0.0032539284,,
2606,124,-252.99725591000004,200.0,323584,158,0.0003,-0.0013332759044715203,0.9856235384941101,0.43742552399635315,1570,-0.5965229844674468,0.07705078125,15.706627902388572,5.193960666656494,0.2,0.009047301,,
,,,,325000,,0.0003,-0.004351833305554465,0.8237367272377014,0.4358050227165222,1580,-0.5902652993798256,0.026123046875,437.7901475310326,54.740928649902344,0.2,0.003055368,200.0,-130.7630290658679
2603,125,-252.65671634000003,200.0,325632,159,,,,,,,,,,,,,
2604,125,-229.80555677999996,200.0,327680,160,0.0003,-0.0003182723361533135,0.9738457798957825,0.4421941041946411,1590,-0.5939432809129357,0.119873046875,24.96608523130417,4.972557544708252,0.2,0.017346848,,
2604,126,-226.25363649,200.0,329728,161,0.0003,0.008501406986033544,0.9844430088996887,0.4411998391151428,1600,-0.5991896830499173,0.151220703125,8.256307517131791,1.1556545495986938,0.2,0.009967345,,
2604,127,-221.10514796000004,200.0,331776,162,0.0003,-0.0004551253208774142,0.9699795246124268,0.4474731385707855,1610,-0.6061624880880118,0.08916015625,4.994282589107752,0.6597515940666199,0.2,0.012487171,,
2605,128,-233.84422813999998,200.0,333824,163,0.0003,-0.00012239554489497096,0.984203040599823,0.4403589367866516,1620,-0.6031360117718577,0.159814453125,4.074245412182063,0.3963942527770996,0.2,0.044256993,,
2605,128,-226.06931916000002,200.0,335872,164,0.0003,0.007653086165373679,0.9011892080307007,0.44069886207580566,1630,-0.6000486142933369,0.1525390625,108.2908094868064,32.91977310180664,0.2,0.0016923784,,
2605,129,-218.36563898999998,200.0,337920,165,0.0003,-0.0035046319688262885,0.964653491973877,0.44215407967567444,1640,-0.6006309393793344,0.059228515625,23.11254844162613,11.111048698425293,0.2,0.006580194,,
2606,130,-228.73783256999997,200.0,339968,166,0.0003,-0.001933654171443777,0.9765353202819824,0.43943947553634644,1650,-0.6005163799971343,0.058544921875,41.22523170262575,4.03090238571167,0.2,0.006100614,,
2606,131,-215.11613515000005,200.0,342016,167,0.0003,-0.007299320731544867,0.8768559694290161,0.4392819106578827,1660,-0.5963801627978682,0.050634765625,374.5303643941879,143.74334716796875,0.2,0.004653278,,
2606,132,-206.63663417,200.0,344064,168,0.0003,0.00490566561347805,0.9676991701126099,0.4423321783542633,1670,-0.5981659848242998,0.177099609375,8.129637084621937,0.7416539788246155,0.2,0.024904564,,
2606,132,-207.05205153999998,200.0,346112,169,0.0003,-0.002864735778348404,0.9806499481201172,0.4442041218280792,1680,-0.6053936045616866,0.08955078125,16.325390747375785,5.68431282043457,0.2,0.010992229,,
2606,133,-201.13446659999997,200.0,348160,170,0.0003,0.0009423190669622273,0.9943268895149231,0.4381007254123688,1690,-0.6017884640023112,0.06650390625,12.395506887044757,4.247082710266113,0.2,0.008558368,,
,,,,350000,,0.0003,0.00476817228627624,0.9923544526100159,0.4375823438167572,1700,-0.58898984529078,0.12685546875,4.398154425341636,1.7937594652175903,0.2,0.017840892,200.0,-134.43897189504932
2604,134,-199.65870632999994,200.0,350208,171,,,,,,,,,,,,,
2604,135,-203.08188515999996,200.0,352256,172,0.0003,0.00323771680923528,0.9854135513305664,0.43877166509628296,1710,-0.5963050076738,0.09306640625,3.898801143374294,1.296697735786438,0.2,0.01120914,,
2605,136,-196.69034058999998,200.0,354304,173,0.0003,-0.0026347909319156316,0.9921820163726807,0.4400745630264282,1720,-0.5964330555871129,0.086962890625,10.068935607932508,9.170167922973633,0.2,0.016064964,,
2605,136,-196.01002291999993,200.0,356352,174,0.0003,0.00321385387214832,0.9891030192375183,0.43405023217201233,1730,-0.593087058328092,0.081884765625,4.6255482621490955,2.6482319831848145,0.2,0.0034989025,,
2605,137,-203.67958678999995,200.0,358400,175,0.0003,0.003725961251620902,0.9981688261032104,0.44082894921302795,1740,-0.5884621759876609,0.159423828125,1.1830627226270736,0.38359662890434265,0.2,0.0077145435,,
2605,138,-193.03316237,200.0,360448,176,0.0003,0.0083163241710281,0.9227718114852905,0.4422173798084259,1750,-0.602305724658072,0.091357421875,106.58477400243282,56.108768463134766,0.2,0.0028526906,,
2605,139,-194.6969480900001,200.0,362496,177,0.0003,-0.003956913773436099,0.9685027003288269,0.44190895557403564,1760,-0.6026347665116191,0.035693359375,103.34539721012115,34.82876205444336,0.2,0.0050465995,,
2605,139,-187.16824565,200.0,364544,178,0.0003,0.005177629612444434,0.975372850894928,0.44482898712158203,1770,-0.6053160835057497,0.14296875,3.754701514344197,0.5423348546028137,0.2,0.0064965226,,
2606,140,-181.71175576,200.0,366592,179,0.0003,-0.002587645642051939,0.9799407124519348,0.4459467828273773,1780,-0.6092335129156708,0.03623046875,21.359729148447514,9.767877578735352,0.2,0.006780315,,
2606,141,-181.55155977,200.0,368640,180,0.0003,-0.004841439281881322,0.9732547998428345,0.4442651569843292,1790,-0.6093436924740672,0.05771484375,23.170131904818117,14.977121353149414,0.2,0.0067744474,,
2607,142,-185.23242842000002,200.0,370688,181,0.0003,-0.00544744340586476,0.9821542501449585,0.4403844475746155,1800,-0.6042364276945591,0.090576171875,3.365161577984691,0.6394316554069519,0.2,0.010118076,,
2607,142,-199.86574037999998,200.0,372736,182,0.0003,-9.560836406308226e-05,0.9903687238693237,0.4385494589805603,1810,-0.5983389848843217,0.0646484375,14.11950060883537,8.821073532104492,0.2,0.0068481355,,
2607,143,-199.80249257,200.0,374784,183,0.0003,0.0004426864208653569,0.9707645773887634,0.44311484694480896,1820,-0.6001071352511644,0.01826171875,113.14841705858707,35.859554290771484,0.2,0.0029251263,,
,,,,375000,,0.0003,-0.0006222271753358654,0.9873975515365601,0.4404773712158203,1830,-0.6027927609160543,0.13232421875,5.648683708440513,0.356734037399292,0.2,0.008134752,200.0,-134.62156114238314
2604,144,-198.15827364999998,200.0,376832,184,,,,,,,,,,,,,
2605,145,-194.78864562000007,200.0,378880,185,0.0003,0.002539022927521728,0.995424747467041,0.4407501518726349,1840,-0.5988626182079315,0.13681640625,2.7537182211410256,0.7123015522956848,0.2,0.01894473,,
2605,146,-241.14538365,200.0,380928,186,0.0003,-0.0012607739306986332,0.9984747171401978,0.4337640106678009,1850,-0.5907149469479919,0.161083984375,0.8349998117191717,0.4632722735404968,0.2,0.015904376,,
2605,146,-251.92226876,200.0,382976,187,0.0003,0.003685195857542567,0.6982985734939575,0.4337053596973419,1860,-0.5832601595669985,0.080419921875,539.5025805234909,145.9084014892578,0.2,0.007401238,,
2606,147,-273.52895979,200.0,385024,188,0.0003,-0.004278546113346238,0.9385836124420166,0.4342784285545349,1870,-0.5842189775779844,0.0138671875,286.68308930397035,82.13219451904297,0.2,0.0029794315,,
2606,148,-278.81543862,200.0,387072,189,0.0003,-0.00839330017188331,0.9395315647125244,0.4345262348651886,1880,-0.5851305704563856,0.04345703125,466.01610312461855,360.6288146972656,0.2,0.0054176906,,
2606,149,-296.43375409,200.0,389120,190,0.0003,-0.005042016955849249,0.9390237331390381,0.4340323507785797,1890,-0.5850497674196958,0.021240234375,357.81723527908326,240.29212951660156,0.2,0.0041584997,,
2606,150,-298.52010966,200.0,391168,191,0.0003,-0.003295250379596837,0.9441744089126587,0.4336758852005005,1900,-0.5839675419032574,0.01611328125,205.3887895524502,71.08462524414062,0.2,0.005005976,,
2606,150,-272.2884928,200.0,393216,192,0.0003,-0.005000286467839033,0.9134271144866943,0.424735963344574,1910,-0.5752999894320965,0.02998046875,45.20051475092769,4.088158130645752,0.2,0.005942526,,
2605,151,-266.04803082,200.0,395264,193,0.0003,0.001777192014560569,0.9552279710769653,0.4234222173690796,1920,-0.5617773357778788,0.069580078125,11.477842920273542,1.2293305397033691,0.2,0.008818121,,
2606,152,-272.30984761999997,200.0,397312,194,0.0003,-0.0008161695921444334,0.9750260710716248,0.41782647371292114,1930,-0.552973616309464,0.091796875,18.01686678356491,0.7848527431488037,0.2,0.024444401,,
2605,153,-272.57850697,200.0,399360,195,0.0003,-0.00088212550181197,0.9909309148788452,0.41311946511268616,1940,-0.5412153050303459,0.159619140625,8.695566139055881,1.661989450454712,0.2,0.0111596845,,
,,,,400000,,0.0003,0.005102059744967846,0.9957322478294373,0.4125611484050751,1950,-0.5334296975284815,0.123291015625,2.2354095324408263,0.43760377168655396,0.2,0.01662191,200.0,-238.17582894628868
2602,154,-218.55924558999996,200.0,401408,196,,,,,,,,,,,,,
